avg degree: 15
Loaded attribute successfully!
Loaded dataset successfully!
simThreshold: 0
k: 3
query: 0
Construct Successful.
query: 1
Construct Successful.
query: 2
Construct Successful.
query: 3
Construct Successful.
query: 4
Construct Successful.
query: 5
Construct Successful.
query: 6
Construct Successful.
query: 7
Construct Successful.
query: 8
Construct Successful.
query: 9
Construct Successful.
query: 10
Construct Successful.
query: 11
Construct Successful.
query: 12
Construct Successful.
query: 13
Construct Successful.
query: 14
Construct Successful.
query: 15
Construct Successful.
query: 16
Construct Successful.
query: 17
Construct Successful.
query: 18
Construct Successful.
query: 19
Construct Successful.
query: 20
Construct Successful.
query: 21
Construct Successful.
query: 22
Construct Successful.
query: 23
Construct Successful.
query: 24
Construct Successful.
query: 25
Construct Successful.
query: 26
Construct Successful.
query: 27
Construct Successful.
query: 28
Construct Successful.
query: 29
Construct Successful.
query: 30
Construct Successful.
query: 31
Construct Successful.
query: 32
Construct Successful.
query: 33
Construct Successful.
query: 34
Construct Successful.
query: 35
Construct Successful.
query: 36
Construct Successful.
query: 37
Construct Successful.
query: 38
Construct Successful.
query: 39
Construct Successful.
query: 40
Construct Successful.
query: 41
Construct Successful.
query: 42
Construct Successful.
query: 43
Construct Successful.
query: 44
Construct Successful.
query: 45
Construct Successful.
query: 46
Construct Successful.
rel: 1 k: 5 rho: 2.22285 maxRV: 0, 1, 2, 3, 4, 5, 6, 7, 
rel: 1 k: 4 rho: 3.00578 maxRV: 0, 1, 2, 3, 4, 5, 6, 7, 16, 17, 
rel: 1 k: 3 rho: 8.02655 maxRV: 0, 1, 2, 3, 4, 5, 6, 7, 16, 17, 26, 27, 28, 31, 32, 33, 34, 35, 43, 44, 45, 49, 50, 51, 
rel: 1 k: 3 rho: 8.02655 maxRV: 146, 157, 214, 229, 231, 246, 253, 317, 344, 853, 970, 1093, 3036, 3038, 3181, 3256, 3805, 3946, 6735, 6746, 6758, 6861, 6879, 7222, 
rel: 1 k: 4 rho: 3.00578 maxRV: 146, 157, 214, 231, 246, 253, 1093, 3038, 3181, 6735, 
rel: 1 k: 5 rho: 2.22285 maxRV: 146, 214, 231, 246, 253, 1093, 3038, 6735, 
rel: 1 k: 3 rho: 8.02655 maxRV: 146, 157, 214, 229, 231, 246, 253, 317, 344, 853, 970, 1093, 3036, 3038, 3181, 3256, 3805, 3946, 6735, 6746, 6758, 6861, 6879, 7222, 
rel: 1 k: 4 rho: 3.00578 maxRV: 146, 157, 214, 231, 246, 253, 1093, 3038, 3181, 6735, 
rel: 1 k: 5 rho: 2.22285 maxRV: 146, 214, 231, 246, 253, 1093, 3038, 6735, 
query: 47
Construct Successful.
query: 48
Construct Successful.
query: 49
Construct Successful.
query: 50
Construct Successful.
query: 51
Construct Successful.
rel: 1 k: 18 rho: 7.9304 maxRV: 0, 1, 2, 3, 4, 5, 6, 7, 8, 9, 10, 11, 12, 13, 14, 15, 16, 17, 18, 19, 20, 21, 22, 23, 
rel: 1 k: 17 rho: 8.02623 maxRV: 0, 1, 2, 3, 4, 5, 6, 7, 8, 9, 10, 11, 12, 13, 14, 15, 16, 17, 18, 19, 20, 21, 22, 23, 24, 
rel: 1 k: 16 rho: 14.9038 maxRV: 0, 1, 2, 3, 4, 5, 6, 7, 8, 9, 10, 11, 12, 13, 14, 15, 16, 17, 18, 19, 20, 21, 22, 23, 24, 25, 26, 27, 28, 29, 30, 31, 32, 33, 34, 35, 36, 37, 38, 39, 40, 41, 42, 43, 44, 45, 
rel: 1 k: 15 rho: 16.2294 maxRV: 0, 1, 2, 3, 4, 5, 6, 7, 8, 9, 10, 11, 12, 13, 14, 15, 16, 17, 18, 19, 20, 21, 22, 23, 24, 25, 26, 27, 28, 29, 30, 31, 32, 33, 34, 35, 36, 37, 38, 39, 40, 41, 42, 43, 44, 45, 46, 47, 48, 
rel: 1 k: 14 rho: 17.6179 maxRV: 0, 1, 2, 3, 4, 5, 6, 7, 8, 9, 10, 11, 12, 13, 14, 15, 16, 17, 18, 19, 20, 21, 22, 23, 24, 25, 26, 27, 28, 29, 30, 31, 32, 33, 34, 35, 36, 37, 38, 39, 40, 41, 42, 43, 44, 45, 46, 47, 48, 49, 50, 51, 52, 
rel: 1 k: 13 rho: 19.9894 maxRV: 0, 1, 2, 3, 4, 5, 6, 7, 8, 9, 10, 11, 12, 13, 14, 15, 16, 17, 18, 19, 20, 21, 22, 23, 24, 25, 26, 27, 28, 29, 30, 31, 32, 33, 34, 35, 36, 37, 38, 39, 40, 41, 42, 43, 44, 45, 46, 47, 48, 49, 50, 51, 52, 53, 54, 55, 56, 57, 58, 59, 
rel: 1 k: 12 rho: 21.1842 maxRV: 0, 1, 2, 3, 4, 5, 6, 7, 8, 9, 10, 11, 12, 13, 14, 15, 16, 17, 18, 19, 20, 21, 22, 23, 24, 25, 26, 27, 28, 29, 30, 31, 32, 33, 34, 35, 36, 37, 38, 39, 40, 41, 42, 43, 44, 45, 46, 47, 48, 49, 50, 51, 52, 53, 54, 55, 56, 57, 58, 59, 60, 61, 62, 
rel: 1 k: 11 rho: 24.2 maxRV: 0, 1, 2, 3, 4, 5, 6, 7, 8, 9, 10, 11, 12, 13, 14, 15, 16, 17, 18, 19, 20, 21, 22, 23, 24, 25, 26, 27, 28, 29, 30, 31, 32, 33, 34, 35, 36, 37, 38, 39, 40, 41, 42, 43, 44, 45, 46, 47, 48, 49, 50, 51, 52, 53, 54, 55, 56, 57, 58, 59, 60, 61, 62, 63, 64, 65, 66, 67, 68, 69, 
rel: 1 k: 10 rho: 26.1108 maxRV: 0, 1, 2, 3, 4, 5, 6, 7, 8, 9, 10, 11, 12, 13, 14, 15, 16, 17, 18, 19, 20, 21, 22, 23, 24, 25, 26, 27, 28, 29, 30, 31, 32, 33, 34, 35, 36, 37, 38, 39, 40, 41, 42, 43, 44, 45, 46, 47, 48, 49, 50, 51, 52, 53, 54, 55, 56, 57, 58, 59, 60, 61, 62, 63, 64, 65, 66, 67, 68, 69, 70, 71, 72, 73, 74, 75, 
rel: 1 k: 9 rho: 28.4772 maxRV: 1, 3, 4, 5, 6, 7, 8, 9, 10, 11, 12, 13, 14, 15, 16, 17, 18, 19, 20, 22, 23, 25, 26, 27, 28, 29, 30, 31, 32, 33, 34, 35, 36, 37, 38, 39, 40, 41, 42, 43, 44, 45, 46, 47, 48, 50, 51, 52, 54, 55, 56, 57, 59, 60, 61, 62, 63, 64, 65, 66, 67, 68, 69, 70, 72, 73, 74, 76, 77, 78, 80, 81, 
rel: 1 k: 8 rho: 31.5675 maxRV: 1, 3, 4, 6, 7, 8, 9, 10, 11, 12, 13, 14, 15, 17, 18, 19, 20, 22, 23, 25, 26, 27, 28, 29, 30, 31, 32, 33, 34, 35, 36, 37, 38, 39, 40, 41, 42, 43, 44, 45, 46, 47, 48, 50, 51, 52, 54, 55, 56, 57, 59, 60, 61, 62, 63, 64, 65, 66, 67, 68, 69, 70, 72, 73, 74, 76, 77, 78, 80, 81, 82, 84, 85, 96, 97, 98, 
rel: 1 k: 7 rho: 32.9454 maxRV: 0, 1, 2, 3, 4, 5, 6, 7, 8, 9, 10, 11, 12, 13, 14, 15, 16, 17, 18, 19, 20, 21, 22, 23, 24, 25, 26, 27, 28, 29, 30, 31, 32, 33, 34, 35, 36, 37, 38, 39, 40, 41, 42, 43, 44, 45, 46, 47, 48, 49, 50, 51, 52, 53, 54, 55, 56, 57, 58, 59, 60, 61, 62, 63, 64, 65, 66, 67, 68, 69, 70, 71, 72, 73, 74, 75, 76, 77, 78, 79, 80, 81, 82, 83, 84, 85, 96, 97, 98, 103, 104, 105, 106, 107, 108, 109, 110, 111, 112, 113, 
rel: 1 k: 6 rho: 38.6181 maxRV: 0, 1, 2, 3, 4, 5, 6, 7, 8, 9, 10, 11, 12, 13, 14, 15, 16, 17, 18, 19, 20, 21, 22, 23, 24, 25, 26, 27, 28, 29, 30, 31, 32, 33, 34, 35, 36, 37, 38, 39, 40, 41, 42, 43, 44, 45, 46, 47, 48, 49, 50, 51, 52, 53, 54, 55, 56, 57, 58, 59, 60, 61, 62, 63, 64, 65, 66, 67, 68, 69, 70, 71, 72, 73, 74, 75, 76, 77, 78, 79, 80, 81, 82, 83, 84, 85, 96, 97, 98, 103, 104, 105, 106, 107, 108, 109, 110, 111, 112, 113, 114, 115, 116, 117, 119, 120, 122, 123, 124, 125, 126, 128, 130, 131, 132, 133, 134, 135, 136, 137, 138, 139, 140, 141, 142, 143, 144, 145, 147, 148, 149, 150, 151, 152, 157, 161, 163, 
rel: 1 k: 5 rho: 51.9707 maxRV: 0, 1, 2, 3, 4, 5, 6, 7, 8, 9, 10, 11, 12, 13, 14, 15, 16, 17, 18, 19, 20, 21, 22, 23, 24, 25, 26, 27, 28, 29, 30, 31, 32, 33, 34, 35, 36, 37, 38, 39, 40, 41, 42, 43, 44, 45, 46, 47, 48, 49, 50, 51, 52, 53, 54, 55, 56, 57, 58, 59, 60, 61, 62, 63, 64, 65, 66, 67, 68, 69, 70, 71, 72, 73, 74, 75, 76, 77, 78, 79, 80, 81, 82, 83, 84, 85, 86, 87, 88, 89, 90, 91, 92, 93, 94, 95, 96, 97, 98, 99, 100, 101, 102, 103, 104, 105, 106, 107, 108, 109, 110, 111, 112, 113, 114, 115, 116, 117, 118, 119, 120, 121, 122, 123, 124, 125, 126, 127, 128, 129, 130, 131, 132, 133, 134, 135, 136, 137, 138, 139, 140, 141, 142, 143, 144, 145, 146, 147, 148, 149, 150, 151, 152, 153, 154, 155, 156, 157, 158, 159, 160, 161, 162, 163, 164, 165, 166, 167, 168, 169, 176, 177, 178, 179, 180, 181, 182, 183, 184, 185, 186, 187, 188, 189, 190, 191, 192, 193, 194, 195, 196, 197, 198, 199, 200, 201, 207, 208, 209, 210, 211, 217, 218, 219, 220, 221, 222, 223, 224, 225, 226, 227, 228, 229, 240, 241, 242, 243, 244, 245, 246, 247, 248, 249, 250, 251, 252, 253, 254, 255, 256, 257, 258, 259, 260, 
rel: 1 k: 4 rho: 92.0351 maxRV: 0, 1, 2, 3, 4, 5, 6, 7, 8, 9, 10, 11, 12, 13, 14, 15, 16, 17, 18, 19, 20, 21, 22, 23, 24, 25, 26, 27, 28, 29, 30, 31, 32, 33, 34, 35, 36, 37, 38, 39, 40, 41, 42, 43, 44, 45, 46, 47, 48, 49, 50, 51, 52, 53, 54, 55, 56, 57, 58, 59, 60, 61, 62, 63, 64, 65, 66, 67, 68, 69, 70, 71, 72, 73, 74, 75, 76, 77, 78, 79, 80, 81, 82, 83, 84, 85, 86, 87, 88, 89, 90, 91, 92, 93, 94, 95, 96, 97, 98, 99, 100, 101, 102, 103, 104, 105, 106, 107, 108, 109, 110, 111, 112, 113, 114, 115, 116, 117, 118, 119, 120, 121, 122, 123, 124, 125, 126, 127, 128, 129, 130, 131, 132, 133, 134, 135, 136, 137, 138, 139, 140, 141, 142, 143, 144, 145, 146, 147, 148, 149, 150, 151, 152, 153, 154, 155, 156, 157, 158, 159, 160, 161, 162, 163, 164, 165, 166, 167, 168, 169, 176, 177, 178, 179, 180, 181, 182, 183, 184, 185, 186, 187, 188, 189, 190, 191, 192, 193, 194, 195, 196, 197, 198, 200, 201, 202, 203, 204, 205, 206, 207, 208, 209, 210, 211, 212, 213, 214, 215, 216, 217, 218, 219, 220, 221, 222, 223, 224, 225, 226, 227, 228, 229, 230, 231, 232, 233, 240, 241, 242, 243, 244, 245, 246, 247, 248, 249, 250, 251, 252, 253, 254, 255, 256, 257, 258, 259, 260, 261, 262, 263, 264, 265, 266, 267, 268, 269, 270, 271, 272, 273, 274, 275, 276, 277, 278, 290, 291, 292, 297, 298, 299, 300, 301, 302, 303, 304, 305, 310, 311, 312, 313, 314, 315, 316, 317, 318, 319, 320, 321, 322, 323, 324, 325, 326, 327, 328, 329, 330, 331, 332, 333, 334, 335, 336, 337, 338, 339, 340, 341, 342, 343, 344, 345, 346, 347, 348, 349, 350, 351, 352, 353, 354, 355, 356, 357, 358, 359, 360, 361, 362, 363, 364, 365, 366, 367, 368, 369, 370, 371, 372, 377, 378, 379, 380, 381, 382, 383, 387, 392, 393, 394, 400, 401, 402, 403, 404, 405, 406, 407, 408, 409, 410, 411, 412, 413, 414, 415, 416, 417, 418, 419, 424, 425, 426, 427, 428, 429, 430, 431, 432, 433, 435, 438, 439, 440, 441, 442, 443, 444, 445, 446, 447, 448, 453, 454, 455, 456, 457, 458, 461, 
rel: 1 k: 3 rho: 279.164 maxRV: 0, 2, 5, 16, 19, 21, 24, 26, 30, 32, 33, 34, 35, 37, 40, 42, 43, 45, 47, 49, 51, 53, 58, 59, 60, 71, 75, 76, 79, 83, 86, 87, 88, 89, 90, 91, 92, 93, 94, 95, 98, 99, 100, 101, 102, 107, 108, 109, 110, 111, 112, 113, 114, 115, 116, 117, 118, 119, 120, 121, 122, 123, 124, 125, 126, 127, 128, 129, 130, 131, 132, 145, 146, 147, 148, 149, 150, 151, 152, 153, 154, 155, 156, 157, 158, 159, 160, 161, 162, 163, 164, 165, 166, 167, 168, 169, 170, 171, 172, 173, 174, 175, 177, 182, 190, 191, 192, 193, 194, 195, 196, 197, 198, 199, 200, 202, 203, 204, 205, 206, 208, 209, 210, 211, 212, 213, 214, 215, 216, 217, 218, 219, 220, 222, 223, 224, 225, 226, 227, 228, 229, 230, 231, 232, 233, 234, 235, 236, 237, 238, 239, 240, 241, 242, 243, 244, 245, 246, 247, 248, 249, 250, 251, 252, 253, 254, 255, 256, 257, 258, 259, 260, 265, 267, 271, 272, 274, 279, 280, 281, 282, 283, 284, 285, 286, 287, 288, 289, 290, 291, 292, 293, 294, 295, 296, 297, 298, 299, 300, 301, 302, 303, 304, 305, 306, 307, 308, 309, 310, 311, 312, 313, 314, 315, 316, 317, 318, 319, 320, 321, 322, 323, 324, 325, 326, 327, 328, 329, 331, 332, 333, 334, 335, 336, 337, 338, 339, 340, 341, 342, 343, 344, 345, 346, 347, 348, 349, 350, 351, 352, 353, 354, 355, 356, 357, 358, 359, 360, 361, 362, 363, 364, 365, 366, 367, 369, 373, 374, 375, 376, 377, 378, 380, 381, 382, 383, 384, 385, 386, 388, 389, 390, 391, 392, 393, 394, 395, 396, 397, 398, 399, 400, 401, 402, 403, 404, 405, 406, 407, 408, 409, 410, 411, 412, 413, 414, 415, 416, 417, 418, 419, 420, 421, 422, 423, 424, 425, 426, 427, 428, 429, 430, 431, 432, 433, 434, 435, 436, 437, 438, 439, 440, 441, 442, 443, 444, 445, 446, 447, 448, 449, 450, 451, 452, 453, 454, 455, 456, 457, 458, 459, 460, 461, 465, 466, 467, 468, 469, 470, 471, 472, 474, 475, 476, 477, 478, 479, 481, 482, 493, 494, 495, 496, 497, 498, 499, 500, 501, 502, 503, 504, 505, 506, 507, 508, 509, 510, 512, 513, 514, 515, 516, 517, 518, 519, 520, 521, 522, 523, 524, 528, 532, 533, 534, 535, 536, 537, 538, 539, 540, 541, 542, 543, 544, 545, 546, 547, 548, 549, 550, 551, 552, 553, 554, 555, 557, 558, 559, 560, 561, 562, 563, 564, 565, 566, 567, 568, 570, 571, 575, 576, 577, 578, 579, 580, 581, 582, 583, 584, 585, 586, 587, 588, 589, 590, 591, 592, 593, 594, 595, 596, 597, 598, 599, 600, 601, 602, 603, 604, 605, 606, 607, 608, 609, 610, 611, 612, 613, 614, 615, 616, 617, 618, 619, 620, 621, 622, 623, 624, 625, 626, 627, 628, 629, 630, 631, 633, 634, 635, 636, 637, 638, 639, 640, 641, 642, 643, 644, 645, 646, 647, 648, 649, 650, 651, 652, 653, 654, 655, 656, 657, 658, 659, 660, 661, 662, 663, 672, 674, 675, 676, 677, 678, 679, 680, 681, 682, 683, 684, 685, 686, 687, 689, 690, 691, 692, 696, 697, 698, 699, 700, 701, 702, 704, 705, 706, 707, 708, 709, 710, 714, 715, 716, 717, 718, 719, 722, 723, 724, 725, 726, 727, 728, 729, 730, 731, 732, 733, 734, 735, 740, 741, 742, 744, 745, 746, 747, 748, 749, 750, 752, 753, 754, 755, 756, 757, 758, 759, 760, 761, 762, 763, 764, 767, 768, 772, 773, 774, 775, 776, 777, 778, 779, 780, 781, 782, 783, 784, 785, 786, 787, 788, 789, 790, 795, 796, 797, 798, 799, 801, 802, 803, 804, 805, 806, 807, 808, 809, 813, 814, 815, 816, 817, 818, 819, 820, 821, 822, 823, 824, 825, 826, 827, 828, 830, 831, 832, 833, 834, 835, 836, 837, 838, 839, 840, 841, 842, 844, 845, 846, 847, 848, 849, 850, 851, 852, 853, 854, 855, 856, 857, 858, 859, 860, 861, 862, 863, 864, 865, 866, 867, 868, 869, 870, 871, 872, 873, 874, 875, 876, 877, 878, 879, 880, 881, 882, 883, 884, 885, 886, 887, 888, 889, 890, 891, 892, 893, 894, 895, 901, 902, 903, 904, 905, 906, 907, 908, 909, 910, 911, 912, 913, 914, 915, 916, 917, 918, 919, 920, 921, 925, 926, 927, 931, 932, 933, 934, 935, 936, 937, 938, 939, 940, 941, 942, 943, 944, 945, 946, 947, 948, 949, 950, 951, 952, 953, 954, 955, 956, 957, 958, 959, 963, 964, 965, 966, 967, 968, 969, 970, 974, 975, 976, 977, 978, 979, 980, 981, 982, 983, 984, 985, 986, 987, 988, 989, 990, 991, 992, 993, 994, 995, 996, 997, 998, 999, 1000, 1001, 1002, 1003, 1004, 1005, 1006, 1010, 1011, 1012, 1013, 1014, 1015, 1016, 1017, 1018, 1019, 1020, 1021, 1022, 1025, 1026, 1027, 1028, 1029, 1030, 1031, 1032, 1033, 1034, 1035, 1036, 1037, 1038, 1039, 1040, 1041, 1042, 1043, 1044, 1045, 1046, 1047, 1048, 1049, 1050, 1051, 1052, 1053, 1054, 1055, 1056, 1057, 1058, 1059, 1060, 1061, 1062, 1063, 1067, 
rel: 1 k: 3 rho: 279.165 maxRV: 1, 6, 7, 9, 10, 11, 16, 18, 25, 27, 28, 30, 32, 34, 38, 43, 46, 47, 58, 66, 68, 70, 74, 77, 79, 103, 104, 106, 110, 116, 118, 129, 131, 133, 135, 138, 140, 147, 149, 150, 153, 155, 158, 160, 168, 169, 170, 175, 178, 183, 190, 200, 202, 208, 211, 214, 218, 226, 235, 236, 246, 253, 262, 267, 271, 277, 280, 295, 301, 319, 320, 321, 325, 354, 362, 378, 412, 413, 414, 415, 439, 444, 449, 457, 463, 467, 481, 491, 501, 505, 516, 527, 539, 553, 554, 558, 562, 568, 573, 575, 612, 613, 630, 634, 636, 647, 650, 652, 655, 659, 680, 682, 683, 685, 686, 687, 696, 707, 712, 717, 718, 721, 729, 731, 736, 745, 753, 757, 786, 792, 797, 802, 842, 844, 851, 853, 883, 893, 894, 898, 900, 905, 909, 910, 914, 916, 921, 934, 944, 945, 950, 967, 970, 979, 980, 981, 985, 986, 989, 990, 994, 996, 1004, 1005, 1011, 1014, 1024, 1039, 1068, 1076, 1082, 1085, 1087, 1088, 1099, 1109, 1125, 1129, 1139, 1143, 1150, 1158, 1159, 1160, 1164, 1168, 1170, 1179, 1182, 1187, 1190, 1195, 1199, 1206, 1213, 1214, 1220, 1226, 1233, 1244, 1253, 1258, 1278, 1300, 1307, 1310, 1318, 1320, 1322, 1326, 1343, 1345, 1346, 1369, 1436, 1453, 1458, 1498, 1505, 1506, 1508, 1511, 1515, 1516, 1521, 1523, 1524, 1528, 1536, 1538, 1540, 1541, 1544, 1546, 1549, 1552, 1572, 1581, 1582, 1584, 1588, 1592, 1603, 1609, 1610, 1617, 1641, 1644, 1654, 1655, 1660, 1686, 1690, 1692, 1717, 1720, 1772, 1775, 1781, 1786, 1797, 1805, 1806, 1832, 1862, 1864, 1867, 1875, 1879, 1887, 1890, 1891, 1897, 1921, 1924, 1925, 1959, 1973, 1979, 1986, 1989, 1994, 1995, 2003, 2004, 2008, 2009, 2015, 2020, 2030, 2039, 2053, 2066, 2072, 2077, 2079, 2101, 2106, 2135, 2136, 2139, 2145, 2151, 2176, 2190, 2199, 2201, 2224, 2235, 2244, 2248, 2260, 2312, 2315, 2339, 2345, 2368, 2378, 2385, 2387, 2394, 2399, 2408, 2421, 2425, 2428, 2436, 2443, 2449, 2475, 2477, 2508, 2510, 2515, 2520, 2566, 2594, 2613, 2615, 2619, 2623, 2660, 2664, 2675, 2726, 2767, 2789, 2811, 2812, 2820, 2826, 2835, 2836, 2840, 2841, 2842, 2849, 2858, 2866, 2868, 2874, 2880, 2896, 2905, 2911, 2921, 2922, 2928, 2940, 2951, 2957, 2958, 2988, 2990, 2993, 3003, 3032, 3036, 3060, 3063, 3064, 3067, 3080, 3081, 3084, 3108, 3109, 3111, 3135, 3151, 3159, 3179, 3189, 3196, 3209, 3220, 3227, 3241, 3247, 3256, 3305, 3328, 3336, 3342, 3349, 3352, 3357, 3363, 3368, 3373, 3380, 3384, 3389, 3395, 3427, 3430, 3436, 3446, 3450, 3458, 3459, 3465, 3504, 3518, 3523, 3566, 3580, 3583, 3642, 3645, 3662, 3663, 3682, 3692, 3713, 3732, 3750, 3753, 3757, 3762, 3786, 3792, 3818, 3826, 3880, 3881, 3883, 3924, 3926, 3941, 3949, 3950, 3962, 4012, 4045, 4046, 4178, 4232, 4244, 4298, 4300, 4304, 4319, 4367, 4417, 4447, 4469, 4495, 4547, 4568, 4576, 4578, 4618, 4629, 4633, 4646, 4647, 4659, 4690, 4695, 4700, 4804, 4819, 4841, 4871, 4875, 4939, 4942, 4948, 4982, 4987, 4993, 4997, 5012, 5019, 5026, 5028, 5033, 5035, 5039, 5055, 5077, 5099, 5155, 5168, 5220, 5221, 5259, 5270, 5294, 5326, 5331, 5355, 5404, 5415, 5450, 5460, 5532, 5571, 5594, 5637, 5641, 5643, 5644, 5657, 5658, 5664, 5667, 5689, 5693, 5695, 5704, 5705, 5708, 5719, 5730, 5733, 5742, 5748, 5754, 5760, 5773, 5785, 5801, 5856, 5857, 5858, 5896, 5911, 5920, 5932, 5933, 5957, 5967, 5977, 5981, 5987, 5992, 5994, 5998, 6001, 6012, 6018, 6021, 6032, 6035, 6038, 6067, 6083, 6097, 6100, 6102, 6110, 6115, 6120, 6123, 6158, 6187, 6192, 6193, 6197, 6208, 6215, 6222, 6227, 6228, 6244, 6262, 6265, 6269, 6294, 6298, 6300, 6304, 6310, 6312, 6318, 6327, 6339, 6341, 6344, 6346, 6366, 6381, 6385, 6410, 6425, 6440, 6448, 6473, 6487, 6488, 6489, 6500, 6526, 6582, 6588, 6591, 6595, 6596, 6603, 6612, 6618, 6619, 6636, 6663, 6701, 6708, 6729, 6737, 6740, 6743, 6757, 6776, 6785, 6826, 6833, 6835, 6863, 6869, 6873, 6880, 6894, 6907, 6921, 6933, 6940, 6951, 6954, 6961, 6972, 6991, 7026, 7037, 7051, 7052, 7077, 7079, 7122, 7170, 7210, 7212, 7216, 7217, 7248, 7299, 7301, 7312, 7314, 7317, 7322, 7334, 7339, 7362, 7374, 7375, 7385, 7386, 7387, 7406, 7407, 7419, 7449, 7459, 7470, 7488, 7520, 7546, 7602, 7603, 7613, 7618, 7672, 7710, 7723, 7727, 7735, 7774, 7813, 7895, 7900, 7927, 7960, 7984, 7987, 8024, 8029, 8031, 8033, 8037, 8065, 8127, 8131, 8167, 8175, 8247, 8272, 8279, 8297, 8342, 8377, 8380, 8385, 8388, 8390, 8450, 8457, 8465, 8506, 8531, 8564, 8572, 8588, 8589, 8595, 8631, 8699, 8704, 8705, 8727, 8766, 8775, 8800, 8843, 8874, 8880, 8885, 8890, 8908, 8910, 8917, 8918, 8924, 8926, 8934, 8950, 8962, 9023, 9030, 9042, 9188, 9209, 9226, 9239, 9285, 9309, 9311, 9313, 9318, 9319, 9332, 9335, 9338, 9344, 9379, 9511, 9528, 9534, 9543, 9553, 9604, 9610, 9615, 9618, 9654, 9661, 9707, 9719, 9720, 9723, 9727, 9738, 9744, 9749, 9760, 9765, 9772, 9792, 9798, 9799, 9826, 9835, 9869, 9870, 9876, 9989, 10039, 10042, 10136, 10137, 10198, 10217, 10243, 10342, 10378, 10394, 10408, 10489, 10548, 10557, 10613, 10649, 10659, 10708, 10719, 10720, 10724, 10734, 10742, 10743, 10765, 10801, 10848, 10849, 10876, 10877, 10880, 10971, 10975, 10983, 11020, 11104, 11152, 11156, 11175, 11190, 11208, 11217, 11221, 11243, 11249, 11260, 11263, 11268, 11346, 11409, 11428, 11429, 11450, 11452, 11457, 11473, 11479, 11550, 11583, 11605, 
rel: 1 k: 4 rho: 92.0351 maxRV: 1, 7, 9, 11, 16, 18, 27, 30, 38, 46, 47, 58, 68, 74, 103, 116, 129, 131, 133, 135, 140, 147, 149, 150, 153, 155, 158, 168, 170, 183, 200, 208, 214, 218, 226, 235, 246, 253, 262, 277, 280, 295, 301, 319, 362, 378, 412, 415, 444, 457, 467, 516, 527, 554, 562, 630, 634, 636, 652, 655, 659, 680, 682, 683, 685, 686, 687, 712, 718, 721, 729, 736, 797, 802, 853, 894, 898, 900, 910, 921, 944, 1068, 1073, 1076, 1082, 1085, 1087, 1088, 1139, 1143, 1158, 1160, 1164, 1168, 1179, 1182, 1187, 1195, 1213, 1220, 1226, 1244, 1253, 1310, 1343, 1345, 1436, 1453, 1498, 1505, 1506, 1508, 1515, 1516, 1523, 1524, 1528, 1536, 1540, 1544, 1546, 1549, 1572, 1582, 1592, 1609, 1692, 1720, 1805, 1862, 1864, 1875, 1878, 1897, 1906, 1924, 1935, 1973, 1979, 1994, 2003, 2004, 2009, 2035, 2075, 2244, 2260, 2387, 2428, 2613, 2767, 2789, 2806, 2811, 2812, 2814, 2815, 2819, 2820, 2821, 2822, 2825, 2835, 2840, 2842, 2866, 2874, 2880, 2893, 2894, 2896, 2905, 2907, 2919, 2921, 2945, 2947, 2951, 2957, 2958, 2990, 2993, 3036, 3040, 3060, 3063, 3080, 3108, 3109, 3151, 3159, 3179, 3328, 3352, 3384, 3419, 3458, 3642, 3732, 3762, 3792, 4568, 4646, 4700, 4804, 4871, 5028, 5039, 5259, 5331, 5404, 5460, 5594, 5658, 5733, 5760, 5773, 5920, 5933, 6001, 6012, 6115, 6262, 6582, 6591, 6595, 6596, 6603, 6612, 6618, 6619, 6636, 6663, 6729, 6737, 6740, 6743, 6835, 6894, 6903, 6907, 6914, 6921, 6933, 6951, 7052, 7076, 7079, 7103, 7170, 7212, 7217, 7301, 7317, 7322, 7334, 7387, 7406, 7407, 7419, 7449, 7470, 7546, 7602, 7603, 7900, 8031, 8065, 8121, 8131, 8170, 8175, 8247, 8297, 8450, 8631, 8704, 8888, 8917, 8924, 8935, 8950, 8962, 9309, 9311, 9332, 9338, 9379, 9511, 9604, 9707, 9719, 9738, 9749, 9772, 9792, 10136, 10143, 10198, 10336, 10340, 10342, 10344, 10346, 10355, 10357, 10359, 10360, 10363, 10365, 10376, 10388, 10389, 10394, 10395, 10401, 10408, 10411, 10414, 10422, 10423, 10430, 10431, 10435, 10439, 10442, 10457, 10464, 10548, 10607, 10610, 10612, 10613, 10616, 10619, 10621, 10623, 10625, 10632, 10635, 10637, 10640, 10645, 10646, 10649, 10659, 10662, 10663, 10675, 10676, 10683, 10685, 10691, 10694, 10695, 10708, 10709, 10710, 10713, 10720, 10724, 10728, 10729, 10734, 10741, 10742, 10743, 10744, 10754, 10755, 10760, 10765, 10773, 10781, 10809, 10827, 10849, 10880, 10964, 10966, 10968, 10971, 10975, 10980, 10983, 10986, 11002, 11009, 11016, 11018, 11020, 11042, 11044, 11207, 11208, 11260, 11310, 11319, 11320, 11322, 11429, 
rel: 1 k: 5 rho: 51.9707 maxRV: 1, 7, 9, 11, 18, 27, 30, 38, 58, 68, 74, 103, 116, 129, 131, 133, 135, 140, 147, 149, 150, 155, 158, 170, 214, 218, 226, 235, 246, 253, 262, 277, 301, 319, 362, 412, 415, 444, 630, 634, 636, 652, 659, 680, 683, 685, 687, 712, 718, 736, 853, 1068, 1073, 1076, 1082, 1139, 1143, 1160, 1220, 1453, 1506, 1508, 1515, 1516, 1523, 1524, 1540, 1546, 1549, 1572, 1582, 1592, 1609, 1864, 1875, 1878, 1906, 1935, 1973, 1994, 2009, 2387, 2806, 2811, 2812, 2814, 2815, 2819, 2820, 2821, 2822, 2825, 2842, 2874, 2880, 2893, 2894, 2896, 2905, 2907, 2919, 2947, 2951, 2958, 2990, 2993, 3060, 3080, 3109, 3159, 3179, 3352, 3419, 6115, 6582, 6591, 6595, 6596, 6618, 6636, 6663, 6729, 6737, 6863, 6894, 6903, 6907, 6914, 6921, 6933, 7079, 7103, 7170, 7449, 7602, 7603, 8170, 8175, 8247, 8704, 8888, 8917, 8924, 8935, 8950, 8962, 9604, 9749, 9792, 10198, 10336, 10340, 10342, 10344, 10346, 10355, 10357, 10359, 10360, 10363, 10376, 10394, 10395, 10401, 10414, 10422, 10423, 10430, 10431, 10435, 10439, 10442, 10457, 10548, 10607, 10610, 10612, 10613, 10616, 10619, 10621, 10623, 10632, 10635, 10637, 10640, 10645, 10646, 10649, 10659, 10662, 10663, 10675, 10676, 10683, 10685, 10691, 10695, 10708, 10709, 10710, 10720, 10724, 10728, 10729, 10734, 10741, 10742, 10743, 10744, 10754, 10755, 10760, 10765, 10773, 10781, 10809, 10827, 10849, 10880, 10964, 10966, 10980, 10983, 10986, 11002, 11016, 11020, 11042, 11044, 11207, 11208, 11260, 11310, 11320, 
rel: 1 k: 6 rho: 38.6181 maxRV: 7, 147, 149, 150, 155, 158, 214, 246, 253, 262, 277, 301, 630, 634, 652, 680, 683, 685, 687, 736, 853, 1073, 1076, 1453, 1875, 1878, 1906, 1935, 2806, 2811, 2812, 2814, 2815, 2819, 2821, 2822, 2825, 2842, 2874, 2880, 2893, 2894, 2896, 2905, 2919, 2947, 2951, 2990, 2993, 3080, 3109, 3352, 3419, 6596, 6636, 6903, 6907, 6914, 6921, 6933, 7103, 7170, 7602, 7603, 8247, 8888, 8917, 10198, 10336, 10340, 10342, 10344, 10346, 10355, 10357, 10359, 10360, 10363, 10376, 10394, 10395, 10414, 10422, 10423, 10430, 10435, 10439, 10442, 10457, 10607, 10610, 10612, 10613, 10616, 10619, 10621, 10623, 10632, 10635, 10637, 10640, 10645, 10646, 10659, 10662, 10663, 10675, 10676, 10683, 10685, 10691, 10695, 10708, 10709, 10710, 10720, 10724, 10728, 10729, 10734, 10741, 10742, 10743, 10754, 10755, 10760, 10765, 10773, 10781, 10809, 10849, 10966, 11016, 11020, 11042, 11208, 11260, 
rel: 1 k: 7 rho: 32.9454 maxRV: 262, 634, 1073, 1076, 1875, 1878, 1906, 1935, 2806, 2811, 2812, 2814, 2815, 2819, 2821, 2822, 2825, 2842, 2874, 2880, 2893, 2894, 2896, 2905, 2919, 2947, 2993, 3080, 3109, 3352, 3419, 6596, 6636, 6903, 6907, 6914, 6921, 6933, 7103, 7170, 7602, 7603, 8888, 10198, 10336, 10340, 10342, 10344, 10346, 10355, 10357, 10359, 10363, 10376, 10394, 10395, 10414, 10423, 10435, 10439, 10610, 10612, 10613, 10616, 10621, 10632, 10635, 10637, 10640, 10645, 10646, 10659, 10662, 10663, 10675, 10676, 10683, 10685, 10691, 10695, 10708, 10709, 10710, 10720, 10724, 10728, 10729, 10734, 10743, 10754, 10755, 10760, 10765, 10781, 10809, 10849, 10966, 11016, 11020, 11260, 
rel: 1 k: 8 rho: 31.5675 maxRV: 262, 634, 1073, 1076, 1875, 1878, 1906, 1935, 2806, 2811, 2812, 2815, 2819, 2821, 2822, 2825, 2842, 2874, 2880, 2893, 2894, 2896, 2919, 2947, 3080, 3419, 6903, 6907, 6914, 6921, 6933, 7103, 7170, 8888, 10336, 10344, 10346, 10355, 10357, 10359, 10376, 10394, 10395, 10414, 10423, 10435, 10439, 10610, 10612, 10616, 10621, 10632, 10635, 10637, 10640, 10645, 10646, 10662, 10663, 10675, 10676, 10683, 10685, 10691, 10695, 10709, 10710, 10728, 10729, 10754, 10760, 10781, 10809, 10966, 11016, 11260, 
rel: 1 k: 9 rho: 28.4772 maxRV: 262, 634, 1073, 1076, 1875, 1878, 1935, 2806, 2811, 2812, 2815, 2819, 2821, 2822, 2825, 2874, 2880, 2893, 2894, 2896, 2919, 2947, 3080, 3419, 6903, 6907, 6914, 6921, 6933, 7103, 7170, 8888, 10336, 10342, 10344, 10346, 10357, 10359, 10376, 10394, 10395, 10414, 10435, 10439, 10610, 10612, 10616, 10621, 10632, 10635, 10637, 10640, 10645, 10646, 10662, 10663, 10675, 10676, 10683, 10685, 10695, 10709, 10710, 10724, 10728, 10729, 10754, 10760, 10781, 10809, 11016, 11260, 
rel: 1 k: 10 rho: 26.1108 maxRV: 262, 634, 1073, 1076, 1875, 1878, 1935, 2806, 2811, 2812, 2815, 2819, 2821, 2822, 2825, 2874, 2880, 2893, 2894, 2896, 2919, 2947, 3080, 6636, 6903, 6907, 6914, 6921, 6933, 7103, 7170, 8888, 10198, 10336, 10342, 10344, 10346, 10357, 10359, 10376, 10394, 10395, 10414, 10435, 10610, 10612, 10613, 10616, 10621, 10632, 10635, 10637, 10640, 10645, 10646, 10659, 10662, 10663, 10675, 10676, 10683, 10685, 10695, 10708, 10709, 10710, 10720, 10724, 10728, 10729, 10734, 10743, 10754, 10760, 10765, 11016, 
rel: 1 k: 11 rho: 24.2 maxRV: 262, 634, 1073, 1076, 1875, 1878, 2806, 2811, 2812, 2815, 2819, 2821, 2822, 2825, 2874, 2880, 2893, 2894, 2896, 2919, 2947, 3080, 6636, 6903, 6907, 6914, 6921, 6933, 7103, 7170, 10336, 10342, 10344, 10346, 10357, 10359, 10376, 10394, 10395, 10414, 10610, 10612, 10616, 10621, 10632, 10635, 10637, 10640, 10645, 10646, 10659, 10662, 10663, 10676, 10683, 10685, 10695, 10708, 10709, 10710, 10720, 10724, 10728, 10729, 10734, 10743, 10754, 10760, 10765, 11016, 
rel: 1 k: 12 rho: 21.1842 maxRV: 262, 634, 1073, 1076, 1875, 1878, 2806, 2811, 2812, 2815, 2819, 2821, 2822, 2825, 2874, 2880, 2893, 2894, 2896, 2919, 2947, 3080, 6636, 6903, 6907, 6914, 6921, 6933, 7170, 10336, 10342, 10344, 10346, 10359, 10376, 10394, 10395, 10414, 10610, 10612, 10621, 10632, 10635, 10637, 10640, 10645, 10646, 10659, 10662, 10663, 10676, 10683, 10685, 10708, 10709, 10710, 10720, 10724, 10728, 10729, 10734, 10743, 10765, 
rel: 1 k: 13 rho: 19.9894 maxRV: 262, 634, 1073, 1076, 1875, 1878, 2806, 2811, 2812, 2815, 2819, 2821, 2822, 2825, 2880, 2893, 2894, 2896, 2919, 2947, 3080, 6636, 6903, 6907, 6914, 6921, 6933, 7170, 10342, 10344, 10346, 10359, 10376, 10394, 10395, 10610, 10612, 10621, 10632, 10635, 10637, 10640, 10645, 10646, 10659, 10662, 10663, 10676, 10683, 10685, 10708, 10709, 10710, 10720, 10724, 10728, 10729, 10734, 10743, 10765, 
rel: 1 k: 14 rho: 17.6179 maxRV: 262, 634, 1073, 1076, 1875, 2806, 2811, 2812, 2815, 2819, 2821, 2822, 2825, 2880, 2893, 2896, 2919, 2947, 3080, 6903, 6907, 6914, 6921, 6933, 7170, 10342, 10344, 10346, 10359, 10376, 10394, 10395, 10610, 10612, 10621, 10632, 10635, 10637, 10640, 10645, 10659, 10662, 10663, 10676, 10683, 10708, 10710, 10724, 10728, 10729, 10734, 10743, 10765, 
rel: 1 k: 15 rho: 16.2294 maxRV: 262, 634, 1073, 1076, 1875, 2806, 2811, 2812, 2815, 2819, 2821, 2822, 2825, 2880, 2893, 2896, 2919, 2947, 3080, 6903, 6907, 6914, 6921, 6933, 7170, 10342, 10344, 10346, 10359, 10376, 10610, 10612, 10621, 10632, 10635, 10637, 10640, 10645, 10659, 10662, 10663, 10676, 10683, 10708, 10710, 10724, 10729, 10734, 10743, 
rel: 1 k: 16 rho: 14.9038 maxRV: 262, 634, 1073, 1076, 1875, 2806, 2811, 2812, 2815, 2819, 2821, 2825, 2880, 2893, 2896, 2919, 3080, 6903, 6914, 6921, 6933, 7170, 10342, 10344, 10346, 10359, 10376, 10610, 10612, 10621, 10632, 10635, 10637, 10640, 10645, 10659, 10662, 10663, 10676, 10683, 10708, 10710, 10724, 10729, 10734, 10743, 
rel: 1 k: 17 rho: 8.02623 maxRV: 2811, 2815, 2819, 2919, 6914, 10342, 10344, 10359, 10610, 10612, 10621, 10632, 10635, 10637, 10645, 10659, 10662, 10663, 10676, 10683, 10708, 10724, 10729, 10734, 10743, 
rel: 1 k: 18 rho: 7.9304 maxRV: 2811, 2815, 2819, 2919, 6914, 10342, 10344, 10359, 10610, 10612, 10621, 10632, 10635, 10637, 10645, 10659, 10662, 10663, 10676, 10683, 10708, 10724, 10729, 10743, 
rel: 1 k: 3 rho: 283.609 maxRV: 1, 6, 7, 9, 10, 11, 16, 18, 25, 27, 28, 30, 32, 34, 38, 43, 46, 47, 58, 66, 68, 70, 74, 77, 79, 103, 104, 106, 110, 116, 118, 129, 131, 133, 135, 138, 140, 147, 149, 150, 153, 155, 158, 160, 168, 169, 170, 175, 178, 183, 190, 200, 202, 208, 211, 214, 218, 226, 235, 236, 246, 253, 262, 267, 271, 277, 280, 295, 301, 319, 320, 321, 325, 354, 362, 378, 412, 413, 414, 415, 439, 444, 449, 457, 463, 467, 481, 491, 501, 505, 516, 527, 539, 553, 554, 558, 562, 568, 573, 575, 612, 613, 630, 636, 647, 650, 652, 655, 659, 680, 682, 683, 685, 686, 687, 696, 707, 712, 717, 718, 721, 729, 731, 736, 745, 753, 757, 786, 792, 797, 802, 842, 844, 851, 853, 883, 893, 894, 898, 900, 905, 909, 910, 914, 916, 921, 934, 944, 945, 950, 967, 970, 979, 980, 981, 985, 986, 989, 990, 994, 996, 1004, 1005, 1011, 1014, 1024, 1039, 1068, 1076, 1082, 1085, 1087, 1088, 1099, 1109, 1125, 1129, 1139, 1143, 1150, 1158, 1159, 1160, 1164, 1168, 1170, 1179, 1182, 1187, 1190, 1195, 1199, 1206, 1213, 1214, 1220, 1226, 1233, 1244, 1253, 1258, 1278, 1300, 1307, 1310, 1318, 1320, 1322, 1326, 1343, 1345, 1346, 1369, 1436, 1453, 1458, 1498, 1505, 1506, 1508, 1511, 1515, 1516, 1521, 1523, 1524, 1528, 1536, 1538, 1540, 1541, 1544, 1546, 1549, 1552, 1572, 1581, 1582, 1584, 1588, 1592, 1603, 1609, 1610, 1617, 1641, 1644, 1654, 1655, 1660, 1686, 1690, 1692, 1717, 1720, 1772, 1775, 1781, 1786, 1797, 1805, 1806, 1832, 1862, 1864, 1867, 1875, 1879, 1887, 1890, 1891, 1897, 1921, 1924, 1925, 1959, 1973, 1979, 1986, 1989, 1994, 1995, 2003, 2004, 2008, 2009, 2015, 2020, 2030, 2039, 2053, 2066, 2072, 2077, 2079, 2101, 2106, 2135, 2136, 2139, 2145, 2151, 2176, 2190, 2199, 2201, 2224, 2235, 2244, 2248, 2260, 2312, 2315, 2339, 2345, 2368, 2378, 2385, 2387, 2394, 2399, 2408, 2421, 2425, 2428, 2436, 2443, 2449, 2475, 2477, 2508, 2510, 2515, 2520, 2566, 2594, 2613, 2615, 2619, 2623, 2660, 2664, 2675, 2726, 2767, 2789, 2811, 2812, 2820, 2826, 2835, 2836, 2840, 2841, 2842, 2849, 2858, 2866, 2868, 2896, 2905, 2911, 2921, 2922, 2928, 2940, 2951, 2957, 2958, 2988, 2990, 2993, 3003, 3032, 3036, 3060, 3063, 3064, 3067, 3080, 3081, 3084, 3108, 3109, 3111, 3135, 3151, 3159, 3179, 3189, 3209, 3220, 3227, 3241, 3247, 3256, 3305, 3328, 3336, 3342, 3349, 3352, 3357, 3363, 3368, 3373, 3380, 3384, 3389, 3395, 3427, 3430, 3436, 3446, 3450, 3458, 3459, 3465, 3504, 3518, 3523, 3566, 3580, 3583, 3642, 3645, 3662, 3663, 3682, 3692, 3713, 3732, 3750, 3753, 3757, 3762, 3786, 3792, 3818, 3826, 3880, 3881, 3883, 3924, 3926, 3941, 3949, 3950, 4045, 4046, 4178, 4232, 4244, 4298, 4300, 4304, 4319, 4367, 4417, 4447, 4469, 4495, 4547, 4568, 4576, 4578, 4618, 4629, 4633, 4646, 4647, 4659, 4690, 4695, 4700, 4804, 4819, 4841, 4871, 4875, 4939, 4942, 4948, 4982, 4987, 4993, 4997, 5012, 5019, 5026, 5028, 5033, 5035, 5039, 5055, 5077, 5099, 5155, 5168, 5220, 5221, 5259, 5270, 5294, 5326, 5331, 5355, 5404, 5415, 5450, 5460, 5532, 5571, 5594, 5637, 5641, 5643, 5644, 5657, 5658, 5664, 5667, 5689, 5693, 5695, 5704, 5705, 5708, 5719, 5730, 5733, 5742, 5748, 5754, 5760, 5773, 5785, 5801, 5856, 5857, 5858, 5896, 5911, 5920, 5932, 5933, 5957, 5967, 5977, 5981, 5987, 5992, 5994, 5998, 6001, 6012, 6018, 6021, 6032, 6035, 6038, 6067, 6083, 6097, 6100, 6102, 6110, 6115, 6120, 6123, 6158, 6187, 6192, 6197, 6208, 6215, 6222, 6227, 6228, 6244, 6262, 6265, 6269, 6294, 6298, 6300, 6304, 6310, 6312, 6318, 6327, 6339, 6341, 6344, 6346, 6366, 6381, 6385, 6410, 6425, 6440, 6448, 6473, 6487, 6488, 6489, 6500, 6526, 6582, 6588, 6591, 6595, 6596, 6603, 6612, 6618, 6619, 6636, 6663, 6701, 6708, 6729, 6737, 6740, 6743, 6757, 6776, 6785, 6826, 6833, 6835, 6863, 6869, 6873, 6880, 6894, 6921, 6940, 6951, 6954, 6961, 6972, 6991, 7026, 7037, 7051, 7052, 7077, 7079, 7122, 7210, 7212, 7216, 7217, 7248, 7299, 7301, 7312, 7314, 7317, 7322, 7334, 7339, 7362, 7374, 7375, 7385, 7386, 7387, 7406, 7407, 7419, 7449, 7470, 7488, 7520, 7546, 7602, 7603, 7613, 7618, 7672, 7710, 7723, 7727, 7735, 7774, 7813, 7895, 7900, 7927, 7960, 7984, 7987, 8024, 8029, 8031, 8033, 8037, 8065, 8127, 8131, 8167, 8175, 8247, 8272, 8279, 8297, 8342, 8377, 8380, 8385, 8388, 8390, 8450, 8457, 8465, 8506, 8531, 8564, 8572, 8588, 8589, 8595, 8631, 8699, 8704, 8705, 8727, 8766, 8775, 8800, 8843, 8874, 8880, 8885, 8890, 8908, 8910, 8918, 8926, 8934, 8950, 8962, 9023, 9188, 9209, 9226, 9239, 9285, 9309, 9311, 9313, 9318, 9319, 9332, 9335, 9338, 9344, 9379, 9511, 9528, 9534, 9543, 9553, 9604, 9610, 9615, 9654, 9661, 9707, 9719, 9720, 9723, 9727, 9738, 9744, 9749, 9760, 9765, 9772, 9792, 9798, 9799, 9826, 9835, 9869, 9870, 9876, 9989, 10039, 10042, 10136, 10137, 10198, 10217, 10243, 10342, 10378, 10489, 10548, 10613, 10659, 10708, 10720, 10724, 10734, 10742, 10743, 10765, 10848, 10849, 10880, 10983, 11020, 11104, 11152, 11156, 11175, 11190, 11217, 11221, 11243, 11249, 11346, 11409, 11428, 11429, 11450, 11452, 11457, 11473, 11479, 11583, 
rel: 1 k: 4 rho: 92.0351 maxRV: 1, 7, 9, 11, 16, 18, 27, 30, 38, 46, 47, 58, 68, 74, 103, 116, 129, 131, 133, 135, 140, 147, 149, 150, 153, 155, 158, 168, 170, 183, 200, 208, 214, 218, 226, 235, 246, 253, 262, 277, 280, 295, 301, 319, 362, 378, 412, 415, 444, 457, 467, 516, 527, 554, 562, 630, 634, 636, 652, 655, 659, 680, 682, 683, 685, 686, 687, 712, 718, 721, 729, 736, 797, 802, 853, 894, 898, 900, 910, 921, 944, 1068, 1073, 1076, 1082, 1085, 1087, 1088, 1139, 1143, 1158, 1160, 1164, 1168, 1179, 1182, 1187, 1195, 1213, 1220, 1226, 1244, 1253, 1310, 1343, 1345, 1436, 1453, 1498, 1505, 1506, 1508, 1515, 1516, 1523, 1524, 1528, 1536, 1540, 1544, 1546, 1549, 1572, 1582, 1592, 1609, 1692, 1720, 1805, 1862, 1864, 1875, 1878, 1897, 1906, 1924, 1935, 1973, 1979, 1994, 2003, 2004, 2009, 2035, 2075, 2244, 2260, 2387, 2428, 2613, 2767, 2789, 2806, 2811, 2812, 2814, 2815, 2819, 2820, 2821, 2822, 2825, 2835, 2840, 2842, 2866, 2874, 2880, 2893, 2894, 2896, 2905, 2907, 2919, 2921, 2945, 2947, 2951, 2957, 2958, 2990, 2993, 3036, 3040, 3060, 3063, 3080, 3108, 3109, 3151, 3159, 3179, 3328, 3352, 3384, 3419, 3458, 3642, 3732, 3762, 3792, 4568, 4646, 4700, 4804, 4871, 5028, 5039, 5259, 5331, 5404, 5460, 5594, 5658, 5733, 5760, 5773, 5920, 5933, 6001, 6012, 6115, 6262, 6582, 6591, 6595, 6596, 6603, 6612, 6618, 6619, 6636, 6663, 6729, 6737, 6740, 6743, 6835, 6894, 6903, 6907, 6914, 6921, 6933, 6951, 7052, 7076, 7079, 7103, 7170, 7212, 7217, 7301, 7317, 7322, 7334, 7387, 7406, 7407, 7419, 7449, 7470, 7546, 7602, 7603, 7900, 8031, 8065, 8121, 8131, 8170, 8175, 8247, 8297, 8450, 8631, 8704, 8888, 8917, 8924, 8935, 8950, 8962, 9309, 9311, 9332, 9338, 9379, 9511, 9604, 9707, 9719, 9738, 9749, 9772, 9792, 10136, 10143, 10198, 10336, 10340, 10342, 10344, 10346, 10355, 10357, 10359, 10360, 10363, 10365, 10376, 10388, 10389, 10394, 10395, 10401, 10408, 10411, 10414, 10422, 10423, 10430, 10431, 10435, 10439, 10442, 10457, 10464, 10548, 10607, 10610, 10612, 10613, 10616, 10619, 10621, 10623, 10625, 10632, 10635, 10637, 10640, 10645, 10646, 10649, 10659, 10662, 10663, 10675, 10676, 10683, 10685, 10691, 10694, 10695, 10708, 10709, 10710, 10713, 10720, 10724, 10728, 10729, 10734, 10741, 10742, 10743, 10744, 10754, 10755, 10760, 10765, 10773, 10781, 10809, 10827, 10849, 10880, 10964, 10966, 10968, 10971, 10975, 10980, 10983, 10986, 11002, 11009, 11016, 11018, 11020, 11042, 11044, 11207, 11208, 11260, 11310, 11319, 11320, 11322, 11429, 
rel: 1 k: 5 rho: 51.9707 maxRV: 1, 7, 9, 11, 18, 27, 30, 38, 58, 68, 74, 103, 116, 129, 131, 133, 135, 140, 147, 149, 150, 155, 158, 170, 214, 218, 226, 235, 246, 253, 262, 277, 301, 319, 362, 412, 415, 444, 630, 634, 636, 652, 659, 680, 683, 685, 687, 712, 718, 736, 853, 1068, 1073, 1076, 1082, 1139, 1143, 1160, 1220, 1453, 1506, 1508, 1515, 1516, 1523, 1524, 1540, 1546, 1549, 1572, 1582, 1592, 1609, 1864, 1875, 1878, 1906, 1935, 1973, 1994, 2009, 2387, 2806, 2811, 2812, 2814, 2815, 2819, 2820, 2821, 2822, 2825, 2842, 2874, 2880, 2893, 2894, 2896, 2905, 2907, 2919, 2947, 2951, 2958, 2990, 2993, 3060, 3080, 3109, 3159, 3179, 3352, 3419, 6115, 6582, 6591, 6595, 6596, 6618, 6636, 6663, 6729, 6737, 6863, 6894, 6903, 6907, 6914, 6921, 6933, 7079, 7103, 7170, 7449, 7602, 7603, 8170, 8175, 8247, 8704, 8888, 8917, 8924, 8935, 8950, 8962, 9604, 9749, 9792, 10198, 10336, 10340, 10342, 10344, 10346, 10355, 10357, 10359, 10360, 10363, 10376, 10394, 10395, 10401, 10414, 10422, 10423, 10430, 10431, 10435, 10439, 10442, 10457, 10548, 10607, 10610, 10612, 10613, 10616, 10619, 10621, 10623, 10632, 10635, 10637, 10640, 10645, 10646, 10649, 10659, 10662, 10663, 10675, 10676, 10683, 10685, 10691, 10695, 10708, 10709, 10710, 10720, 10724, 10728, 10729, 10734, 10741, 10742, 10743, 10744, 10754, 10755, 10760, 10765, 10773, 10781, 10809, 10827, 10849, 10880, 10964, 10966, 10980, 10983, 10986, 11002, 11016, 11020, 11042, 11044, 11207, 11208, 11260, 11310, 11320, 
rel: 1 k: 6 rho: 38.7333 maxRV: 262, 634, 1073, 1076, 1875, 1878, 1906, 1935, 2806, 2811, 2812, 2814, 2815, 2819, 2821, 2822, 2825, 2842, 2874, 2880, 2893, 2894, 2896, 2919, 2947, 3080, 3352, 3419, 6596, 6636, 6903, 6907, 6914, 6921, 6933, 7103, 7170, 8888, 8917, 10198, 10336, 10340, 10342, 10344, 10346, 10355, 10357, 10359, 10360, 10363, 10376, 10394, 10395, 10414, 10422, 10423, 10430, 10435, 10439, 10442, 10457, 10607, 10610, 10612, 10613, 10616, 10619, 10621, 10623, 10632, 10635, 10637, 10640, 10645, 10646, 10659, 10662, 10663, 10675, 10676, 10683, 10685, 10691, 10695, 10708, 10709, 10710, 10720, 10724, 10728, 10729, 10734, 10741, 10742, 10743, 10754, 10755, 10760, 10765, 10773, 10781, 10809, 10966, 11016, 11020, 11042, 11208, 11260, 
rel: 1 k: 7 rho: 33.5562 maxRV: 262, 634, 1073, 1076, 1875, 1878, 1906, 1935, 2806, 2811, 2812, 2814, 2815, 2819, 2821, 2822, 2825, 2842, 2874, 2880, 2893, 2894, 2896, 2919, 2947, 3419, 6903, 6907, 6914, 6933, 7103, 7170, 8888, 10336, 10340, 10342, 10344, 10346, 10355, 10357, 10359, 10363, 10376, 10394, 10395, 10414, 10423, 10435, 10439, 10610, 10612, 10616, 10621, 10632, 10635, 10637, 10640, 10645, 10646, 10662, 10663, 10675, 10676, 10683, 10685, 10691, 10695, 10709, 10710, 10728, 10729, 10743, 10754, 10755, 10760, 10781, 10809, 10966, 11016, 11260, 
rel: 1 k: 8 rho: 31.1323 maxRV: 262, 634, 1073, 1076, 1875, 1878, 1906, 1935, 2806, 2811, 2812, 2815, 2819, 2821, 2822, 2825, 2842, 2874, 2880, 2893, 2894, 2896, 2919, 2947, 3080, 3352, 3419, 6596, 6636, 6903, 6907, 6914, 6921, 6933, 7103, 7170, 8888, 10198, 10336, 10342, 10344, 10346, 10355, 10357, 10359, 10376, 10394, 10395, 10414, 10423, 10435, 10439, 10610, 10612, 10613, 10616, 10621, 10632, 10635, 10637, 10640, 10645, 10646, 10659, 10662, 10663, 10675, 10676, 10683, 10685, 10691, 10695, 10708, 10709, 10710, 10720, 10724, 10728, 10729, 10734, 10743, 10754, 10760, 10765, 10781, 10809, 10966, 11016, 11260, 
rel: 1 k: 9 rho: 28.362 maxRV: 262, 634, 1073, 1076, 1875, 1878, 1935, 2806, 2811, 2812, 2815, 2819, 2821, 2822, 2825, 2874, 2880, 2893, 2894, 2896, 2919, 2947, 3080, 3419, 6596, 6636, 6903, 6907, 6914, 6921, 6933, 7103, 7170, 8888, 10198, 10336, 10342, 10344, 10346, 10357, 10359, 10376, 10394, 10395, 10414, 10435, 10439, 10610, 10612, 10613, 10616, 10621, 10632, 10635, 10637, 10640, 10645, 10646, 10659, 10662, 10663, 10675, 10676, 10683, 10685, 10695, 10708, 10709, 10710, 10720, 10724, 10728, 10729, 10734, 10743, 10754, 10760, 10765, 10781, 10809, 11016, 11260, 
rel: 1 k: 10 rho: 26.1971 maxRV: 262, 634, 1073, 1076, 1875, 1878, 1935, 2806, 2811, 2812, 2815, 2819, 2821, 2822, 2825, 2874, 2880, 2893, 2894, 2896, 2919, 2947, 3080, 6636, 6903, 6907, 6914, 6933, 7103, 7170, 8888, 10336, 10342, 10344, 10346, 10357, 10359, 10376, 10394, 10395, 10414, 10435, 10610, 10612, 10616, 10621, 10632, 10635, 10637, 10640, 10645, 10646, 10659, 10662, 10663, 10675, 10676, 10683, 10685, 10695, 10709, 10710, 10724, 10728, 10729, 10754, 10760, 11016, 
rel: 1 k: 11 rho: 24.2 maxRV: 262, 634, 1073, 1076, 1875, 1878, 2806, 2811, 2812, 2815, 2819, 2821, 2822, 2825, 2874, 2880, 2893, 2894, 2896, 2919, 2947, 3080, 6636, 6903, 6907, 6914, 6921, 6933, 7103, 7170, 10336, 10342, 10344, 10346, 10357, 10359, 10376, 10394, 10395, 10414, 10610, 10612, 10616, 10621, 10632, 10635, 10637, 10640, 10645, 10646, 10659, 10662, 10663, 10676, 10683, 10685, 10695, 10708, 10709, 10710, 10720, 10724, 10728, 10729, 10734, 10743, 10754, 10760, 10765, 11016, 
rel: 1 k: 12 rho: 21.1842 maxRV: 262, 634, 1073, 1076, 1875, 1878, 2806, 2811, 2812, 2815, 2819, 2821, 2822, 2825, 2874, 2880, 2893, 2894, 2896, 2919, 2947, 3080, 6636, 6903, 6907, 6914, 6921, 6933, 7170, 10336, 10342, 10344, 10346, 10359, 10376, 10394, 10395, 10414, 10610, 10612, 10621, 10632, 10635, 10637, 10640, 10645, 10646, 10659, 10662, 10663, 10676, 10683, 10685, 10708, 10709, 10710, 10720, 10724, 10728, 10729, 10734, 10743, 10765, 
rel: 1 k: 13 rho: 19.9894 maxRV: 262, 634, 1073, 1076, 1875, 1878, 2806, 2811, 2812, 2815, 2819, 2821, 2822, 2825, 2880, 2893, 2894, 2896, 2919, 2947, 3080, 6636, 6903, 6907, 6914, 6921, 6933, 7170, 10342, 10344, 10346, 10359, 10376, 10394, 10395, 10610, 10612, 10621, 10632, 10635, 10637, 10640, 10645, 10646, 10659, 10662, 10663, 10676, 10683, 10685, 10708, 10709, 10710, 10720, 10724, 10728, 10729, 10734, 10743, 10765, 
rel: 1 k: 14 rho: 17.6179 maxRV: 262, 634, 1073, 1076, 1875, 2806, 2811, 2812, 2815, 2819, 2821, 2822, 2825, 2880, 2893, 2896, 2919, 2947, 3080, 6903, 6907, 6914, 6921, 6933, 7170, 10342, 10344, 10346, 10359, 10376, 10394, 10395, 10610, 10612, 10621, 10632, 10635, 10637, 10640, 10645, 10659, 10662, 10663, 10676, 10683, 10708, 10710, 10724, 10728, 10729, 10734, 10743, 10765, 
rel: 1 k: 15 rho: 16.0244 maxRV: 262, 634, 1073, 1076, 1875, 2806, 2811, 2812, 2815, 2819, 2821, 2822, 2825, 2880, 2893, 2896, 2919, 2947, 3080, 6903, 6907, 6914, 6921, 6933, 7170, 10344, 10346, 10359, 10376, 10610, 10612, 10621, 10632, 10635, 10637, 10640, 10645, 10659, 10662, 10663, 10676, 10683, 10710, 10729, 10743, 
rel: 1 k: 16 rho: 14.9038 maxRV: 262, 634, 1073, 1076, 1875, 2806, 2811, 2812, 2815, 2819, 2821, 2825, 2880, 2893, 2896, 2919, 3080, 6903, 6914, 6921, 6933, 7170, 10342, 10344, 10346, 10359, 10376, 10610, 10612, 10621, 10632, 10635, 10637, 10640, 10645, 10659, 10662, 10663, 10676, 10683, 10708, 10710, 10724, 10729, 10734, 10743, 
rel: 1 k: 17 rho: 7.87388 maxRV: 2811, 2815, 2819, 2919, 6914, 10344, 10359, 10610, 10612, 10621, 10632, 10635, 10637, 10645, 10659, 10662, 10663, 10676, 10683, 10708, 10729, 
rel: 1 k: 18 rho: 7.84898 maxRV: 2811, 2815, 2819, 2919, 6914, 10344, 10359, 10610, 10612, 10621, 10632, 10635, 10637, 10645, 10659, 10662, 10663, 10676, 10683, 10708, 10724, 10729, 
query: 52
Construct Successful.
query: 53
Construct Successful.
query: 54
Construct Successful.
query: 55
Construct Successful.
query: 56
Construct Successful.
query: 57
Construct Successful.
query: 58
Construct Successful.
query: 59
Construct Successful.
query: 60
Construct Successful.
query: 61
Construct Successful.
query: 62
Construct Successful.
query: 63
Construct Successful.
query: 64
Construct Successful.
query: 65
Construct Successful.
query: 66
Construct Successful.
query: 67
Construct Successful.
query: 68
Construct Successful.
query: 69
Construct Successful.
query: 70
Construct Successful.
query: 71
Construct Successful.
query: 72
Construct Successful.
query: 73
Construct Successful.
query: 74
Construct Successful.
query: 75
Construct Successful.
query: 76
Construct Successful.
query: 77
Construct Successful.
query: 78
Construct Successful.
query: 79
Construct Successful.
query: 80
Construct Successful.
rel: 1 k: 5 rho: 1.32405 maxRV: 0, 1, 2, 3, 4, 
rel: 1 k: 4 rho: 1.78952 maxRV: 0, 1, 2, 3, 4, 5, 
rel: 1 k: 3 rho: 2.2565 maxRV: 0, 1, 2, 3, 4, 5, 9, 
rel: 1 k: 3 rho: 2.2565 maxRV: 2812, 2821, 2874, 2896, 6907, 7108, 10619, 
rel: 1 k: 4 rho: 1.78952 maxRV: 2812, 2821, 2874, 2896, 6907, 7108, 
rel: 1 k: 5 rho: 1.32405 maxRV: 2812, 2821, 2874, 2896, 6907, 
rel: 1 k: 3 rho: 2.2565 maxRV: 2812, 2821, 2874, 2896, 6907, 7108, 10619, 
rel: 1 k: 4 rho: 1.78952 maxRV: 2812, 2821, 2874, 2896, 6907, 7108, 
rel: 1 k: 5 rho: 1.32405 maxRV: 2812, 2821, 2874, 2896, 6907, 
query: 81
Construct Successful.
query: 82
Construct Successful.
query: 83
Construct Successful.
query: 84
Construct Successful.
query: 85
Construct Successful.
query: 86
Construct Successful.
query: 87
Construct Successful.
query: 88
Construct Successful.
query: 89
Construct Successful.
query: 90
Construct Successful.
rel: 1 k: 19 rho: 7.39298 maxRV: 0, 1, 2, 3, 4, 5, 6, 7, 8, 9, 10, 11, 12, 13, 14, 15, 16, 17, 18, 19, 
rel: 1 k: 18 rho: 8.4316 maxRV: 0, 1, 2, 3, 4, 5, 6, 7, 8, 9, 10, 11, 12, 13, 14, 15, 16, 18, 19, 20, 21, 
rel: 1 k: 17 rho: 10.2567 maxRV: 0, 1, 2, 3, 4, 5, 6, 7, 8, 9, 10, 11, 12, 13, 14, 15, 16, 17, 18, 19, 20, 21, 22, 23, 24, 25, 
rel: 1 k: 16 rho: 10.3652 maxRV: 0, 1, 2, 3, 4, 5, 6, 7, 8, 9, 10, 11, 12, 13, 14, 15, 16, 18, 19, 20, 21, 22, 23, 24, 25, 
rel: 1 k: 15 rho: 10.8424 maxRV: 0, 1, 2, 3, 5, 6, 7, 8, 9, 10, 11, 12, 13, 14, 15, 16, 17, 18, 19, 20, 21, 22, 23, 24, 25, 30, 
rel: 1 k: 14 rho: 16.9107 maxRV: 0, 1, 2, 3, 4, 5, 6, 7, 8, 9, 10, 11, 12, 13, 14, 15, 16, 17, 18, 19, 20, 21, 22, 23, 24, 25, 26, 27, 28, 29, 30, 31, 32, 33, 34, 35, 36, 37, 38, 39, 40, 41, 42, 43, 44, 45, 46, 47, 48, 49, 
rel: 1 k: 13 rho: 19.7407 maxRV: 0, 1, 2, 3, 4, 5, 6, 7, 8, 9, 10, 11, 12, 13, 14, 15, 16, 17, 18, 19, 20, 21, 22, 23, 24, 25, 26, 27, 28, 29, 30, 31, 32, 33, 34, 35, 36, 37, 38, 39, 40, 41, 42, 43, 44, 45, 46, 47, 48, 49, 50, 51, 52, 53, 54, 55, 56, 57, 58, 
rel: 1 k: 12 rho: 21.1138 maxRV: 0, 1, 2, 3, 4, 5, 6, 7, 8, 9, 10, 11, 12, 13, 14, 15, 16, 17, 18, 19, 20, 21, 22, 23, 24, 25, 26, 27, 28, 29, 30, 31, 32, 33, 34, 35, 36, 37, 38, 39, 40, 41, 42, 43, 44, 45, 46, 47, 48, 49, 50, 51, 52, 53, 54, 55, 56, 57, 58, 59, 60, 61, 62, 
rel: 1 k: 11 rho: 23.5741 maxRV: 0, 1, 2, 3, 4, 5, 6, 7, 8, 9, 10, 11, 12, 13, 14, 15, 16, 17, 18, 19, 20, 21, 22, 23, 24, 25, 29, 30, 31, 33, 34, 35, 36, 37, 38, 39, 40, 41, 42, 43, 44, 45, 46, 47, 49, 51, 53, 54, 56, 57, 58, 60, 61, 62, 63, 64, 65, 66, 67, 68, 
rel: 1 k: 10 rho: 26.3677 maxRV: 0, 1, 2, 3, 4, 5, 6, 7, 8, 9, 10, 11, 12, 13, 14, 15, 16, 17, 18, 19, 20, 21, 22, 23, 24, 25, 26, 30, 31, 33, 34, 35, 36, 37, 38, 39, 40, 41, 42, 43, 44, 45, 46, 47, 48, 49, 51, 53, 54, 56, 57, 58, 60, 61, 62, 63, 64, 65, 66, 67, 68, 92, 93, 94, 96, 97, 98, 
rel: 1 k: 9 rho: 28.7345 maxRV: 0, 1, 2, 3, 4, 5, 6, 7, 8, 9, 10, 11, 12, 13, 14, 15, 16, 17, 18, 19, 20, 21, 22, 23, 24, 25, 30, 31, 33, 34, 35, 36, 37, 38, 39, 40, 41, 42, 43, 44, 45, 46, 47, 48, 49, 51, 53, 54, 55, 56, 57, 58, 60, 61, 62, 63, 64, 65, 66, 67, 68, 92, 93, 94, 96, 97, 98, 106, 107, 108, 109, 110, 
rel: 1 k: 8 rho: 29.9216 maxRV: 0, 1, 2, 3, 5, 6, 7, 8, 9, 10, 11, 12, 13, 14, 15, 16, 17, 18, 19, 20, 21, 22, 23, 24, 25, 30, 31, 33, 34, 35, 36, 37, 38, 39, 40, 41, 42, 43, 44, 45, 46, 47, 48, 49, 51, 53, 54, 56, 57, 58, 60, 61, 62, 63, 64, 65, 66, 67, 68, 92, 93, 94, 96, 97, 98, 106, 107, 108, 109, 110, 132, 133, 
rel: 1 k: 7 rho: 40.5106 maxRV: 0, 1, 2, 3, 4, 5, 6, 7, 8, 9, 10, 11, 12, 13, 14, 15, 16, 17, 18, 19, 20, 21, 22, 23, 24, 25, 26, 27, 28, 29, 30, 31, 32, 33, 34, 35, 36, 37, 38, 39, 40, 41, 42, 43, 44, 45, 46, 47, 48, 49, 50, 51, 52, 53, 54, 55, 56, 57, 58, 59, 60, 61, 62, 63, 64, 65, 66, 67, 68, 69, 70, 71, 72, 73, 74, 75, 76, 77, 78, 79, 80, 81, 82, 83, 84, 85, 86, 87, 88, 89, 90, 91, 92, 93, 94, 95, 96, 97, 98, 99, 100, 101, 102, 103, 104, 105, 106, 107, 108, 109, 110, 111, 112, 113, 114, 115, 116, 117, 118, 119, 120, 121, 122, 123, 124, 125, 126, 127, 128, 129, 130, 131, 132, 133, 134, 135, 136, 137, 138, 139, 140, 141, 142, 143, 144, 145, 146, 147, 148, 149, 150, 151, 152, 153, 154, 155, 156, 157, 158, 159, 160, 161, 169, 170, 171, 172, 173, 181, 182, 183, 184, 185, 186, 187, 188, 189, 190, 191, 192, 193, 194, 195, 
rel: 1 k: 6 rho: 53.0693 maxRV: 0, 1, 2, 3, 4, 5, 6, 7, 8, 9, 10, 11, 12, 13, 14, 15, 16, 17, 18, 19, 20, 21, 22, 23, 24, 25, 26, 27, 28, 29, 30, 31, 32, 33, 34, 35, 36, 37, 38, 39, 40, 41, 42, 43, 44, 45, 46, 47, 48, 49, 50, 51, 52, 53, 54, 55, 56, 57, 58, 59, 60, 61, 62, 63, 64, 65, 66, 67, 68, 69, 70, 71, 72, 73, 74, 75, 76, 77, 78, 79, 80, 81, 82, 83, 84, 85, 86, 87, 88, 89, 90, 91, 92, 93, 94, 95, 96, 97, 98, 99, 100, 101, 102, 103, 104, 105, 106, 107, 108, 109, 110, 111, 112, 113, 114, 115, 116, 117, 118, 119, 120, 121, 122, 123, 124, 125, 126, 127, 128, 129, 130, 131, 132, 133, 134, 135, 136, 137, 138, 139, 140, 141, 142, 143, 144, 145, 146, 147, 148, 149, 150, 151, 152, 153, 154, 155, 156, 157, 158, 159, 160, 161, 169, 170, 171, 172, 173, 174, 175, 176, 177, 178, 179, 180, 181, 182, 183, 184, 185, 186, 187, 188, 189, 190, 191, 192, 193, 194, 195, 196, 197, 198, 199, 200, 201, 202, 203, 204, 205, 206, 207, 208, 209, 210, 211, 212, 213, 218, 219, 220, 221, 222, 223, 224, 225, 226, 227, 228, 229, 237, 238, 239, 240, 241, 242, 243, 244, 245, 246, 247, 248, 249, 250, 251, 252, 253, 254, 255, 
rel: 1 k: 5 rho: 84.2365 maxRV: 0, 1, 2, 3, 4, 5, 6, 7, 8, 9, 10, 11, 12, 13, 14, 15, 16, 17, 18, 19, 20, 21, 22, 23, 24, 25, 26, 27, 28, 29, 30, 31, 32, 33, 34, 35, 36, 37, 38, 39, 40, 41, 42, 43, 44, 45, 46, 47, 48, 49, 50, 51, 52, 53, 54, 55, 56, 57, 58, 59, 60, 61, 62, 63, 64, 65, 66, 67, 68, 69, 70, 71, 72, 73, 74, 75, 76, 77, 78, 79, 80, 81, 82, 83, 84, 85, 86, 87, 88, 89, 90, 91, 92, 93, 94, 95, 96, 97, 98, 99, 100, 101, 102, 103, 104, 105, 106, 107, 108, 109, 110, 111, 112, 113, 114, 115, 116, 117, 118, 119, 120, 121, 122, 123, 124, 125, 126, 127, 128, 129, 130, 131, 132, 133, 134, 135, 136, 137, 138, 139, 140, 141, 142, 143, 144, 145, 146, 147, 148, 149, 150, 151, 152, 153, 154, 155, 156, 157, 158, 159, 160, 161, 162, 163, 164, 165, 166, 167, 168, 169, 170, 171, 172, 173, 174, 175, 176, 177, 178, 179, 180, 181, 182, 183, 184, 185, 186, 187, 188, 189, 190, 191, 192, 193, 194, 195, 196, 197, 198, 199, 200, 201, 202, 203, 204, 205, 206, 207, 208, 209, 210, 211, 212, 213, 214, 215, 216, 217, 218, 219, 220, 221, 222, 223, 224, 225, 226, 227, 228, 229, 237, 238, 239, 240, 241, 242, 243, 244, 245, 246, 247, 248, 249, 250, 251, 252, 253, 254, 255, 256, 257, 258, 259, 260, 261, 262, 263, 264, 265, 266, 267, 268, 269, 270, 271, 272, 273, 280, 281, 282, 283, 284, 285, 286, 287, 288, 289, 295, 296, 297, 298, 299, 300, 301, 302, 303, 304, 305, 306, 307, 308, 309, 310, 311, 312, 313, 314, 315, 316, 322, 323, 324, 325, 331, 332, 333, 334, 335, 336, 337, 338, 339, 340, 341, 342, 343, 344, 345, 346, 347, 352, 353, 354, 355, 356, 357, 358, 359, 360, 361, 362, 363, 364, 365, 366, 367, 368, 369, 370, 382, 383, 384, 385, 386, 387, 388, 389, 390, 391, 392, 393, 394, 395, 396, 397, 398, 399, 400, 401, 402, 403, 404, 405, 411, 412, 413, 417, 
rel: 1 k: 4 rho: 175.072 maxRV: 4, 6, 12, 13, 16, 17, 26, 27, 28, 29, 32, 38, 39, 40, 41, 42, 43, 44, 45, 46, 47, 48, 50, 52, 53, 55, 58, 59, 68, 69, 70, 71, 72, 73, 74, 75, 76, 77, 78, 79, 80, 81, 82, 83, 84, 85, 86, 87, 88, 89, 90, 91, 95, 98, 99, 100, 101, 102, 103, 104, 105, 108, 109, 111, 112, 113, 114, 115, 116, 117, 118, 119, 120, 121, 122, 123, 124, 125, 126, 127, 128, 129, 130, 131, 134, 136, 137, 138, 139, 140, 141, 142, 143, 144, 145, 146, 147, 148, 149, 150, 151, 154, 155, 157, 159, 160, 161, 162, 163, 164, 165, 166, 167, 168, 169, 170, 171, 172, 173, 174, 175, 176, 177, 178, 179, 180, 181, 182, 183, 184, 185, 186, 187, 188, 189, 190, 191, 192, 193, 194, 195, 198, 199, 200, 203, 204, 205, 206, 207, 208, 209, 210, 211, 212, 213, 214, 215, 216, 217, 218, 219, 220, 221, 222, 223, 224, 225, 226, 227, 228, 229, 237, 238, 239, 240, 241, 242, 243, 245, 246, 247, 248, 249, 250, 251, 252, 253, 254, 255, 257, 260, 265, 266, 274, 275, 276, 277, 278, 279, 280, 282, 283, 284, 285, 286, 287, 288, 290, 291, 292, 293, 294, 295, 296, 298, 299, 300, 302, 303, 304, 305, 306, 307, 308, 309, 310, 311, 312, 313, 314, 315, 316, 322, 323, 324, 325, 331, 332, 333, 334, 335, 336, 337, 338, 339, 340, 341, 342, 343, 344, 345, 346, 352, 353, 354, 356, 357, 358, 359, 361, 363, 364, 365, 366, 367, 368, 369, 370, 371, 372, 373, 374, 375, 376, 377, 378, 379, 380, 381, 382, 383, 384, 385, 386, 387, 388, 389, 390, 391, 392, 393, 394, 395, 396, 397, 398, 399, 400, 401, 402, 403, 404, 405, 411, 412, 413, 417, 420, 421, 422, 423, 425, 427, 428, 431, 432, 433, 434, 436, 437, 438, 439, 440, 441, 442, 443, 444, 445, 449, 450, 451, 452, 453, 454, 455, 456, 457, 458, 459, 460, 461, 462, 463, 464, 470, 471, 472, 473, 474, 475, 476, 477, 478, 479, 480, 481, 482, 483, 484, 485, 486, 487, 488, 489, 490, 491, 492, 493, 494, 495, 496, 497, 498, 499, 500, 501, 502, 503, 504, 505, 506, 507, 508, 509, 510, 513, 514, 515, 516, 517, 518, 519, 520, 521, 522, 523, 524, 525, 526, 527, 529, 530, 531, 532, 533, 534, 535, 536, 537, 538, 539, 540, 541, 542, 543, 544, 545, 546, 547, 548, 549, 550, 551, 553, 554, 555, 556, 557, 559, 560, 561, 562, 563, 564, 565, 566, 567, 569, 570, 571, 572, 573, 575, 576, 577, 578, 579, 580, 581, 584, 585, 586, 587, 588, 589, 590, 591, 592, 593, 594, 595, 597, 598, 599, 600, 601, 602, 603, 604, 605, 606, 607, 608, 609, 610, 611, 612, 613, 614, 615, 616, 617, 618, 619, 620, 621, 622, 623, 624, 625, 626, 627, 628, 629, 635, 636, 637, 638, 639, 640, 641, 642, 643, 644, 645, 646, 647, 648, 649, 650, 651, 652, 653, 654, 655, 656, 657, 658, 659, 660, 661, 662, 663, 664, 665, 666, 667, 668, 669, 670, 671, 672, 673, 674, 675, 676, 677, 678, 680, 681, 682, 683, 684, 685, 686, 687, 688, 689, 691, 692, 693, 694, 695, 696, 697, 698, 699, 700, 701, 702, 703, 704, 705, 706, 707, 708, 709, 710, 711, 712, 713, 714, 715, 716, 717, 718, 
rel: 1 k: 3 rho: 466.814 maxRV: 4, 13, 16, 17, 26, 27, 28, 29, 32, 36, 38, 39, 40, 42, 43, 47, 48, 50, 52, 55, 58, 59, 69, 70, 71, 72, 73, 74, 75, 76, 77, 78, 79, 80, 81, 82, 83, 84, 85, 86, 87, 88, 89, 90, 91, 95, 99, 100, 101, 102, 103, 104, 105, 109, 111, 112, 113, 114, 115, 116, 117, 118, 119, 120, 121, 122, 123, 124, 125, 126, 127, 128, 129, 130, 131, 134, 136, 137, 138, 139, 140, 141, 142, 143, 144, 145, 146, 147, 148, 149, 154, 155, 159, 160, 161, 162, 163, 164, 165, 166, 167, 168, 169, 170, 171, 172, 173, 174, 175, 176, 177, 178, 179, 180, 181, 182, 183, 184, 185, 186, 187, 188, 190, 191, 192, 193, 194, 195, 198, 199, 200, 203, 204, 205, 206, 207, 208, 209, 210, 211, 212, 213, 214, 215, 216, 217, 218, 219, 220, 221, 222, 223, 224, 225, 226, 227, 228, 229, 230, 231, 232, 233, 234, 235, 236, 237, 238, 239, 240, 241, 242, 243, 245, 246, 247, 248, 249, 250, 251, 252, 253, 254, 255, 257, 260, 265, 266, 274, 275, 276, 277, 278, 279, 280, 282, 283, 284, 285, 286, 287, 288, 289, 290, 291, 292, 293, 294, 295, 298, 299, 300, 302, 303, 304, 305, 306, 307, 308, 309, 310, 311, 312, 313, 314, 315, 316, 317, 318, 319, 320, 321, 322, 323, 324, 325, 326, 327, 328, 329, 330, 331, 332, 333, 334, 335, 336, 337, 338, 339, 340, 341, 342, 343, 344, 345, 346, 348, 349, 350, 351, 352, 353, 354, 356, 357, 358, 359, 361, 363, 364, 365, 366, 367, 368, 369, 370, 371, 372, 373, 374, 375, 376, 377, 378, 379, 380, 381, 382, 383, 384, 385, 386, 387, 388, 389, 390, 391, 392, 393, 394, 395, 396, 397, 398, 399, 400, 401, 402, 403, 404, 405, 406, 407, 408, 409, 410, 411, 412, 413, 414, 415, 416, 417, 420, 421, 422, 423, 425, 427, 428, 431, 432, 433, 434, 436, 437, 438, 439, 440, 441, 442, 443, 444, 445, 449, 450, 451, 452, 453, 454, 455, 456, 457, 458, 459, 460, 461, 462, 463, 464, 465, 466, 467, 468, 469, 470, 471, 472, 473, 474, 475, 476, 477, 478, 479, 480, 481, 482, 483, 484, 485, 486, 487, 488, 489, 490, 491, 492, 493, 494, 495, 496, 497, 498, 499, 500, 501, 502, 503, 504, 505, 506, 507, 508, 509, 510, 511, 514, 515, 516, 517, 518, 519, 520, 521, 522, 523, 524, 525, 526, 527, 528, 529, 530, 531, 532, 533, 534, 535, 536, 537, 538, 539, 540, 541, 542, 543, 544, 545, 546, 547, 548, 549, 550, 551, 553, 554, 555, 556, 557, 558, 559, 560, 561, 562, 563, 564, 565, 566, 567, 568, 569, 570, 571, 572, 573, 575, 576, 577, 578, 579, 580, 582, 583, 584, 585, 586, 588, 589, 590, 591, 592, 593, 594, 595, 596, 597, 598, 599, 600, 601, 602, 603, 604, 605, 606, 607, 608, 609, 610, 611, 612, 613, 614, 615, 616, 617, 618, 619, 620, 621, 622, 623, 624, 625, 626, 627, 628, 629, 630, 631, 632, 633, 634, 635, 636, 637, 638, 639, 640, 641, 642, 643, 644, 645, 646, 647, 648, 649, 650, 651, 652, 653, 654, 655, 656, 657, 658, 659, 660, 661, 662, 663, 664, 665, 666, 667, 668, 669, 670, 671, 672, 673, 674, 675, 676, 677, 678, 680, 681, 682, 683, 684, 685, 686, 687, 688, 689, 690, 691, 692, 693, 694, 695, 696, 697, 698, 699, 700, 701, 704, 705, 706, 707, 708, 709, 710, 711, 712, 713, 714, 715, 716, 717, 718, 719, 720, 721, 722, 726, 727, 728, 729, 730, 731, 732, 735, 740, 741, 748, 749, 750, 751, 752, 753, 758, 759, 760, 761, 762, 763, 764, 765, 766, 767, 768, 769, 770, 771, 772, 773, 774, 775, 776, 777, 778, 779, 780, 781, 783, 784, 785, 786, 787, 788, 789, 790, 791, 792, 793, 794, 795, 796, 797, 798, 799, 800, 801, 802, 803, 804, 805, 806, 807, 808, 810, 811, 812, 813, 814, 815, 816, 817, 818, 819, 820, 821, 822, 823, 824, 825, 826, 827, 828, 829, 830, 831, 832, 833, 836, 837, 838, 839, 840, 841, 844, 845, 846, 847, 848, 849, 850, 851, 852, 853, 854, 855, 856, 857, 858, 859, 860, 861, 862, 864, 865, 866, 867, 868, 869, 870, 871, 872, 873, 874, 875, 876, 877, 881, 882, 883, 884, 885, 886, 887, 888, 889, 890, 892, 893, 894, 895, 897, 898, 899, 900, 904, 905, 906, 907, 908, 909, 910, 911, 912, 913, 914, 915, 916, 917, 918, 919, 920, 921, 922, 923, 924, 925, 926, 927, 928, 929, 930, 932, 933, 934, 935, 936, 937, 938, 939, 940, 942, 943, 944, 945, 946, 947, 948, 949, 950, 951, 952, 953, 954, 955, 956, 957, 958, 959, 960, 961, 964, 965, 966, 967, 968, 969, 970, 971, 972, 973, 974, 975, 976, 977, 978, 979, 980, 981, 983, 984, 985, 986, 987, 988, 989, 990, 991, 992, 993, 994, 995, 996, 997, 998, 999, 1000, 1001, 1002, 1003, 1004, 1005, 1006, 1007, 1008, 1009, 1010, 1011, 1012, 1013, 1014, 1015, 1016, 1017, 1018, 1020, 1021, 1022, 1023, 1024, 1025, 1026, 1027, 1028, 1029, 1030, 1031, 1032, 1033, 1034, 1035, 1036, 1037, 1038, 1039, 1040, 1041, 1042, 1043, 1044, 1045, 1046, 1048, 1049, 1050, 1051, 1052, 1053, 1054, 1055, 1056, 1057, 1058, 1059, 1060, 1061, 1062, 1063, 1064, 1065, 1066, 1067, 1068, 1069, 1070, 1071, 1073, 1074, 1075, 1076, 1077, 1078, 1079, 1080, 1081, 1082, 1083, 1084, 1085, 1086, 1087, 1088, 1089, 1090, 1091, 1092, 1093, 1094, 1095, 1096, 1097, 1098, 1099, 1100, 1101, 1102, 1103, 1104, 1106, 1107, 1108, 1109, 1111, 1112, 1113, 1114, 1115, 1116, 1117, 1118, 1119, 1120, 1121, 1122, 1123, 1124, 1125, 1126, 1127, 1128, 1129, 1130, 1131, 1132, 1133, 1134, 1135, 1136, 1137, 1138, 1139, 1140, 1141, 1142, 1143, 1144, 1145, 1146, 1147, 1148, 1149, 1150, 1151, 1152, 1153, 1154, 1155, 1156, 1157, 1158, 1159, 1160, 1161, 1162, 1163, 1164, 1166, 1167, 1168, 1169, 1170, 1171, 1173, 1174, 1175, 1176, 1177, 1178, 1179, 1180, 1181, 1182, 1183, 1184, 1186, 1188, 1189, 1190, 1191, 1192, 1193, 1194, 1195, 1196, 1197, 1198, 1199, 1200, 1201, 1202, 1203, 1204, 1206, 1207, 1208, 1209, 1210, 1211, 1212, 1214, 1215, 1216, 1217, 1218, 1219, 1220, 1221, 1222, 1223, 1224, 1225, 1226, 1227, 1228, 1229, 1230, 1231, 1232, 1233, 1234, 1235, 1236, 1237, 1238, 1239, 1240, 1241, 1242, 1244, 1245, 1246, 1247, 1248, 1249, 1250, 1254, 1255, 1256, 1257, 1258, 1259, 1260, 1261, 1262, 1263, 1264, 1265, 1266, 1267, 1268, 1269, 1270, 1271, 1272, 1273, 1274, 1275, 1276, 1277, 1278, 1279, 1280, 1281, 1282, 1283, 1284, 1285, 1286, 1287, 1288, 1289, 1290, 1291, 1292, 1293, 1294, 1295, 1296, 1297, 1298, 1299, 1300, 1301, 1302, 1303, 1304, 1305, 1306, 1307, 1308, 1309, 1310, 1312, 1313, 1314, 1315, 1316, 1317, 1318, 1319, 1320, 1321, 1322, 1323, 1324, 1325, 1326, 1327, 1328, 1329, 1330, 1331, 1332, 1333, 1334, 1335, 1336, 1337, 1338, 1339, 1340, 1341, 1342, 1343, 1344, 1345, 1346, 1347, 1348, 1349, 1350, 1351, 1352, 1353, 1354, 1355, 1356, 1357, 1358, 1359, 1360, 1361, 1362, 1363, 1364, 1365, 1366, 1367, 1368, 1369, 1370, 1371, 1372, 1373, 1374, 1375, 1376, 1377, 1379, 1380, 1381, 1382, 1383, 1384, 1385, 1386, 1387, 1388, 1389, 1390, 1391, 1392, 1393, 1394, 1395, 1396, 1397, 1398, 1399, 1400, 1401, 1402, 1403, 1404, 1405, 1406, 1407, 1408, 1409, 1410, 1411, 1412, 1413, 1414, 1415, 1416, 1417, 1418, 1421, 1422, 1423, 1424, 1425, 1426, 1427, 1428, 1429, 1430, 1431, 1432, 1433, 1434, 1435, 1436, 1437, 1438, 1439, 1440, 1441, 1442, 1443, 1444, 1445, 1446, 1447, 1448, 1449, 1451, 1452, 1453, 1455, 1456, 1457, 1458, 1459, 1460, 1461, 1462, 1463, 1464, 1465, 1466, 1467, 1468, 1469, 1470, 1471, 1472, 1476, 1477, 1478, 1479, 1480, 1481, 1482, 1483, 1484, 1485, 1489, 1490, 1491, 1492, 1493, 1494, 1495, 1496, 1497, 1498, 1499, 1500, 1501, 1502, 1503, 1504, 1505, 1506, 1507, 1508, 1509, 1510, 1511, 1512, 1513, 1514, 1515, 1516, 1517, 1518, 1519, 1520, 1521, 1522, 1523, 1524, 1525, 1526, 1527, 1528, 1529, 1530, 1531, 1532, 1533, 1534, 1538, 1539, 1540, 1541, 1542, 1543, 1547, 1548, 1549, 1550, 1551, 1552, 1553, 1554, 1555, 1556, 1557, 1561, 1562, 1563, 1564, 1565, 1566, 1567, 1568, 1570, 1571, 1572, 1573, 1574, 1575, 1576, 1577, 1581, 1582, 1583, 1584, 1585, 1589, 1590, 1591, 1592, 1593, 1594, 1595, 1596, 1597, 1598, 1599, 1600, 
rel: 1 k: 3 rho: 466.814 maxRV: 2, 3, 7, 9, 13, 15, 18, 20, 23, 29, 30, 34, 36, 43, 44, 46, 47, 50, 61, 64, 70, 75, 80, 84, 88, 91, 92, 95, 97, 101, 104, 105, 120, 135, 136, 137, 139, 142, 143, 146, 147, 153, 155, 157, 159, 162, 170, 174, 175, 176, 181, 189, 190, 191, 192, 195, 199, 200, 204, 207, 209, 210, 211, 212, 218, 225, 229, 231, 246, 248, 252, 253, 256, 259, 260, 262, 263, 267, 278, 280, 281, 283, 298, 300, 304, 306, 307, 315, 317, 320, 321, 324, 325, 343, 344, 348, 349, 353, 354, 368, 378, 381, 383, 384, 387, 407, 413, 415, 424, 427, 431, 437, 445, 449, 455, 457, 470, 492, 502, 511, 512, 518, 527, 529, 558, 568, 576, 577, 590, 593, 598, 599, 608, 609, 626, 639, 641, 642, 647, 648, 650, 652, 661, 666, 679, 682, 684, 686, 696, 707, 711, 712, 714, 718, 719, 721, 722, 735, 740, 767, 791, 792, 836, 853, 854, 875, 878, 879, 880, 881, 883, 893, 894, 908, 912, 921, 924, 950, 962, 965, 966, 967, 969, 970, 971, 974, 976, 978, 990, 992, 994, 997, 1003, 1006, 1009, 1020, 1027, 1035, 1036, 1037, 1038, 1039, 1042, 1047, 1050, 1051, 1052, 1055, 1061, 1079, 1082, 1093, 1109, 1122, 1124, 1126, 1133, 1142, 1150, 1156, 1158, 1162, 1163, 1164, 1168, 1170, 1177, 1179, 1192, 1210, 1213, 1220, 1226, 1228, 1230, 1239, 1240, 1241, 1243, 1255, 1256, 1258, 1260, 1263, 1265, 1267, 1270, 1271, 1280, 1302, 1304, 1307, 1308, 1309, 1310, 1314, 1315, 1320, 1324, 1335, 1350, 1351, 1356, 1358, 1359, 1361, 1412, 1414, 1416, 1417, 1419, 1430, 1435, 1436, 1445, 1452, 1458, 1459, 1489, 1502, 1504, 1505, 1507, 1510, 1515, 1516, 1521, 1523, 1525, 1528, 1531, 1545, 1554, 1570, 1583, 1587, 1592, 1604, 1632, 1639, 1659, 1660, 1662, 1665, 1668, 1670, 1673, 1676, 1692, 1698, 1710, 1715, 1720, 1725, 1729, 1730, 1732, 1748, 1752, 1758, 1759, 1760, 1766, 1769, 1772, 1780, 1781, 1785, 1798, 1801, 1803, 1815, 1816, 1817, 1818, 1820, 1845, 1859, 1861, 1862, 1864, 1866, 1867, 1868, 1871, 1872, 1879, 1892, 1898, 1905, 1917, 1954, 1961, 1973, 1986, 1989, 1994, 1996, 2009, 2020, 2024, 2030, 2037, 2039, 2042, 2046, 2057, 2058, 2059, 2066, 2076, 2077, 2081, 2090, 2093, 2096, 2097, 2103, 2106, 2131, 2133, 2136, 2149, 2152, 2156, 2157, 2173, 2180, 2187, 2197, 2199, 2201, 2206, 2222, 2225, 2231, 2232, 2234, 2235, 2236, 2237, 2238, 2242, 2244, 2247, 2252, 2259, 2261, 2266, 2267, 2275, 2282, 2288, 2299, 2305, 2308, 2311, 2312, 2313, 2315, 2317, 2321, 2322, 2324, 2328, 2338, 2339, 2341, 2356, 2364, 2369, 2377, 2380, 2383, 2385, 2387, 2391, 2394, 2396, 2397, 2408, 2411, 2421, 2428, 2432, 2443, 2455, 2460, 2463, 2467, 2475, 2477, 2478, 2484, 2495, 2497, 2503, 2507, 2510, 2519, 2529, 2531, 2532, 2533, 2535, 2538, 2545, 2548, 2554, 2556, 2557, 2561, 2580, 2601, 2608, 2613, 2617, 2618, 2623, 2626, 2630, 2635, 2639, 2641, 2659, 2660, 2664, 2670, 2680, 2690, 2696, 2700, 2701, 2713, 2720, 2724, 2726, 2738, 2740, 2742, 2761, 2778, 2810, 2811, 2812, 2813, 2814, 2817, 2826, 2835, 2840, 2841, 2843, 2847, 2849, 2850, 2868, 2871, 2883, 2888, 2901, 2903, 2904, 2905, 2906, 2920, 2929, 2933, 2942, 2944, 2949, 2953, 2957, 2958, 2977, 2990, 2993, 2998, 3029, 3036, 3045, 3049, 3052, 3060, 3063, 3065, 3069, 3072, 3075, 3081, 3085, 3093, 3096, 3097, 3108, 3109, 3111, 3112, 3131, 3148, 3151, 3154, 3180, 3181, 3186, 3198, 3220, 3239, 3247, 3251, 3256, 3259, 3263, 3305, 3314, 3328, 3337, 3342, 3349, 3350, 3351, 3352, 3357, 3373, 3379, 3380, 3384, 3389, 3399, 3406, 3417, 3427, 3452, 3479, 3511, 3523, 3525, 3527, 3540, 3580, 3583, 3596, 3618, 3626, 3631, 3635, 3639, 3645, 3655, 3663, 3680, 3687, 3689, 3692, 3703, 3706, 3721, 3732, 3733, 3742, 3744, 3750, 3753, 3757, 3773, 3781, 3786, 3796, 3806, 3818, 3846, 3861, 3871, 3873, 3880, 3883, 3889, 3905, 3920, 3924, 3932, 3938, 3941, 3946, 3948, 3950, 3979, 3985, 3989, 4015, 4028, 4045, 4057, 4065, 4069, 4086, 4096, 4111, 4112, 4129, 4140, 4166, 4172, 4181, 4190, 4197, 4200, 4201, 4203, 4283, 4297, 4305, 4313, 4320, 4325, 4332, 4334, 4380, 4381, 4383, 4392, 4403, 4406, 4417, 4426, 4429, 4433, 4449, 4471, 4474, 4533, 4546, 4568, 4573, 4583, 4611, 4617, 4618, 4622, 4627, 4629, 4632, 4642, 4653, 4657, 4658, 4659, 4660, 4669, 4673, 4689, 4690, 4696, 4700, 4710, 4711, 4723, 4728, 4729, 4740, 4767, 4784, 4791, 4825, 4826, 4841, 4843, 4845, 4854, 4863, 4867, 4871, 4878, 4881, 4885, 4886, 4887, 4890, 4902, 4932, 4973, 4981, 4986, 4991, 4993, 5033, 5036, 5039, 5049, 5055, 5056, 5067, 5078, 5085, 5094, 5101, 5104, 5108, 5111, 5132, 5150, 5152, 5161, 5196, 5210, 5215, 5220, 5252, 5254, 5259, 5285, 5287, 5291, 5321, 5325, 5326, 5331, 5339, 5343, 5355, 5376, 5380, 5395, 5398, 5404, 5415, 5419, 5421, 5422, 5425, 5439, 5443, 5450, 5465, 5486, 5488, 5518, 5532, 5555, 5578, 5579, 5591, 5594, 5595, 5618, 5627, 5634, 5637, 5643, 5651, 5652, 5653, 5656, 5658, 5664, 5665, 5676, 5693, 5696, 5704, 5705, 5708, 5719, 5720, 5729, 5730, 5731, 5733, 5734, 5737, 5740, 5754, 5756, 5758, 5760, 5768, 5769, 5773, 5774, 5778, 5797, 5801, 5803, 5808, 5809, 5819, 5821, 5828, 5842, 5844, 5850, 5852, 5853, 5858, 5859, 5896, 5920, 5938, 5950, 5963, 5968, 5973, 5981, 5982, 5988, 5993, 5998, 5999, 6001, 6011, 6017, 6018, 6021, 6035, 6046, 6054, 6055, 6097, 6104, 6107, 6115, 6118, 6125, 6142, 6180, 6187, 6192, 6194, 6198, 6199, 6205, 6214, 6222, 6226, 6227, 6228, 6229, 6232, 6240, 6241, 6244, 6249, 6265, 6269, 6300, 6304, 6310, 6318, 6321, 6325, 6327, 6335, 6336, 6344, 6345, 6346, 6352, 6365, 6391, 6406, 6410, 6417, 6437, 6473, 6487, 6490, 6500, 6523, 6580, 6585, 6586, 6587, 6588, 6591, 6593, 6594, 6598, 6599, 6605, 6618, 6619, 6621, 6623, 6625, 6629, 6631, 6632, 6636, 6639, 6641, 6647, 6650, 6661, 6662, 6663, 6665, 6672, 6679, 6685, 6690, 6691, 6692, 6694, 6699, 6710, 6729, 6730, 6734, 6735, 6737, 6740, 6741, 6743, 6746, 6753, 6774, 6785, 6804, 6805, 6825, 6828, 6833, 6843, 6845, 6846, 6847, 6848, 6849, 6862, 6870, 6872, 6873, 6879, 6885, 6886, 6887, 6893, 6907, 6918, 6921, 6933, 6951, 6955, 6957, 6961, 6980, 6988, 6991, 7013, 7015, 7026, 7027, 7030, 7032, 7037, 7039, 7052, 7059, 7071, 7082, 7093, 7113, 7114, 7115, 7116, 7118, 7122, 7127, 7131, 7148, 7174, 7187, 7189, 7195, 7196, 7199, 7202, 7203, 7207, 7216, 7220, 7224, 7255, 7257, 7259, 7278, 7281, 7314, 7317, 7319, 7324, 7335, 7345, 7355, 7356, 7364, 7365, 7373, 7374, 7375, 7379, 7383, 7384, 7385, 7387, 7396, 7410, 7415, 7419, 7422, 7424, 7426, 7435, 7445, 7449, 7469, 7477, 7490, 7518, 7523, 7526, 7528, 7534, 7549, 7555, 7569, 7575, 7582, 7602, 7603, 7604, 7610, 7618, 7642, 7647, 7656, 7665, 7670, 7673, 7683, 7685, 7699, 7702, 7703, 7704, 7710, 7711, 7712, 7715, 7723, 7735, 7738, 7751, 7785, 7790, 7791, 7797, 7798, 7803, 7814, 7818, 7824, 7855, 7865, 7870, 7887, 7888, 7897, 7900, 7924, 7928, 7930, 7932, 7940, 7942, 7948, 7951, 7960, 7967, 7981, 7984, 7987, 7992, 8005, 8016, 8021, 8024, 8057, 8081, 8127, 8131, 8134, 8139, 8140, 8150, 8179, 8187, 8194, 8197, 8198, 8204, 8216, 8228, 8238, 8241, 8247, 8255, 8258, 8272, 8279, 8293, 8297, 8298, 8303, 8308, 8315, 8317, 8331, 8360, 8380, 8391, 8398, 8408, 8452, 8469, 8487, 8493, 8503, 8531, 8544, 8553, 8564, 8572, 8589, 8593, 8602, 8604, 8625, 8653, 8715, 8716, 8726, 8754, 8799, 8800, 8820, 8840, 8874, 8880, 8885, 8895, 8896, 8903, 8904, 8907, 8911, 8915, 8925, 8926, 8933, 8950, 8951, 8952, 8965, 8971, 8973, 8974, 8977, 8983, 8989, 8996, 9000, 9003, 9009, 9017, 9018, 9025, 9027, 9028, 9044, 9058, 9062, 9069, 9070, 9073, 9083, 9089, 9101, 9118, 9125, 9130, 9142, 9151, 9153, 9165, 9175, 9184, 9198, 9220, 9240, 9241, 9244, 9252, 9253, 9261, 9264, 9265, 9268, 9282, 9284, 9285, 9332, 9381, 9384, 9389, 9396, 9398, 9408, 9416, 9485, 9497, 9501, 9503, 9504, 9515, 9523, 9531, 9532, 9534, 9546, 9548, 9561, 9568, 9571, 9575, 9577, 9578, 9580, 9587, 9604, 9605, 9611, 9622, 9630, 9661, 9684, 9700, 9707, 9712, 9716, 9717, 9727, 9738, 9740, 9746, 9749, 9764, 9765, 9767, 9782, 9799, 9801, 9803, 9804, 9813, 9817, 9822, 9834, 9869, 9870, 9876, 9887, 9898, 9903, 9911, 9919, 9951, 9973, 9982, 10039, 10067, 10069, 10082, 10084, 10103, 10116, 10131, 10135, 10186, 10198, 10210, 10373, 10445, 10477, 10491, 10548, 10550, 10606, 10613, 10627, 10666, 10668, 10681, 10707, 10720, 10734, 10738, 10747, 10765, 10849, 10851, 10880, 10888, 10889, 10892, 10950, 10951, 10959, 11007, 11020, 11044, 11047, 11065, 11087, 11104, 11122, 11123, 11194, 11215, 11221, 11233, 11240, 11243, 11333, 11346, 11382, 11409, 11422, 11439, 11457, 11563, 11571, 11629, 11635, 11643, 
rel: 1 k: 4 rho: 175.072 maxRV: 2, 3, 7, 9, 13, 15, 18, 20, 23, 29, 30, 34, 36, 44, 46, 47, 50, 61, 75, 80, 91, 92, 97, 101, 104, 105, 135, 137, 143, 146, 147, 153, 155, 157, 159, 170, 174, 175, 181, 189, 190, 191, 195, 199, 200, 207, 209, 210, 211, 212, 218, 229, 231, 246, 248, 252, 253, 256, 259, 262, 263, 267, 280, 281, 283, 298, 300, 317, 320, 324, 344, 348, 378, 413, 415, 424, 427, 431, 449, 457, 518, 527, 568, 590, 598, 626, 639, 642, 647, 648, 650, 652, 661, 666, 679, 686, 712, 718, 719, 721, 722, 836, 853, 854, 878, 883, 962, 965, 966, 967, 969, 971, 974, 976, 978, 990, 1003, 1006, 1009, 1027, 1035, 1037, 1038, 1039, 1047, 1050, 1051, 1055, 1061, 1082, 1093, 1109, 1142, 1156, 1158, 1163, 1164, 1168, 1170, 1177, 1179, 1192, 1213, 1220, 1228, 1241, 1280, 1302, 1304, 1307, 1308, 1309, 1310, 1314, 1315, 1320, 1324, 1350, 1361, 1445, 1446, 1452, 1453, 1459, 1502, 1507, 1510, 1515, 1523, 1525, 1528, 1531, 1570, 1587, 1592, 1604, 1632, 1660, 1668, 1692, 1698, 1720, 1758, 1766, 1772, 1780, 1785, 1815, 1817, 1861, 1864, 1868, 1872, 1892, 1898, 1917, 1961, 1973, 1989, 1994, 1996, 2009, 2020, 2059, 2076, 2077, 2097, 2106, 2131, 2133, 2136, 2149, 2152, 2175, 2197, 2206, 2222, 2234, 2236, 2238, 2244, 2261, 2267, 2305, 2312, 2315, 2322, 2339, 2356, 2364, 2377, 2380, 2385, 2394, 2408, 2421, 2432, 2443, 2455, 2477, 2495, 2507, 2535, 2538, 2548, 2557, 2601, 2618, 2664, 2670, 2701, 2726, 2740, 2742, 2778, 2810, 2811, 2812, 2813, 2814, 2817, 2825, 2826, 2829, 2835, 2840, 2843, 2847, 2849, 2850, 2868, 2881, 2883, 2896, 2903, 2904, 2905, 2906, 2908, 2920, 2929, 2942, 2949, 2953, 2957, 2958, 2977, 2990, 2993, 2998, 3036, 3049, 3052, 3060, 3065, 3072, 3075, 3085, 3093, 3109, 3131, 3148, 3151, 3154, 3181, 3186, 3237, 3263, 3352, 3373, 3379, 3399, 3417, 3452, 3527, 3540, 3583, 3596, 3618, 3645, 3663, 3721, 3742, 3757, 3796, 3883, 3924, 3938, 3948, 3989, 4045, 4111, 4200, 4417, 4429, 4533, 4546, 4568, 4573, 4622, 4627, 4642, 4657, 4689, 4723, 4843, 4854, 4871, 4886, 4890, 4902, 4932, 4981, 4991, 5033, 5039, 5055, 5067, 5078, 5111, 5161, 5196, 5259, 5331, 5404, 5450, 5488, 5532, 5555, 5594, 5651, 5652, 5656, 5696, 5704, 5708, 5734, 5808, 5828, 5850, 5920, 5968, 5998, 6001, 6017, 6046, 6142, 6205, 6214, 6222, 6241, 6300, 6304, 6325, 6344, 6352, 6365, 6500, 6523, 6585, 6586, 6587, 6588, 6591, 6593, 6594, 6598, 6605, 6618, 6619, 6621, 6623, 6625, 6629, 6631, 6632, 6636, 6639, 6641, 6647, 6650, 6661, 6663, 6665, 6685, 6690, 6694, 6729, 6730, 6734, 6735, 6737, 6743, 6746, 6753, 6825, 6833, 6843, 6846, 6849, 6862, 6870, 6872, 6873, 6879, 6885, 6886, 6921, 6933, 6951, 6980, 7013, 7015, 7027, 7037, 7039, 7052, 7059, 7071, 7113, 7115, 7116, 7122, 7131, 7187, 7189, 7195, 7207, 7216, 7220, 7224, 7255, 7319, 7345, 7355, 7375, 7387, 7415, 7419, 7477, 7518, 7526, 7528, 7569, 7602, 7603, 7704, 7735, 7814, 7888, 7897, 7900, 7981, 8024, 8131, 8134, 8241, 8247, 8255, 8297, 8298, 8308, 8385, 8469, 8485, 8564, 8572, 8589, 8593, 8653, 8754, 8907, 8926, 8950, 9003, 9018, 9027, 9101, 9130, 9153, 9193, 9220, 9241, 9265, 9268, 9575, 9577, 9578, 9604, 9630, 9707, 9727, 9740, 9782, 9799, 9801, 9804, 9869, 9870, 10039, 10069, 10198, 10210, 10344, 10373, 10410, 10442, 10548, 10606, 10613, 10627, 10632, 10653, 10666, 10668, 10671, 10681, 10687, 10707, 10720, 10734, 10738, 10747, 10765, 10849, 10851, 10880, 10888, 10889, 10950, 10951, 10959, 10963, 11020, 11635, 11643, 
rel: 1 k: 5 rho: 84.2365 maxRV: 2, 3, 7, 13, 15, 18, 20, 29, 30, 36, 44, 47, 50, 61, 75, 80, 101, 104, 143, 146, 147, 153, 155, 157, 159, 170, 174, 189, 191, 195, 200, 207, 209, 210, 212, 218, 229, 231, 246, 253, 256, 262, 263, 281, 283, 317, 324, 344, 348, 424, 449, 527, 626, 639, 648, 652, 661, 679, 686, 718, 719, 722, 836, 853, 878, 962, 969, 974, 978, 1003, 1006, 1027, 1035, 1037, 1038, 1039, 1047, 1050, 1051, 1055, 1061, 1077, 1082, 1093, 1142, 1156, 1158, 1163, 1164, 1168, 1177, 1179, 1213, 1220, 1280, 1304, 1308, 1309, 1310, 1314, 1324, 1445, 1446, 1452, 1453, 1502, 1531, 1587, 1632, 1692, 1772, 1785, 1815, 1864, 1868, 1872, 1892, 1961, 1973, 2009, 2016, 2020, 2059, 2077, 2106, 2133, 2149, 2244, 2267, 2339, 2380, 2408, 2432, 2443, 2455, 2495, 2548, 2601, 2701, 2810, 2811, 2812, 2814, 2815, 2817, 2821, 2825, 2829, 2835, 2840, 2847, 2849, 2850, 2868, 2881, 2883, 2892, 2894, 2896, 2903, 2904, 2905, 2906, 2908, 2917, 2919, 2920, 2929, 2942, 2948, 2949, 2953, 2958, 2990, 2993, 3036, 3060, 3065, 3072, 3093, 3109, 3154, 3181, 3186, 3222, 3352, 3419, 3438, 3583, 3596, 3757, 3796, 3883, 3938, 4045, 4533, 4546, 4902, 5033, 5055, 5404, 5594, 6300, 6325, 6585, 6586, 6587, 6588, 6590, 6591, 6593, 6594, 6598, 6605, 6609, 6618, 6619, 6623, 6625, 6629, 6632, 6636, 6639, 6647, 6650, 6661, 6663, 6665, 6685, 6690, 6694, 6729, 6734, 6735, 6737, 6746, 6753, 6782, 6825, 6833, 6843, 6849, 6863, 6870, 6872, 6873, 6907, 6913, 6921, 6929, 6933, 6951, 7015, 7039, 7071, 7115, 7155, 7216, 7220, 7255, 7319, 7355, 7387, 7415, 7419, 7526, 7602, 7603, 7814, 8130, 8131, 8170, 8247, 8467, 8469, 8480, 8485, 8493, 8924, 8926, 9018, 9182, 9241, 9577, 9604, 9707, 9740, 9869, 10198, 10344, 10355, 10356, 10357, 10360, 10373, 10375, 10376, 10380, 10398, 10401, 10404, 10408, 10410, 10414, 10420, 10422, 10430, 10442, 10457, 10606, 10607, 10610, 10612, 10613, 10619, 10620, 10621, 10623, 10627, 10632, 10635, 10637, 10640, 10642, 10644, 10652, 10653, 10655, 10662, 10663, 10666, 10668, 10681, 10682, 10684, 10685, 10687, 10707, 10710, 10712, 10713, 10720, 10725, 10732, 10734, 10739, 10741, 10744, 10747, 10748, 10755, 10765, 10768, 10773, 10775, 10778, 10805, 10809, 10810, 10849, 10880, 10959, 10963, 10964, 10974, 11020, 11310, 
rel: 1 k: 6 rho: 53.0693 maxRV: 3, 7, 20, 30, 36, 75, 80, 143, 146, 147, 153, 155, 157, 159, 170, 174, 189, 191, 195, 207, 209, 210, 212, 218, 229, 231, 246, 253, 262, 263, 281, 283, 317, 344, 348, 424, 449, 626, 648, 652, 661, 679, 718, 719, 836, 853, 962, 974, 1003, 1077, 1082, 1093, 1156, 1164, 1168, 1179, 1213, 1308, 1324, 1445, 1446, 1452, 1453, 1502, 1692, 1864, 1868, 1961, 1973, 2020, 2059, 2106, 2133, 2244, 2380, 2811, 2812, 2814, 2815, 2817, 2821, 2825, 2829, 2835, 2840, 2847, 2849, 2850, 2881, 2883, 2892, 2894, 2896, 2904, 2905, 2906, 2908, 2917, 2919, 2920, 2929, 2948, 2953, 2958, 2990, 2993, 3036, 3060, 3065, 3072, 3093, 3109, 3154, 3181, 3186, 3222, 3596, 3796, 4045, 4546, 5594, 6325, 6585, 6587, 6591, 6593, 6594, 6598, 6605, 6609, 6618, 6619, 6623, 6625, 6629, 6636, 6639, 6647, 6663, 6665, 6685, 6690, 6694, 6729, 6734, 6746, 6753, 6782, 6833, 6843, 6849, 6863, 6872, 6907, 6913, 6921, 6929, 6933, 7015, 7039, 7115, 7155, 7216, 7220, 7602, 7603, 7814, 8130, 8247, 8467, 8480, 8485, 9241, 9577, 9869, 10198, 10344, 10355, 10356, 10357, 10373, 10375, 10376, 10380, 10398, 10404, 10410, 10414, 10457, 10606, 10610, 10612, 10613, 10620, 10621, 10627, 10632, 10635, 10637, 10640, 10642, 10644, 10652, 10653, 10655, 10662, 10663, 10666, 10681, 10682, 10684, 10685, 10687, 10707, 10710, 10712, 10720, 10725, 10732, 10734, 10741, 10747, 10748, 10755, 10765, 10768, 10773, 10775, 10778, 10805, 10809, 10810, 10849, 10880, 10959, 10963, 10974, 11020, 
rel: 1 k: 7 rho: 40.5106 maxRV: 3, 7, 36, 143, 146, 147, 155, 159, 170, 174, 207, 209, 212, 218, 229, 231, 246, 253, 262, 263, 281, 283, 317, 344, 348, 626, 652, 661, 679, 718, 719, 853, 1077, 1082, 1093, 1445, 1446, 1453, 1502, 1692, 1864, 1868, 1973, 2020, 2059, 2133, 2244, 2811, 2812, 2815, 2817, 2821, 2825, 2829, 2835, 2840, 2847, 2850, 2881, 2883, 2892, 2894, 2896, 2904, 2905, 2906, 2908, 2917, 2919, 2920, 2929, 2948, 2953, 2958, 2990, 2993, 3060, 3065, 3109, 3154, 3181, 3186, 3222, 3796, 4546, 6585, 6587, 6591, 6593, 6594, 6598, 6605, 6609, 6618, 6636, 6647, 6663, 6665, 6685, 6694, 6729, 6734, 6746, 6753, 6782, 6849, 6863, 6872, 6907, 6913, 6921, 6929, 6933, 7115, 7155, 7216, 7220, 7602, 7603, 8130, 8247, 8467, 8480, 8485, 9577, 10198, 10344, 10355, 10356, 10357, 10373, 10375, 10376, 10380, 10398, 10410, 10414, 10606, 10610, 10612, 10613, 10620, 10621, 10627, 10632, 10635, 10637, 10640, 10642, 10644, 10652, 10653, 10655, 10662, 10663, 10666, 10681, 10682, 10684, 10685, 10687, 10707, 10710, 10712, 10720, 10725, 10732, 10734, 10741, 10747, 10748, 10755, 10765, 10768, 10778, 10805, 10809, 10810, 10849, 10880, 10963, 11020, 
rel: 1 k: 8 rho: 29.9216 maxRV: 262, 281, 1077, 2811, 2812, 2815, 2821, 2825, 2829, 2850, 2881, 2892, 2894, 2896, 2904, 2908, 2917, 2919, 2929, 2948, 2953, 3222, 6609, 6782, 6907, 6913, 6921, 6929, 6933, 7155, 8130, 8467, 8485, 9577, 10344, 10355, 10356, 10357, 10375, 10376, 10380, 10398, 10410, 10414, 10610, 10612, 10620, 10621, 10632, 10635, 10637, 10640, 10642, 10644, 10652, 10655, 10662, 10663, 10682, 10684, 10685, 10687, 10710, 10712, 10720, 10725, 10741, 10748, 10768, 10778, 10805, 10809, 
rel: 1 k: 9 rho: 28.7345 maxRV: 262, 281, 1077, 2811, 2812, 2815, 2821, 2825, 2829, 2850, 2881, 2892, 2894, 2896, 2904, 2908, 2917, 2919, 2929, 2948, 2953, 6609, 6636, 6782, 6907, 6913, 6921, 6929, 6933, 7155, 8130, 8467, 8485, 9577, 10344, 10355, 10356, 10357, 10373, 10375, 10376, 10380, 10398, 10410, 10414, 10610, 10612, 10620, 10621, 10627, 10632, 10635, 10637, 10640, 10642, 10644, 10652, 10655, 10662, 10663, 10682, 10684, 10685, 10687, 10710, 10712, 10725, 10741, 10748, 10768, 10778, 10805, 
rel: 1 k: 10 rho: 26.3677 maxRV: 262, 281, 1077, 2811, 2812, 2815, 2821, 2825, 2829, 2850, 2881, 2892, 2896, 2904, 2908, 2917, 2919, 2929, 2948, 2953, 6609, 6782, 6907, 6913, 6921, 6933, 7155, 8130, 8467, 8485, 10344, 10355, 10356, 10357, 10373, 10375, 10376, 10380, 10398, 10410, 10414, 10610, 10612, 10620, 10621, 10627, 10632, 10635, 10637, 10640, 10642, 10644, 10652, 10655, 10662, 10663, 10682, 10684, 10685, 10710, 10712, 10720, 10725, 10748, 10768, 10778, 10805, 
rel: 1 k: 11 rho: 23.5741 maxRV: 281, 1077, 2811, 2812, 2815, 2821, 2825, 2829, 2850, 2881, 2892, 2896, 2904, 2919, 2929, 2948, 2953, 6609, 6907, 6913, 6921, 6933, 7155, 8467, 8485, 10344, 10356, 10357, 10373, 10375, 10376, 10380, 10398, 10410, 10414, 10606, 10610, 10612, 10620, 10621, 10627, 10632, 10635, 10637, 10640, 10642, 10644, 10652, 10655, 10662, 10663, 10682, 10684, 10685, 10710, 10712, 10725, 10748, 10768, 10778, 
rel: 1 k: 12 rho: 21.1138 maxRV: 262, 281, 1077, 2811, 2812, 2815, 2821, 2825, 2829, 2850, 2881, 2892, 2896, 2904, 2919, 2929, 2948, 2953, 6609, 6636, 6907, 6913, 6921, 6933, 8467, 10344, 10373, 10375, 10376, 10380, 10398, 10410, 10414, 10606, 10610, 10612, 10620, 10621, 10627, 10632, 10635, 10637, 10640, 10642, 10644, 10652, 10655, 10662, 10663, 10666, 10681, 10682, 10684, 10685, 10707, 10710, 10712, 10720, 10725, 10734, 10747, 10765, 10768, 
rel: 1 k: 13 rho: 19.7407 maxRV: 262, 281, 1077, 2811, 2812, 2815, 2821, 2825, 2829, 2850, 2881, 2892, 2896, 2904, 2919, 2929, 2948, 2953, 6609, 6636, 6907, 6913, 6921, 6933, 8467, 10344, 10373, 10375, 10376, 10380, 10398, 10410, 10414, 10606, 10610, 10612, 10620, 10621, 10627, 10632, 10635, 10637, 10640, 10642, 10652, 10655, 10662, 10663, 10666, 10684, 10707, 10710, 10712, 10720, 10725, 10734, 10747, 10765, 10768, 
rel: 1 k: 14 rho: 16.9107 maxRV: 262, 2811, 2812, 2815, 2821, 2825, 2829, 2850, 2881, 2892, 2896, 2904, 2919, 2929, 2948, 2953, 6609, 6907, 6913, 6921, 6933, 8467, 10344, 10373, 10375, 10380, 10398, 10606, 10610, 10612, 10620, 10621, 10627, 10632, 10635, 10637, 10640, 10642, 10652, 10655, 10662, 10663, 10707, 10710, 10712, 10720, 10725, 10734, 10765, 10768, 
rel: 1 k: 15 rho: 10.8424 maxRV: 2811, 2815, 2892, 2904, 2919, 6609, 6913, 10344, 10373, 10398, 10610, 10612, 10620, 10621, 10632, 10635, 10637, 10640, 10642, 10652, 10655, 10662, 10663, 10710, 10712, 10725, 
rel: 1 k: 16 rho: 10.3652 maxRV: 2815, 2892, 2904, 2919, 6609, 6913, 10344, 10373, 10398, 10610, 10612, 10620, 10621, 10627, 10632, 10635, 10637, 10640, 10642, 10652, 10655, 10662, 10663, 10710, 10712, 
rel: 1 k: 17 rho: 10.2567 maxRV: 2811, 2815, 2892, 2904, 2919, 6609, 6913, 10344, 10373, 10398, 10610, 10612, 10620, 10621, 10627, 10632, 10635, 10637, 10640, 10642, 10652, 10655, 10662, 10663, 10710, 10712, 
rel: 1 k: 18 rho: 8.4316 maxRV: 2815, 2892, 2904, 2919, 6609, 6913, 10344, 10373, 10398, 10610, 10612, 10620, 10621, 10627, 10632, 10635, 10637, 10642, 10652, 10663, 10710, 
rel: 1 k: 19 rho: 7.39298 maxRV: 2811, 2815, 2892, 2904, 2919, 6609, 10344, 10373, 10398, 10610, 10612, 10620, 10621, 10627, 10632, 10635, 10637, 10642, 10652, 10663, 
rel: 1 k: 3 rho: 458.532 maxRV: 2, 3, 7, 9, 13, 15, 18, 20, 23, 29, 30, 34, 36, 43, 44, 46, 47, 50, 61, 64, 70, 75, 80, 84, 88, 91, 92, 95, 97, 101, 104, 105, 120, 135, 136, 137, 139, 142, 143, 146, 147, 153, 155, 157, 159, 162, 170, 174, 175, 176, 181, 189, 190, 191, 192, 195, 199, 200, 204, 207, 209, 210, 211, 212, 218, 225, 229, 231, 246, 248, 252, 253, 256, 259, 260, 262, 263, 267, 272, 278, 280, 281, 283, 298, 300, 304, 306, 307, 315, 317, 320, 321, 324, 325, 343, 344, 348, 349, 353, 354, 368, 378, 381, 383, 384, 387, 407, 413, 415, 424, 427, 431, 437, 445, 449, 455, 457, 470, 492, 502, 511, 512, 518, 527, 529, 531, 535, 558, 568, 576, 577, 590, 593, 598, 599, 608, 609, 626, 639, 641, 642, 647, 648, 650, 652, 661, 666, 679, 682, 684, 686, 696, 707, 711, 712, 714, 718, 719, 721, 722, 735, 740, 767, 791, 792, 836, 853, 854, 875, 878, 879, 880, 881, 883, 893, 894, 908, 912, 921, 924, 950, 962, 965, 966, 967, 969, 970, 971, 974, 976, 978, 990, 992, 994, 997, 1003, 1006, 1009, 1020, 1027, 1035, 1036, 1037, 1038, 1039, 1042, 1047, 1050, 1051, 1052, 1055, 1061, 1077, 1079, 1082, 1093, 1109, 1122, 1124, 1126, 1133, 1142, 1150, 1156, 1158, 1162, 1163, 1164, 1168, 1170, 1177, 1179, 1192, 1210, 1213, 1220, 1226, 1228, 1230, 1239, 1240, 1241, 1243, 1255, 1256, 1258, 1260, 1263, 1265, 1267, 1270, 1271, 1280, 1302, 1304, 1307, 1308, 1309, 1310, 1314, 1315, 1320, 1324, 1335, 1350, 1351, 1356, 1358, 1359, 1361, 1412, 1414, 1416, 1417, 1419, 1430, 1435, 1436, 1445, 1446, 1452, 1453, 1458, 1459, 1489, 1502, 1504, 1505, 1507, 1510, 1515, 1516, 1521, 1523, 1525, 1528, 1531, 1545, 1554, 1570, 1583, 1587, 1592, 1604, 1632, 1639, 1659, 1660, 1662, 1665, 1668, 1670, 1673, 1676, 1692, 1698, 1710, 1715, 1720, 1725, 1729, 1730, 1732, 1748, 1752, 1758, 1759, 1760, 1766, 1769, 1772, 1780, 1781, 1785, 1798, 1801, 1803, 1815, 1816, 1817, 1818, 1820, 1845, 1859, 1861, 1862, 1864, 1866, 1867, 1868, 1871, 1872, 1879, 1892, 1898, 1905, 1917, 1954, 1961, 1973, 1986, 1989, 1994, 1996, 2009, 2020, 2024, 2030, 2037, 2039, 2042, 2046, 2057, 2058, 2059, 2066, 2075, 2076, 2077, 2081, 2090, 2093, 2096, 2097, 2103, 2106, 2131, 2133, 2136, 2149, 2152, 2156, 2157, 2173, 2175, 2180, 2187, 2197, 2199, 2201, 2206, 2222, 2225, 2231, 2232, 2234, 2235, 2236, 2237, 2238, 2242, 2244, 2247, 2252, 2259, 2261, 2266, 2267, 2275, 2282, 2288, 2299, 2305, 2308, 2311, 2312, 2313, 2315, 2317, 2318, 2321, 2322, 2324, 2328, 2338, 2339, 2341, 2356, 2364, 2369, 2377, 2380, 2383, 2385, 2387, 2391, 2394, 2396, 2397, 2408, 2411, 2421, 2428, 2432, 2443, 2455, 2460, 2463, 2467, 2475, 2477, 2478, 2484, 2495, 2497, 2503, 2507, 2510, 2519, 2529, 2531, 2532, 2533, 2535, 2538, 2545, 2548, 2554, 2556, 2557, 2561, 2580, 2601, 2608, 2613, 2617, 2618, 2623, 2626, 2630, 2635, 2639, 2641, 2659, 2660, 2664, 2670, 2680, 2690, 2696, 2700, 2701, 2713, 2720, 2724, 2726, 2738, 2740, 2742, 2761, 2778, 2810, 2811, 2812, 2813, 2814, 2817, 2826, 2829, 2835, 2840, 2841, 2843, 2847, 2849, 2850, 2868, 2871, 2881, 2883, 2888, 2896, 2901, 2903, 2904, 2905, 2906, 2917, 2920, 2929, 2933, 2942, 2944, 2949, 2953, 2957, 2958, 2977, 2990, 2993, 2998, 3029, 3036, 3045, 3049, 3052, 3060, 3063, 3065, 3069, 3072, 3075, 3081, 3085, 3093, 3096, 3097, 3108, 3109, 3111, 3112, 3131, 3148, 3151, 3154, 3180, 3181, 3186, 3193, 3220, 3222, 3239, 3247, 3251, 3256, 3259, 3263, 3305, 3314, 3328, 3337, 3342, 3349, 3350, 3351, 3352, 3357, 3373, 3379, 3380, 3384, 3385, 3389, 3399, 3406, 3417, 3427, 3479, 3511, 3523, 3525, 3527, 3540, 3580, 3583, 3596, 3618, 3626, 3631, 3635, 3645, 3655, 3663, 3680, 3687, 3689, 3692, 3703, 3706, 3721, 3732, 3733, 3742, 3744, 3750, 3753, 3757, 3773, 3781, 3786, 3796, 3806, 3818, 3846, 3861, 3871, 3873, 3880, 3883, 3889, 3905, 3920, 3924, 3932, 3938, 3941, 3946, 3948, 3950, 3979, 3985, 3989, 4015, 4028, 4045, 4057, 4065, 4069, 4086, 4096, 4111, 4112, 4129, 4140, 4166, 4172, 4181, 4190, 4197, 4200, 4201, 4203, 4283, 4297, 4305, 4313, 4320, 4325, 4332, 4334, 4380, 4381, 4383, 4392, 4403, 4406, 4417, 4426, 4429, 4433, 4449, 4471, 4474, 4533, 4546, 4568, 4573, 4583, 4611, 4617, 4618, 4622, 4627, 4629, 4632, 4642, 4653, 4657, 4658, 4659, 4660, 4669, 4673, 4689, 4690, 4696, 4700, 4710, 4711, 4723, 4728, 4729, 4740, 4767, 4784, 4791, 4825, 4826, 4841, 4843, 4845, 4854, 4863, 4867, 4871, 4878, 4881, 4885, 4886, 4887, 4890, 4902, 4932, 4973, 4981, 4986, 4991, 4993, 5033, 5036, 5039, 5049, 5055, 5056, 5067, 5078, 5085, 5094, 5101, 5104, 5108, 5111, 5132, 5150, 5152, 5161, 5196, 5210, 5215, 5220, 5252, 5254, 5259, 5285, 5287, 5291, 5321, 5325, 5326, 5331, 5339, 5343, 5355, 5376, 5380, 5395, 5398, 5404, 5415, 5419, 5421, 5422, 5425, 5439, 5443, 5450, 5465, 5486, 5488, 5518, 5532, 5555, 5578, 5579, 5591, 5594, 5595, 5618, 5627, 5634, 5637, 5643, 5651, 5652, 5653, 5656, 5658, 5664, 5665, 5676, 5693, 5696, 5704, 5705, 5708, 5719, 5720, 5729, 5730, 5731, 5733, 5734, 5737, 5740, 5754, 5756, 5758, 5760, 5768, 5769, 5773, 5774, 5778, 5797, 5801, 5803, 5808, 5809, 5819, 5821, 5828, 5842, 5844, 5850, 5852, 5853, 5858, 5859, 5896, 5920, 5938, 5950, 5963, 5968, 5973, 5981, 5982, 5988, 5993, 5998, 5999, 6001, 6011, 6017, 6018, 6021, 6035, 6046, 6054, 6055, 6097, 6104, 6107, 6115, 6118, 6125, 6142, 6180, 6187, 6192, 6194, 6198, 6199, 6205, 6214, 6222, 6226, 6227, 6228, 6229, 6232, 6240, 6241, 6244, 6249, 6265, 6269, 6300, 6304, 6310, 6318, 6321, 6325, 6327, 6335, 6336, 6344, 6345, 6346, 6352, 6365, 6391, 6406, 6410, 6417, 6437, 6473, 6487, 6490, 6500, 6523, 6580, 6585, 6586, 6587, 6588, 6590, 6591, 6593, 6594, 6598, 6599, 6605, 6618, 6619, 6621, 6623, 6625, 6629, 6631, 6632, 6636, 6639, 6641, 6647, 6650, 6661, 6662, 6663, 6665, 6672, 6679, 6685, 6690, 6691, 6692, 6694, 6699, 6710, 6729, 6730, 6734, 6735, 6737, 6740, 6741, 6743, 6746, 6753, 6774, 6785, 6804, 6805, 6825, 6828, 6833, 6843, 6845, 6846, 6847, 6848, 6849, 6862, 6870, 6872, 6873, 6879, 6885, 6886, 6887, 6893, 6907, 6913, 6918, 6921, 6933, 6951, 6955, 6957, 6961, 6980, 6988, 6991, 7013, 7015, 7026, 7027, 7030, 7032, 7037, 7039, 7052, 7059, 7071, 7082, 7087, 7093, 7113, 7114, 7115, 7116, 7118, 7122, 7127, 7131, 7148, 7155, 7174, 7187, 7189, 7195, 7196, 7199, 7202, 7203, 7207, 7216, 7220, 7224, 7255, 7257, 7259, 7278, 7281, 7314, 7317, 7319, 7324, 7335, 7345, 7355, 7356, 7359, 7364, 7365, 7373, 7374, 7375, 7379, 7383, 7384, 7385, 7387, 7396, 7410, 7415, 7419, 7422, 7424, 7426, 7435, 7445, 7449, 7469, 7477, 7490, 7513, 7518, 7523, 7526, 7528, 7534, 7549, 7555, 7569, 7575, 7582, 7602, 7603, 7604, 7610, 7618, 7642, 7647, 7656, 7665, 7670, 7673, 7683, 7685, 7699, 7702, 7703, 7704, 7710, 7711, 7712, 7715, 7723, 7735, 7738, 7751, 7785, 7790, 7791, 7797, 7798, 7803, 7814, 7818, 7824, 7855, 7865, 7870, 7887, 7888, 7897, 7900, 7924, 7928, 7930, 7932, 7940, 7942, 7948, 7951, 7960, 7967, 7981, 7984, 7987, 7992, 8005, 8016, 8021, 8024, 8057, 8081, 8127, 8131, 8134, 8139, 8140, 8150, 8170, 8179, 8187, 8194, 8197, 8198, 8204, 8216, 8228, 8238, 8241, 8247, 8255, 8258, 8272, 8279, 8293, 8297, 8298, 8303, 8308, 8315, 8317, 8331, 8360, 8380, 8385, 8391, 8398, 8408, 8452, 8467, 8469, 8485, 8487, 8493, 8503, 8531, 8544, 8553, 8564, 8572, 8589, 8593, 8602, 8604, 8625, 8653, 8715, 8716, 8724, 8726, 8728, 8754, 8799, 8800, 8820, 8840, 8874, 8880, 8885, 8895, 8896, 8903, 8904, 8907, 8911, 8915, 8924, 8925, 8926, 8933, 8950, 8951, 8952, 8954, 8965, 8971, 8973, 8974, 8977, 8989, 8996, 9000, 9003, 9009, 9017, 9018, 9025, 9027, 9028, 9044, 9058, 9062, 9069, 9070, 9073, 9083, 9089, 9101, 9118, 9125, 9130, 9142, 9151, 9153, 9165, 9175, 9184, 9198, 9220, 9225, 9240, 9241, 9244, 9252, 9253, 9261, 9264, 9265, 9268, 9282, 9284, 9285, 9332, 9381, 9384, 9389, 9396, 9398, 9408, 9416, 9485, 9497, 9501, 9503, 9504, 9515, 9523, 9531, 9532, 9534, 9546, 9548, 9561, 9568, 9575, 9577, 9578, 9580, 9587, 9604, 9605, 9611, 9622, 9630, 9661, 9684, 9700, 9707, 9712, 9716, 9717, 9727, 9738, 9740, 9746, 9749, 9764, 9765, 9767, 9782, 9799, 9801, 9803, 9804, 9813, 9817, 9822, 9834, 9869, 9870, 9876, 9887, 9898, 9903, 9911, 9919, 9951, 9973, 9982, 10039, 10067, 10069, 10082, 10084, 10103, 10116, 10131, 10135, 10186, 10198, 10210, 10341, 10344, 10373, 10380, 10408, 10410, 10411, 10414, 10415, 10420, 10445, 10457, 10477, 10491, 10548, 10550, 10606, 10610, 10613, 10619, 10621, 10627, 10632, 10642, 10653, 10655, 10666, 10668, 10681, 10687, 10707, 10712, 10718, 10720, 10725, 10734, 10738, 10741, 10747, 10755, 10765, 10767, 10773, 10778, 10849, 10851, 10880, 10888, 10889, 10892, 10950, 10951, 10959, 10962, 10963, 10964, 10975, 11007, 11009, 11020, 11047, 11065, 11087, 11104, 11122, 11123, 11194, 11215, 11221, 11233, 11240, 11243, 11333, 11346, 11382, 11409, 11422, 11439, 11457, 11538, 11563, 11571, 11629, 11635, 11643, 
rel: 1 k: 4 rho: 171.534 maxRV: 2, 3, 7, 9, 13, 15, 18, 20, 23, 29, 30, 34, 36, 44, 46, 47, 50, 61, 75, 80, 91, 92, 97, 101, 104, 105, 135, 137, 143, 146, 147, 153, 155, 157, 159, 170, 174, 175, 181, 189, 190, 191, 195, 199, 200, 207, 209, 210, 211, 212, 218, 229, 231, 246, 248, 252, 253, 256, 259, 262, 263, 267, 280, 281, 283, 298, 300, 317, 320, 324, 344, 348, 378, 413, 415, 424, 431, 449, 457, 518, 527, 568, 590, 598, 626, 639, 642, 647, 648, 650, 652, 661, 666, 679, 686, 712, 718, 719, 721, 722, 836, 853, 854, 878, 883, 962, 965, 966, 967, 969, 971, 974, 976, 978, 990, 1003, 1006, 1009, 1027, 1035, 1037, 1038, 1039, 1047, 1050, 1051, 1055, 1061, 1077, 1082, 1093, 1109, 1142, 1156, 1158, 1163, 1164, 1168, 1170, 1177, 1179, 1192, 1213, 1220, 1228, 1241, 1280, 1302, 1304, 1307, 1308, 1309, 1310, 1314, 1315, 1320, 1324, 1350, 1361, 1445, 1446, 1452, 1453, 1459, 1502, 1507, 1510, 1515, 1523, 1525, 1528, 1531, 1570, 1587, 1592, 1604, 1632, 1660, 1668, 1692, 1698, 1720, 1758, 1766, 1772, 1780, 1785, 1815, 1817, 1861, 1864, 1868, 1872, 1892, 1898, 1917, 1961, 1973, 1989, 1994, 1996, 2009, 2020, 2059, 2076, 2077, 2097, 2106, 2131, 2133, 2136, 2149, 2152, 2175, 2197, 2206, 2222, 2234, 2236, 2238, 2244, 2261, 2267, 2305, 2312, 2315, 2322, 2339, 2356, 2364, 2377, 2380, 2385, 2394, 2408, 2421, 2432, 2443, 2455, 2477, 2495, 2507, 2535, 2538, 2548, 2557, 2601, 2618, 2664, 2670, 2701, 2726, 2740, 2742, 2778, 2810, 2811, 2812, 2813, 2814, 2815, 2817, 2821, 2825, 2826, 2829, 2835, 2840, 2843, 2847, 2849, 2850, 2868, 2881, 2883, 2892, 2894, 2896, 2903, 2904, 2905, 2906, 2908, 2917, 2919, 2920, 2929, 2942, 2948, 2949, 2953, 2957, 2958, 2977, 2990, 2993, 2998, 3036, 3049, 3052, 3060, 3065, 3072, 3075, 3085, 3093, 3109, 3131, 3148, 3151, 3154, 3181, 3186, 3222, 3263, 3352, 3373, 3379, 3399, 3417, 3419, 3527, 3540, 3583, 3596, 3618, 3645, 3663, 3721, 3742, 3757, 3796, 3883, 3924, 3938, 3948, 3989, 4045, 4111, 4200, 4417, 4429, 4533, 4546, 4568, 4573, 4622, 4627, 4642, 4657, 4689, 4723, 4841, 4843, 4854, 4871, 4886, 4890, 4902, 4932, 4981, 4991, 5033, 5039, 5055, 5067, 5078, 5111, 5161, 5196, 5259, 5331, 5404, 5450, 5532, 5555, 5594, 5651, 5652, 5656, 5696, 5704, 5708, 5734, 5808, 5828, 5850, 5920, 5968, 5998, 6001, 6017, 6046, 6142, 6205, 6214, 6222, 6241, 6300, 6304, 6325, 6344, 6352, 6365, 6500, 6523, 6585, 6586, 6587, 6588, 6591, 6593, 6594, 6598, 6605, 6618, 6619, 6621, 6623, 6625, 6629, 6631, 6632, 6636, 6639, 6641, 6647, 6650, 6661, 6663, 6665, 6685, 6690, 6694, 6729, 6730, 6734, 6735, 6737, 6743, 6746, 6753, 6782, 6825, 6833, 6843, 6846, 6849, 6862, 6870, 6872, 6873, 6879, 6885, 6886, 6907, 6921, 6929, 6933, 6951, 6980, 7013, 7015, 7027, 7037, 7039, 7052, 7059, 7071, 7113, 7114, 7115, 7116, 7122, 7131, 7155, 7187, 7189, 7195, 7207, 7216, 7220, 7224, 7255, 7319, 7345, 7355, 7375, 7387, 7415, 7419, 7477, 7518, 7526, 7528, 7569, 7602, 7603, 7704, 7735, 7814, 7888, 7897, 7900, 7981, 8024, 8130, 8131, 8134, 8241, 8247, 8255, 8297, 8298, 8308, 8385, 8467, 8469, 8480, 8493, 8564, 8572, 8589, 8593, 8653, 8754, 8907, 8924, 8926, 8950, 9003, 9018, 9027, 9101, 9130, 9153, 9241, 9265, 9268, 9575, 9577, 9578, 9604, 9630, 9707, 9727, 9740, 9782, 9799, 9801, 9804, 9869, 9870, 10039, 10069, 10198, 10210, 10344, 10355, 10356, 10357, 10358, 10360, 10373, 10375, 10376, 10380, 10410, 10414, 10420, 10430, 10442, 10457, 10548, 10606, 10610, 10612, 10613, 10619, 10621, 10623, 10627, 10632, 10637, 10653, 10666, 10668, 10671, 10681, 10685, 10687, 10707, 10713, 10718, 10720, 10734, 10738, 10744, 10747, 10765, 10768, 10775, 10809, 10849, 10851, 10880, 10888, 10889, 10950, 10951, 10959, 10963, 10964, 10975, 11009, 11020, 11310, 11635, 11643, 
rel: 1 k: 5 rho: 80.2508 maxRV: 2, 3, 7, 13, 15, 18, 20, 29, 30, 36, 44, 47, 50, 61, 75, 80, 101, 104, 143, 146, 147, 153, 155, 157, 159, 170, 189, 191, 195, 200, 207, 209, 210, 212, 218, 229, 231, 246, 253, 256, 262, 263, 281, 283, 317, 324, 344, 348, 424, 449, 527, 626, 639, 648, 652, 661, 679, 686, 718, 719, 722, 836, 853, 878, 962, 969, 974, 978, 1003, 1006, 1027, 1035, 1037, 1038, 1039, 1047, 1050, 1051, 1055, 1061, 1077, 1082, 1093, 1142, 1156, 1158, 1163, 1164, 1168, 1177, 1179, 1213, 1220, 1280, 1304, 1308, 1309, 1310, 1314, 1324, 1445, 1446, 1452, 1453, 1502, 1531, 1587, 1632, 1692, 1772, 1785, 1815, 1864, 1868, 1872, 1892, 1961, 1973, 2009, 2020, 2059, 2077, 2106, 2133, 2149, 2244, 2267, 2339, 2380, 2408, 2432, 2443, 2455, 2495, 2548, 2601, 2701, 2810, 2811, 2812, 2814, 2815, 2817, 2821, 2825, 2829, 2835, 2840, 2847, 2849, 2850, 2868, 2881, 2883, 2894, 2896, 2903, 2904, 2905, 2906, 2917, 2920, 2929, 2942, 2948, 2949, 2953, 2958, 2990, 2993, 3036, 3060, 3065, 3072, 3093, 3109, 3154, 3181, 3186, 3222, 3352, 3583, 3596, 3757, 3796, 3883, 3938, 4045, 4533, 4546, 4902, 5033, 5055, 5404, 5594, 6300, 6325, 6585, 6586, 6587, 6588, 6590, 6591, 6593, 6594, 6598, 6605, 6618, 6619, 6623, 6625, 6629, 6632, 6636, 6639, 6647, 6650, 6661, 6663, 6665, 6685, 6690, 6694, 6729, 6734, 6735, 6737, 6746, 6753, 6782, 6825, 6833, 6843, 6849, 6870, 6872, 6873, 6907, 6913, 6921, 6929, 6933, 6951, 7015, 7039, 7071, 7115, 7155, 7216, 7220, 7255, 7319, 7355, 7387, 7415, 7419, 7526, 7602, 7603, 7814, 8130, 8131, 8247, 8467, 8469, 8924, 8926, 9018, 9182, 9241, 9577, 9604, 9707, 9740, 9869, 10198, 10344, 10356, 10357, 10360, 10373, 10375, 10376, 10380, 10401, 10410, 10414, 10430, 10606, 10610, 10613, 10620, 10627, 10632, 10637, 10653, 10666, 10668, 10681, 10685, 10707, 10713, 10720, 10734, 10747, 10765, 10775, 10809, 10849, 10880, 10959, 10963, 10964, 10974, 11020, 11310, 
rel: 1 k: 6 rho: 53.0693 maxRV: 3, 7, 20, 30, 36, 75, 80, 143, 146, 147, 153, 155, 157, 159, 170, 174, 189, 191, 195, 207, 209, 210, 212, 218, 229, 231, 246, 253, 262, 263, 281, 283, 317, 344, 348, 424, 449, 626, 648, 652, 661, 679, 718, 719, 836, 853, 962, 974, 1003, 1077, 1082, 1093, 1156, 1164, 1168, 1179, 1213, 1308, 1324, 1445, 1446, 1452, 1453, 1502, 1692, 1864, 1868, 1961, 1973, 2020, 2059, 2106, 2133, 2244, 2380, 2811, 2812, 2814, 2815, 2817, 2821, 2825, 2829, 2835, 2840, 2847, 2849, 2850, 2881, 2883, 2892, 2894, 2896, 2904, 2905, 2906, 2908, 2917, 2919, 2920, 2929, 2948, 2953, 2958, 2990, 2993, 3036, 3060, 3065, 3072, 3093, 3109, 3154, 3181, 3186, 3222, 3596, 3796, 4045, 4546, 5594, 6325, 6585, 6587, 6591, 6593, 6594, 6598, 6605, 6609, 6618, 6619, 6623, 6625, 6629, 6636, 6639, 6647, 6663, 6665, 6685, 6690, 6694, 6729, 6734, 6746, 6753, 6782, 6833, 6843, 6849, 6863, 6872, 6907, 6913, 6921, 6929, 6933, 7015, 7039, 7115, 7155, 7216, 7220, 7602, 7603, 7814, 8130, 8247, 8467, 8480, 8485, 9241, 9577, 9869, 10198, 10344, 10355, 10356, 10357, 10373, 10375, 10376, 10380, 10398, 10404, 10410, 10414, 10457, 10606, 10610, 10612, 10613, 10620, 10621, 10627, 10632, 10635, 10637, 10640, 10642, 10644, 10652, 10653, 10655, 10662, 10663, 10666, 10681, 10682, 10684, 10685, 10687, 10707, 10710, 10712, 10720, 10725, 10732, 10734, 10741, 10747, 10748, 10755, 10765, 10768, 10773, 10775, 10778, 10805, 10809, 10810, 10849, 10880, 10959, 10963, 10974, 11020, 
rel: 1 k: 7 rho: 40.5106 maxRV: 3, 7, 36, 143, 146, 147, 155, 159, 170, 174, 207, 209, 212, 218, 229, 231, 246, 253, 262, 263, 281, 283, 317, 344, 348, 626, 652, 661, 679, 718, 719, 853, 1077, 1082, 1093, 1445, 1446, 1453, 1502, 1692, 1864, 1868, 1973, 2020, 2059, 2133, 2244, 2811, 2812, 2815, 2817, 2821, 2825, 2829, 2835, 2840, 2847, 2850, 2881, 2883, 2892, 2894, 2896, 2904, 2905, 2906, 2908, 2917, 2919, 2920, 2929, 2948, 2953, 2958, 2990, 2993, 3060, 3065, 3109, 3154, 3181, 3186, 3222, 3796, 4546, 6585, 6587, 6591, 6593, 6594, 6598, 6605, 6609, 6618, 6636, 6647, 6663, 6665, 6685, 6694, 6729, 6734, 6746, 6753, 6782, 6849, 6863, 6872, 6907, 6913, 6921, 6929, 6933, 7115, 7155, 7216, 7220, 7602, 7603, 8130, 8247, 8467, 8480, 8485, 9577, 10198, 10344, 10355, 10356, 10357, 10373, 10375, 10376, 10380, 10398, 10410, 10414, 10606, 10610, 10612, 10613, 10620, 10621, 10627, 10632, 10635, 10637, 10640, 10642, 10644, 10652, 10653, 10655, 10662, 10663, 10666, 10681, 10682, 10684, 10685, 10687, 10707, 10710, 10712, 10720, 10725, 10732, 10734, 10741, 10747, 10748, 10755, 10765, 10768, 10778, 10805, 10809, 10810, 10849, 10880, 10963, 11020, 
rel: 1 k: 8 rho: 30.2083 maxRV: 262, 281, 1077, 2811, 2812, 2815, 2821, 2825, 2829, 2850, 2881, 2892, 2894, 2896, 2904, 2908, 2917, 2919, 2929, 2948, 2953, 3222, 6609, 6782, 6907, 6913, 6929, 6933, 7155, 8130, 8467, 8485, 9577, 10344, 10355, 10356, 10357, 10373, 10375, 10376, 10380, 10398, 10410, 10414, 10610, 10612, 10620, 10621, 10632, 10635, 10637, 10640, 10642, 10644, 10652, 10655, 10662, 10663, 10682, 10684, 10685, 10687, 10710, 10712, 10725, 10741, 10748, 10768, 10778, 10805, 10809, 
rel: 1 k: 9 rho: 28.5429 maxRV: 262, 281, 1077, 2811, 2812, 2815, 2821, 2825, 2829, 2850, 2881, 2892, 2894, 2896, 2904, 2908, 2917, 2919, 2929, 2948, 2953, 6609, 6636, 6782, 6907, 6913, 6921, 6929, 6933, 7155, 8130, 8467, 8485, 9577, 10198, 10344, 10355, 10356, 10357, 10373, 10375, 10376, 10380, 10398, 10410, 10414, 10606, 10610, 10612, 10620, 10621, 10627, 10632, 10635, 10637, 10640, 10642, 10644, 10652, 10655, 10662, 10663, 10666, 10681, 10682, 10684, 10685, 10687, 10707, 10710, 10712, 10720, 10725, 10734, 10741, 10747, 10748, 10765, 10768, 10778, 10805, 
rel: 1 k: 10 rho: 26.3004 maxRV: 262, 281, 1077, 2811, 2812, 2815, 2821, 2825, 2829, 2850, 2881, 2892, 2896, 2904, 2908, 2917, 2919, 2929, 2948, 2953, 6609, 6636, 6782, 6907, 6913, 6921, 6933, 7155, 8130, 8467, 8485, 10344, 10355, 10356, 10357, 10373, 10375, 10376, 10380, 10398, 10410, 10414, 10610, 10612, 10620, 10621, 10627, 10632, 10635, 10637, 10640, 10642, 10644, 10652, 10655, 10662, 10663, 10682, 10684, 10685, 10710, 10712, 10720, 10725, 10748, 10768, 10778, 10805, 
rel: 1 k: 11 rho: 23.4537 maxRV: 262, 281, 1077, 2811, 2812, 2815, 2821, 2825, 2829, 2850, 2881, 2892, 2896, 2904, 2919, 2929, 2948, 2953, 6609, 6636, 6907, 6913, 6921, 6933, 7155, 8467, 8485, 10344, 10356, 10357, 10373, 10375, 10376, 10380, 10398, 10410, 10414, 10606, 10610, 10612, 10620, 10621, 10627, 10632, 10635, 10637, 10640, 10642, 10644, 10652, 10655, 10662, 10663, 10682, 10684, 10685, 10710, 10712, 10725, 10748, 10768, 10778, 
rel: 1 k: 12 rho: 21.0038 maxRV: 262, 281, 1077, 2811, 2812, 2815, 2821, 2825, 2829, 2850, 2881, 2892, 2896, 2904, 2919, 2929, 2948, 2953, 6609, 6636, 6907, 6913, 6921, 6933, 8467, 10344, 10373, 10375, 10376, 10380, 10398, 10410, 10414, 10610, 10612, 10620, 10621, 10632, 10635, 10637, 10640, 10642, 10644, 10652, 10655, 10662, 10663, 10682, 10684, 10685, 10710, 10712, 10725, 10768, 
rel: 1 k: 13 rho: 19.611 maxRV: 262, 281, 1077, 2811, 2812, 2815, 2821, 2825, 2829, 2850, 2881, 2892, 2896, 2904, 2919, 2929, 2948, 2953, 6609, 6636, 6907, 6913, 6921, 6933, 8467, 10344, 10373, 10375, 10376, 10380, 10398, 10410, 10414, 10610, 10612, 10620, 10621, 10632, 10635, 10637, 10640, 10642, 10652, 10655, 10662, 10663, 10684, 10710, 10712, 10725, 10768, 
rel: 1 k: 14 rho: 16.9107 maxRV: 262, 2811, 2812, 2815, 2821, 2825, 2829, 2850, 2881, 2892, 2896, 2904, 2919, 2929, 2948, 2953, 6609, 6907, 6913, 6921, 6933, 8467, 10344, 10373, 10375, 10380, 10398, 10606, 10610, 10612, 10620, 10621, 10627, 10632, 10635, 10637, 10640, 10642, 10652, 10655, 10662, 10663, 10707, 10710, 10712, 10720, 10725, 10734, 10765, 10768, 
rel: 1 k: 15 rho: 10.8424 maxRV: 2811, 2815, 2892, 2904, 2919, 6609, 6913, 10344, 10373, 10398, 10610, 10612, 10620, 10621, 10632, 10635, 10637, 10640, 10642, 10652, 10655, 10662, 10663, 10710, 10712, 10725, 
rel: 1 k: 16 rho: 10.3652 maxRV: 2815, 2892, 2904, 2919, 6609, 6913, 10344, 10373, 10398, 10610, 10612, 10620, 10621, 10627, 10632, 10635, 10637, 10640, 10642, 10652, 10655, 10662, 10663, 10710, 10712, 
rel: 1 k: 17 rho: 10.2567 maxRV: 2811, 2815, 2892, 2904, 2919, 6609, 6913, 10344, 10373, 10398, 10610, 10612, 10620, 10621, 10627, 10632, 10635, 10637, 10640, 10642, 10652, 10655, 10662, 10663, 10710, 10712, 
rel: 1 k: 18 rho: 8.4316 maxRV: 2815, 2892, 2904, 2919, 6609, 6913, 10344, 10373, 10398, 10610, 10612, 10620, 10621, 10627, 10632, 10635, 10637, 10642, 10652, 10663, 10710, 
rel: 1 k: 19 rho: 7.39298 maxRV: 2811, 2815, 2892, 2904, 2919, 6609, 10344, 10373, 10398, 10610, 10612, 10620, 10621, 10627, 10632, 10635, 10637, 10642, 10652, 10663, 
query: 91
Construct Successful.
query: 92
Construct Successful.
query: 93
Construct Successful.
rel: 1 k: 11 rho: 6.53412 maxRV: 0, 1, 2, 3, 4, 5, 6, 7, 8, 9, 10, 11, 12, 13, 14, 15, 16, 17, 18, 
rel: 1 k: 10 rho: 12.9194 maxRV: 0, 1, 2, 3, 4, 5, 6, 7, 8, 9, 10, 11, 12, 13, 14, 15, 16, 17, 18, 19, 20, 21, 22, 23, 24, 25, 26, 27, 28, 29, 30, 31, 32, 33, 34, 35, 36, 37, 38, 
rel: 1 k: 9 rho: 14.3392 maxRV: 0, 1, 2, 3, 4, 5, 6, 7, 8, 9, 10, 11, 12, 13, 14, 15, 16, 17, 18, 19, 20, 21, 22, 23, 24, 25, 26, 27, 28, 29, 30, 31, 32, 33, 34, 35, 36, 37, 38, 39, 40, 41, 42, 43, 44, 
rel: 1 k: 8 rho: 15.9807 maxRV: 0, 1, 2, 3, 4, 5, 6, 7, 8, 9, 10, 11, 12, 13, 14, 15, 16, 17, 18, 19, 20, 21, 22, 23, 24, 25, 26, 27, 28, 29, 30, 31, 32, 33, 34, 35, 36, 37, 38, 39, 40, 41, 42, 43, 44, 45, 46, 47, 48, 
rel: 1 k: 7 rho: 18.166 maxRV: 0, 1, 2, 3, 4, 5, 6, 7, 8, 9, 10, 11, 12, 13, 14, 15, 16, 17, 18, 19, 20, 21, 22, 23, 24, 25, 26, 27, 28, 29, 30, 31, 32, 33, 34, 35, 36, 37, 38, 39, 40, 41, 42, 43, 45, 46, 47, 48, 57, 58, 59, 60, 61, 
rel: 1 k: 6 rho: 20.466 maxRV: 0, 1, 4, 5, 6, 7, 8, 9, 10, 11, 13, 14, 15, 16, 17, 18, 20, 21, 22, 23, 24, 25, 26, 27, 28, 29, 30, 31, 32, 33, 34, 35, 36, 37, 38, 41, 42, 43, 45, 46, 47, 48, 57, 58, 59, 60, 61, 63, 64, 78, 79, 80, 
rel: 1 k: 5 rho: 21.8085 maxRV: 0, 1, 2, 4, 5, 6, 7, 8, 9, 10, 11, 13, 14, 15, 16, 17, 18, 20, 21, 22, 23, 24, 25, 26, 27, 28, 29, 30, 31, 32, 33, 34, 35, 36, 37, 41, 42, 43, 45, 46, 47, 48, 57, 58, 59, 60, 61, 63, 64, 78, 79, 80, 81, 83, 90, 
rel: 1 k: 4 rho: 30.894 maxRV: 0, 1, 2, 3, 4, 5, 6, 7, 8, 9, 10, 11, 12, 13, 14, 15, 16, 17, 18, 19, 20, 21, 22, 23, 24, 25, 26, 27, 28, 29, 30, 31, 32, 33, 34, 35, 36, 37, 38, 39, 40, 41, 42, 43, 44, 45, 46, 47, 48, 49, 50, 51, 52, 53, 54, 55, 56, 57, 58, 59, 60, 61, 62, 63, 64, 73, 74, 75, 76, 77, 78, 79, 80, 81, 82, 83, 84, 85, 86, 87, 88, 89, 90, 91, 100, 101, 102, 103, 104, 105, 106, 107, 108, 109, 110, 111, 112, 113, 114, 115, 116, 117, 118, 119, 120, 121, 122, 123, 124, 125, 126, 131, 132, 133, 134, 135, 136, 137, 138, 139, 140, 141, 142, 152, 153, 154, 171, 172, 173, 185, 189, 190, 191, 192, 203, 
rel: 1 k: 3 rho: 117.675 maxRV: 2, 3, 10, 11, 12, 19, 23, 24, 25, 28, 32, 33, 34, 36, 38, 39, 40, 44, 49, 50, 51, 52, 53, 54, 55, 56, 62, 73, 74, 75, 76, 77, 82, 84, 85, 86, 87, 88, 89, 91, 92, 93, 94, 95, 96, 97, 98, 99, 100, 101, 102, 103, 104, 105, 106, 107, 108, 115, 116, 117, 118, 119, 123, 124, 131, 132, 133, 134, 135, 136, 137, 138, 139, 140, 141, 142, 143, 144, 145, 146, 147, 148, 149, 150, 151, 155, 156, 157, 158, 159, 160, 161, 162, 163, 164, 165, 166, 167, 168, 169, 170, 171, 172, 173, 174, 175, 176, 178, 179, 180, 182, 183, 185, 186, 187, 188, 189, 190, 191, 192, 193, 194, 195, 196, 197, 198, 199, 200, 201, 202, 203, 204, 209, 210, 212, 213, 214, 215, 216, 217, 218, 219, 220, 221, 222, 223, 224, 225, 226, 227, 228, 229, 230, 231, 232, 237, 238, 239, 240, 241, 246, 247, 248, 249, 250, 251, 252, 253, 254, 255, 256, 257, 258, 259, 260, 261, 262, 263, 264, 265, 266, 269, 270, 271, 272, 273, 274, 275, 276, 277, 278, 279, 280, 281, 282, 283, 284, 285, 286, 287, 288, 289, 290, 291, 292, 293, 294, 295, 296, 297, 298, 299, 300, 301, 302, 306, 307, 308, 309, 310, 311, 312, 313, 314, 315, 316, 317, 318, 319, 320, 321, 322, 323, 324, 325, 328, 329, 330, 331, 332, 334, 335, 336, 337, 338, 339, 340, 341, 342, 343, 344, 345, 346, 347, 348, 349, 350, 351, 352, 353, 354, 355, 356, 357, 358, 359, 360, 361, 362, 363, 364, 365, 366, 367, 371, 372, 373, 374, 375, 376, 377, 378, 379, 380, 382, 383, 384, 388, 389, 390, 391, 393, 394, 395, 396, 397, 398, 402, 403, 404, 405, 406, 407, 408, 411, 415, 419, 420, 421, 422, 423, 427, 428, 429, 430, 431, 433, 434, 435, 436, 437, 438, 439, 440, 441, 442, 443, 444, 445, 446, 451, 453, 454, 455, 456, 457, 458, 459, 460, 461, 462, 463, 464, 465, 466, 467, 469, 470, 471, 472, 473, 474, 475, 476, 477, 478, 479, 480, 481, 482, 483, 484, 488, 489, 490, 494, 495, 501, 502, 503, 504, 505, 
rel: 1 k: 3 rho: 117.675 maxRV: 20, 62, 80, 118, 146, 147, 153, 157, 170, 174, 176, 181, 183, 195, 202, 209, 210, 214, 229, 253, 262, 263, 280, 283, 304, 315, 319, 341, 349, 353, 354, 387, 404, 413, 415, 433, 457, 489, 505, 568, 598, 626, 650, 663, 666, 686, 719, 736, 749, 833, 853, 969, 970, 981, 989, 1035, 1048, 1049, 1059, 1071, 1076, 1080, 1082, 1156, 1160, 1168, 1171, 1177, 1179, 1220, 1228, 1239, 1248, 1309, 1310, 1335, 1358, 1362, 1366, 1452, 1498, 1510, 1511, 1524, 1536, 1540, 1542, 1546, 1578, 1662, 1692, 1702, 1721, 1730, 1742, 1762, 1780, 1817, 1820, 1917, 1921, 1964, 1968, 1984, 1996, 1998, 2011, 2020, 2029, 2036, 2041, 2045, 2057, 2093, 2096, 2136, 2168, 2180, 2199, 2227, 2232, 2236, 2242, 2250, 2273, 2284, 2313, 2322, 2339, 2368, 2374, 2386, 2394, 2455, 2507, 2553, 2642, 2684, 2701, 2745, 2767, 2810, 2811, 2812, 2815, 2820, 2868, 2896, 2922, 2941, 2970, 3032, 3063, 3065, 3080, 3085, 3096, 3111, 3112, 3113, 3158, 3179, 3186, 3193, 3256, 3295, 3342, 3350, 3379, 3515, 3527, 3540, 3563, 3583, 3635, 3662, 3682, 3713, 3733, 3801, 3825, 3826, 3882, 3908, 3941, 4045, 4412, 4495, 4546, 4683, 4711, 4770, 4802, 4871, 4887, 4932, 4973, 5025, 5026, 5028, 5033, 5045, 5053, 5055, 5058, 5161, 5259, 5326, 5404, 5419, 5421, 5425, 5436, 5443, 5486, 5532, 5538, 5595, 5635, 5641, 5656, 5668, 5679, 5693, 5698, 5708, 5731, 5737, 5738, 5744, 5756, 5763, 5798, 5799, 5868, 5920, 5932, 5955, 5967, 5981, 5992, 6001, 6017, 6055, 6118, 6127, 6168, 6192, 6199, 6205, 6214, 6217, 6265, 6318, 6325, 6346, 6500, 6584, 6585, 6588, 6596, 6612, 6618, 6636, 6641, 6735, 6737, 6743, 6747, 6758, 6776, 6815, 6833, 6843, 6847, 6862, 6864, 6872, 6879, 6885, 6907, 6948, 6955, 6991, 7030, 7052, 7122, 7174, 7216, 7306, 7353, 7362, 7385, 7392, 7410, 7419, 7426, 7443, 7449, 7467, 7470, 7523, 7546, 7548, 7569, 7579, 7636, 7703, 7814, 7822, 7981, 7984, 8194, 8216, 8272, 8283, 8380, 8467, 8469, 8520, 8542, 8868, 8895, 8898, 8911, 8916, 8967, 8983, 9044, 9134, 9142, 9151, 9153, 9154, 9197, 9209, 9253, 9322, 9332, 9394, 9402, 9419, 9473, 9593, 9659, 9663, 9707, 9736, 9744, 9749, 9762, 9764, 9765, 9876, 10069, 10084, 10208, 10659, 10666, 10693, 10707, 10734, 10765, 10959, 11044, 11104, 11243, 11310, 11322, 11346, 11434, 11563, 
rel: 1 k: 4 rho: 30.894 maxRV: 146, 147, 157, 170, 209, 214, 229, 253, 262, 263, 283, 341, 626, 638, 719, 736, 833, 853, 1071, 1076, 1082, 1692, 1964, 2020, 2168, 2810, 2811, 2812, 2814, 2815, 2820, 2821, 2825, 2829, 2892, 2896, 2904, 2913, 2922, 2970, 2975, 3032, 3065, 3080, 3158, 3179, 3186, 3419, 3682, 3882, 4045, 4546, 5404, 6325, 6584, 6585, 6596, 6612, 6618, 6636, 6641, 6735, 6758, 6843, 6864, 6872, 6903, 6907, 6914, 7216, 7306, 7419, 7443, 7546, 7651, 7814, 8467, 8469, 8898, 8902, 9577, 9593, 9707, 9749, 9764, 10339, 10345, 10355, 10359, 10360, 10368, 10370, 10375, 10383, 10400, 10414, 10423, 10430, 10435, 10436, 10457, 10458, 10554, 10607, 10611, 10616, 10621, 10622, 10635, 10637, 10640, 10649, 10652, 10659, 10662, 10666, 10682, 10685, 10693, 10699, 10707, 10717, 10728, 10734, 10744, 10748, 10762, 10765, 10773, 10802, 10805, 10959, 10964, 11009, 11042, 
rel: 1 k: 5 rho: 21.8085 maxRV: 262, 638, 1076, 2811, 2812, 2814, 2815, 2821, 2825, 2829, 2892, 2896, 2904, 2913, 2975, 3080, 6903, 6907, 6914, 8467, 8898, 9577, 10339, 10345, 10355, 10359, 10368, 10370, 10375, 10383, 10400, 10414, 10423, 10435, 10436, 10458, 10611, 10616, 10621, 10622, 10635, 10637, 10640, 10652, 10659, 10662, 10682, 10685, 10699, 10717, 10728, 10748, 10762, 10802, 10805, 
rel: 1 k: 6 rho: 20.466 maxRV: 262, 638, 1076, 2811, 2812, 2815, 2821, 2825, 2829, 2892, 2896, 2904, 2913, 2975, 3080, 6636, 6903, 6907, 6914, 8467, 8898, 9577, 10339, 10345, 10355, 10359, 10368, 10370, 10375, 10383, 10400, 10414, 10423, 10435, 10436, 10611, 10616, 10621, 10622, 10635, 10637, 10640, 10652, 10662, 10682, 10685, 10699, 10717, 10728, 10748, 10762, 10802, 
rel: 1 k: 7 rho: 18.166 maxRV: 262, 638, 1076, 2811, 2812, 2815, 2821, 2825, 2829, 2892, 2896, 2904, 2913, 2975, 3080, 6636, 6903, 6907, 6914, 8467, 8898, 10339, 10345, 10355, 10359, 10370, 10375, 10383, 10400, 10414, 10435, 10611, 10616, 10621, 10635, 10637, 10640, 10652, 10659, 10662, 10666, 10682, 10685, 10693, 10699, 10707, 10717, 10728, 10734, 10748, 10762, 10765, 10802, 
rel: 1 k: 8 rho: 15.9807 maxRV: 262, 638, 1076, 2811, 2812, 2815, 2821, 2825, 2829, 2892, 2896, 2904, 2913, 2975, 3080, 6596, 6636, 6903, 6907, 6914, 8467, 8898, 10339, 10345, 10359, 10370, 10375, 10414, 10616, 10621, 10635, 10637, 10640, 10652, 10659, 10662, 10666, 10682, 10685, 10693, 10699, 10707, 10717, 10728, 10734, 10748, 10762, 10765, 10802, 
rel: 1 k: 9 rho: 14.3392 maxRV: 262, 638, 1076, 2811, 2812, 2815, 2821, 2825, 2829, 2892, 2896, 2904, 2913, 2975, 3080, 6596, 6636, 6903, 6907, 6914, 8467, 8898, 10339, 10345, 10359, 10370, 10375, 10414, 10621, 10635, 10637, 10640, 10652, 10659, 10662, 10666, 10682, 10685, 10693, 10699, 10707, 10717, 10734, 10762, 10765, 
rel: 1 k: 10 rho: 12.9194 maxRV: 262, 638, 1076, 2811, 2812, 2815, 2821, 2825, 2829, 2892, 2896, 2904, 2913, 2975, 3080, 6636, 6903, 6907, 6914, 8467, 8898, 10345, 10359, 10370, 10375, 10621, 10635, 10637, 10640, 10652, 10659, 10662, 10682, 10693, 10699, 10707, 10717, 10734, 10762, 
rel: 1 k: 11 rho: 6.53412 maxRV: 2811, 2815, 2892, 2904, 6914, 10345, 10359, 10370, 10621, 10635, 10637, 10652, 10659, 10682, 10699, 10707, 10717, 10734, 10762, 
rel: 1 k: 3 rho: 118.932 maxRV: 20, 62, 80, 118, 146, 147, 153, 157, 170, 174, 176, 181, 183, 195, 202, 209, 210, 214, 229, 253, 262, 263, 280, 283, 304, 315, 319, 341, 349, 353, 354, 387, 404, 413, 415, 433, 457, 489, 505, 568, 598, 626, 638, 650, 666, 686, 719, 736, 749, 833, 853, 969, 970, 981, 989, 1035, 1048, 1049, 1059, 1071, 1076, 1080, 1082, 1156, 1160, 1168, 1171, 1177, 1179, 1220, 1228, 1239, 1248, 1309, 1310, 1335, 1358, 1362, 1366, 1452, 1498, 1510, 1511, 1524, 1536, 1540, 1542, 1546, 1578, 1662, 1692, 1702, 1721, 1730, 1742, 1762, 1780, 1817, 1820, 1917, 1921, 1964, 1968, 1984, 1996, 1998, 2011, 2020, 2029, 2036, 2041, 2045, 2057, 2093, 2096, 2136, 2168, 2180, 2199, 2227, 2232, 2236, 2242, 2250, 2273, 2313, 2322, 2339, 2368, 2374, 2386, 2394, 2455, 2507, 2553, 2642, 2684, 2701, 2745, 2767, 2810, 2811, 2812, 2820, 2868, 2922, 2941, 2970, 3032, 3063, 3065, 3080, 3085, 3096, 3111, 3112, 3113, 3158, 3179, 3186, 3256, 3295, 3342, 3350, 3379, 3515, 3527, 3540, 3563, 3583, 3635, 3662, 3682, 3713, 3733, 3801, 3825, 3826, 3882, 3908, 3941, 4045, 4412, 4495, 4546, 4683, 4696, 4711, 4770, 4802, 4871, 4887, 4932, 4973, 5026, 5028, 5033, 5045, 5053, 5055, 5058, 5161, 5259, 5326, 5404, 5419, 5421, 5425, 5436, 5443, 5486, 5532, 5538, 5595, 5635, 5641, 5656, 5668, 5679, 5693, 5698, 5708, 5731, 5737, 5738, 5744, 5756, 5763, 5798, 5799, 5868, 5920, 5932, 5955, 5967, 5981, 5992, 6001, 6017, 6055, 6118, 6127, 6168, 6192, 6199, 6205, 6214, 6265, 6318, 6325, 6346, 6584, 6585, 6588, 6596, 6612, 6618, 6636, 6641, 6735, 6737, 6743, 6747, 6758, 6776, 6815, 6833, 6843, 6847, 6862, 6864, 6872, 6879, 6885, 6907, 6948, 6955, 6991, 7030, 7052, 7122, 7174, 7216, 7306, 7353, 7362, 7385, 7392, 7410, 7419, 7426, 7443, 7449, 7467, 7470, 7523, 7546, 7548, 7569, 7579, 7636, 7814, 7822, 7981, 7984, 8216, 8272, 8283, 8380, 8469, 8520, 8542, 8868, 8895, 8911, 8916, 8967, 9044, 9134, 9142, 9151, 9153, 9154, 9197, 9209, 9253, 9322, 9332, 9394, 9402, 9419, 9473, 9593, 9707, 9736, 9744, 9749, 9762, 9764, 9765, 9876, 10069, 10084, 10659, 10666, 10693, 10707, 10717, 10734, 10765, 10959, 11104, 11243, 11346, 11434, 11563, 
rel: 1 k: 4 rho: 30.894 maxRV: 146, 147, 157, 170, 209, 214, 229, 253, 262, 263, 283, 341, 626, 638, 719, 736, 833, 853, 1071, 1076, 1082, 1692, 1964, 2020, 2168, 2810, 2811, 2812, 2814, 2815, 2820, 2821, 2825, 2829, 2892, 2896, 2904, 2913, 2922, 2970, 2975, 3032, 3065, 3080, 3158, 3179, 3186, 3419, 3682, 3882, 4045, 4546, 5404, 6325, 6584, 6585, 6596, 6612, 6618, 6636, 6641, 6735, 6758, 6843, 6864, 6872, 6903, 6907, 6914, 7216, 7306, 7419, 7443, 7546, 7651, 7814, 8467, 8469, 8898, 8902, 9577, 9593, 9707, 9749, 9764, 10339, 10345, 10355, 10359, 10360, 10368, 10370, 10375, 10383, 10400, 10414, 10423, 10430, 10435, 10436, 10457, 10458, 10554, 10607, 10611, 10616, 10621, 10622, 10635, 10637, 10640, 10649, 10652, 10659, 10662, 10666, 10682, 10685, 10693, 10699, 10707, 10717, 10728, 10734, 10744, 10748, 10762, 10765, 10773, 10802, 10805, 10959, 10964, 11009, 11042, 
rel: 1 k: 5 rho: 21.8085 maxRV: 262, 638, 1076, 2811, 2812, 2814, 2815, 2821, 2825, 2829, 2892, 2896, 2904, 2913, 2975, 3080, 6903, 6907, 6914, 8467, 8898, 9577, 10339, 10345, 10355, 10359, 10368, 10370, 10375, 10383, 10400, 10414, 10423, 10435, 10436, 10458, 10611, 10616, 10621, 10622, 10635, 10637, 10640, 10652, 10659, 10662, 10682, 10685, 10699, 10717, 10728, 10748, 10762, 10802, 10805, 
rel: 1 k: 6 rho: 20.466 maxRV: 262, 638, 1076, 2811, 2812, 2815, 2821, 2825, 2829, 2892, 2896, 2904, 2913, 2975, 3080, 6636, 6903, 6907, 6914, 8467, 8898, 9577, 10339, 10345, 10355, 10359, 10368, 10370, 10375, 10383, 10400, 10414, 10423, 10435, 10436, 10611, 10616, 10621, 10622, 10635, 10637, 10640, 10652, 10662, 10682, 10685, 10699, 10717, 10728, 10748, 10762, 10802, 
rel: 1 k: 7 rho: 18.0557 maxRV: 262, 638, 1076, 2811, 2812, 2815, 2821, 2825, 2829, 2892, 2896, 2904, 2913, 2975, 3080, 6903, 6907, 6914, 8467, 8898, 10339, 10345, 10355, 10359, 10370, 10375, 10383, 10400, 10414, 10435, 10611, 10616, 10621, 10635, 10637, 10640, 10652, 10659, 10662, 10666, 10682, 10685, 10699, 10717, 10728, 10748, 10762, 10802, 
rel: 1 k: 8 rho: 15.8268 maxRV: 2811, 2812, 2815, 2821, 2825, 2829, 2892, 2896, 2904, 2913, 2975, 6903, 6907, 6914, 8467, 8898, 10339, 10345, 10359, 10370, 10375, 10414, 10616, 10621, 10635, 10637, 10640, 10652, 10659, 10662, 10666, 10682, 10685, 10699, 10717, 10728, 10748, 10762, 10802, 
rel: 1 k: 9 rho: 13.9373 maxRV: 262, 2811, 2812, 2815, 2821, 2825, 2829, 2892, 2896, 2904, 2913, 2975, 6636, 6903, 6907, 6914, 8467, 8898, 10339, 10345, 10359, 10370, 10375, 10414, 10621, 10635, 10637, 10640, 10652, 10659, 10662, 10682, 10685, 10699, 10717, 10762, 
rel: 1 k: 10 rho: 12.7265 maxRV: 262, 638, 2811, 2812, 2815, 2821, 2825, 2829, 2892, 2896, 2904, 2913, 2975, 3080, 6903, 6907, 6914, 8467, 8898, 10345, 10359, 10370, 10375, 10621, 10635, 10637, 10640, 10652, 10659, 10662, 10682, 10699, 10717, 10762, 
rel: 1 k: 11 rho: 6.53148 maxRV: 2811, 2815, 2892, 2904, 6914, 10345, 10359, 10370, 10621, 10635, 10637, 10652, 10659, 10682, 10699, 10707, 10717, 10762, 
query: 94
Construct Successful.
query: 95
Construct Successful.
query: 96
Construct Successful.
query: 97
Construct Successful.
query: 98
Construct Successful.
query: 99
Construct Successful.
Average basic: 41.01 milliseconds
Average improve: 67.19 milliseconds
Average best: 45.14 milliseconds
Average basic+qw: 41.22 milliseconds
Average improve+qw: 67.4 milliseconds
Average best+qw: 45.35 milliseconds
Average basic+qw+sim: 117.66 milliseconds
Average improve+qw+sim: 143.84 milliseconds
Average best+qw+sim: 121.79 milliseconds
