avg degree: 7
Loaded attribute successfully!
Loaded dataset successfully!
simThreshold: 0.2
k: 3
query: 0
Construct Successful.
query: 1
Construct Successful.
query: 2
Construct Successful.
query: 3
Construct Successful.
query: 4
Construct Successful.
query: 5
Construct Successful.
query: 6
Construct Successful.
query: 7
Construct Successful.
query: 8
Construct Successful.
query: 9
Construct Successful.
query: 10
Construct Successful.
query: 11
Construct Successful.
query: 12
Construct Successful.
query: 13
Construct Successful.
query: 14
Construct Successful.
query: 15
Construct Successful.
query: 16
Construct Successful.
query: 17
Construct Successful.
query: 18
Construct Successful.
query: 19
Construct Successful.
query: 20
Construct Successful.
query: 21
Construct Successful.
query: 22
Construct Successful.
query: 23
Construct Successful.
query: 24
Construct Successful.
query: 25
Construct Successful.
query: 26
Construct Successful.
query: 27
Construct Successful.
query: 28
Construct Successful.
query: 29
Construct Successful.
query: 30
Construct Successful.
query: 31
Construct Successful.
query: 32
Construct Successful.
query: 33
Construct Successful.
query: 34
Construct Successful.
query: 35
Construct Successful.
query: 36
Construct Successful.
query: 37
Construct Successful.
query: 38
Construct Successful.
query: 39
Construct Successful.
query: 40
Construct Successful.
query: 41
Construct Successful.
query: 42
Construct Successful.
query: 43
Construct Successful.
query: 44
Construct Successful.
query: 45
Construct Successful.
query: 46
Construct Successful.
rel: 1 k: 5 rho: 2.22285 maxRV: 0, 1, 2, 3, 4, 5, 6, 7, 
rel: 1 k: 4 rho: 3.00578 maxRV: 0, 1, 2, 3, 4, 5, 6, 7, 8, 9, 
rel: 1 k: 3 rho: 8.47226 maxRV: 0, 1, 2, 3, 4, 5, 6, 7, 8, 9, 31, 32, 33, 34, 35, 36, 60, 72, 73, 74, 75, 83, 84, 85, 86, 
rel: 1 k: 3 rho: 8.47226 maxRV: 146, 157, 214, 229, 231, 246, 253, 317, 344, 853, 970, 1093, 3036, 3038, 3181, 3256, 3805, 3946, 6735, 6746, 6758, 6861, 6879, 7222, 23875, 
rel: 1 k: 4 rho: 3.00578 maxRV: 146, 157, 214, 231, 246, 253, 1093, 3038, 3181, 6735, 
rel: 1 k: 5 rho: 2.22285 maxRV: 146, 214, 231, 246, 253, 1093, 3038, 6735, 
rel: 1 k: 3 rho: 8.47226 maxRV: 146, 157, 214, 229, 231, 246, 253, 317, 344, 853, 970, 1093, 3036, 3038, 3181, 3256, 3805, 3946, 6735, 6746, 6758, 6861, 6879, 7222, 23875, 
rel: 1 k: 4 rho: 3.00578 maxRV: 146, 157, 214, 231, 246, 253, 1093, 3038, 3181, 6735, 
rel: 1 k: 5 rho: 2.22285 maxRV: 146, 214, 231, 246, 253, 1093, 3038, 6735, 
query: 47
Construct Successful.
query: 48
Construct Successful.
query: 49
Construct Successful.
query: 50
Construct Successful.
query: 51
Construct Successful.
rel: 1 k: 18 rho: 7.9304 maxRV: 0, 1, 2, 3, 4, 5, 6, 7, 8, 9, 10, 11, 12, 13, 14, 15, 16, 17, 18, 19, 20, 21, 22, 23, 
rel: 1 k: 17 rho: 8.02623 maxRV: 0, 1, 2, 3, 4, 5, 6, 7, 8, 9, 10, 11, 12, 13, 14, 15, 16, 17, 18, 19, 20, 21, 22, 23, 24, 
rel: 1 k: 16 rho: 14.8241 maxRV: 0, 1, 2, 3, 4, 5, 6, 7, 8, 9, 10, 11, 12, 13, 14, 15, 16, 17, 18, 19, 20, 21, 22, 23, 24, 25, 26, 27, 28, 29, 30, 31, 32, 33, 34, 35, 36, 37, 38, 39, 40, 41, 42, 43, 44, 45, 
rel: 1 k: 15 rho: 16.1478 maxRV: 0, 1, 2, 3, 4, 5, 6, 7, 8, 9, 10, 11, 12, 13, 14, 15, 16, 17, 18, 19, 20, 21, 22, 23, 24, 25, 26, 27, 28, 29, 30, 31, 32, 33, 34, 35, 36, 37, 38, 39, 40, 41, 42, 43, 44, 45, 46, 47, 48, 
rel: 1 k: 14 rho: 17.536 maxRV: 0, 1, 2, 3, 4, 5, 6, 7, 8, 9, 10, 11, 12, 13, 14, 15, 16, 17, 18, 19, 20, 21, 22, 23, 24, 25, 26, 27, 28, 29, 30, 31, 32, 33, 34, 35, 36, 37, 38, 39, 40, 41, 42, 43, 44, 45, 46, 47, 48, 49, 50, 51, 52, 
rel: 1 k: 13 rho: 19.9078 maxRV: 0, 1, 2, 3, 4, 5, 6, 7, 8, 9, 10, 11, 12, 13, 14, 15, 16, 17, 18, 19, 20, 21, 22, 23, 24, 25, 26, 27, 28, 29, 30, 31, 32, 33, 34, 35, 36, 37, 38, 39, 40, 41, 42, 43, 44, 45, 46, 47, 48, 49, 50, 51, 52, 53, 54, 55, 56, 57, 58, 59, 
rel: 1 k: 12 rho: 21.1008 maxRV: 0, 1, 2, 3, 4, 5, 6, 7, 8, 9, 10, 11, 12, 13, 14, 15, 16, 17, 18, 19, 20, 21, 22, 23, 24, 25, 26, 27, 28, 29, 30, 31, 32, 33, 34, 35, 36, 37, 38, 39, 40, 41, 42, 43, 44, 45, 46, 47, 48, 49, 50, 51, 52, 53, 54, 55, 56, 57, 58, 59, 60, 61, 62, 
rel: 1 k: 11 rho: 24.1133 maxRV: 0, 1, 2, 3, 4, 5, 6, 7, 8, 9, 10, 11, 12, 13, 14, 15, 16, 17, 18, 19, 20, 21, 22, 23, 24, 25, 26, 27, 28, 29, 30, 31, 32, 33, 34, 35, 36, 37, 38, 39, 40, 41, 42, 43, 44, 45, 46, 47, 48, 49, 50, 51, 52, 53, 54, 55, 56, 57, 58, 59, 60, 61, 62, 63, 64, 65, 66, 67, 68, 69, 
rel: 1 k: 10 rho: 26.025 maxRV: 0, 1, 2, 3, 4, 5, 6, 7, 8, 9, 10, 11, 12, 13, 14, 15, 16, 17, 18, 19, 20, 21, 22, 23, 24, 25, 26, 27, 28, 29, 30, 31, 32, 33, 34, 35, 36, 37, 38, 39, 40, 41, 42, 43, 44, 45, 46, 47, 48, 49, 50, 51, 52, 53, 54, 55, 56, 57, 58, 59, 60, 61, 62, 63, 64, 65, 66, 67, 68, 69, 70, 71, 72, 73, 74, 75, 
rel: 1 k: 9 rho: 28.379 maxRV: 0, 1, 2, 3, 4, 5, 6, 7, 10, 11, 12, 13, 14, 15, 16, 17, 18, 20, 21, 22, 23, 25, 26, 27, 28, 29, 30, 31, 32, 33, 34, 35, 36, 37, 38, 39, 40, 41, 42, 43, 44, 45, 46, 47, 48, 49, 50, 51, 53, 54, 56, 58, 59, 60, 61, 62, 63, 64, 65, 66, 67, 68, 69, 71, 72, 73, 75, 77, 78, 79, 80, 81, 
rel: 1 k: 8 rho: 31.4657 maxRV: 0, 1, 3, 4, 5, 6, 7, 10, 11, 12, 13, 14, 15, 16, 17, 18, 20, 22, 23, 25, 26, 27, 28, 29, 30, 31, 32, 33, 34, 35, 36, 37, 38, 39, 40, 41, 42, 43, 44, 45, 46, 47, 48, 49, 50, 51, 53, 54, 56, 58, 59, 60, 61, 62, 63, 64, 65, 66, 67, 68, 69, 71, 72, 73, 75, 77, 78, 79, 80, 81, 82, 84, 85, 86, 87, 88, 
rel: 1 k: 7 rho: 33.3071 maxRV: 0, 1, 2, 3, 4, 5, 6, 7, 8, 9, 10, 11, 12, 13, 14, 15, 16, 17, 18, 19, 20, 21, 22, 23, 24, 25, 26, 27, 28, 29, 30, 31, 32, 33, 34, 35, 36, 37, 38, 39, 40, 41, 42, 43, 44, 45, 46, 47, 48, 49, 50, 51, 52, 53, 54, 55, 56, 57, 58, 59, 60, 61, 62, 63, 64, 65, 66, 67, 68, 69, 70, 71, 72, 73, 74, 75, 76, 77, 78, 79, 80, 81, 82, 83, 84, 85, 86, 87, 88, 113, 114, 115, 116, 117, 118, 119, 130, 131, 132, 133, 134, 
rel: 1 k: 6 rho: 39.0823 maxRV: 0, 1, 2, 3, 4, 5, 6, 7, 8, 9, 10, 11, 12, 13, 14, 15, 16, 17, 18, 19, 20, 21, 22, 23, 24, 25, 26, 27, 28, 29, 30, 31, 32, 33, 34, 35, 36, 37, 38, 39, 40, 41, 42, 43, 44, 45, 46, 47, 48, 49, 50, 51, 52, 53, 54, 55, 56, 57, 58, 59, 60, 61, 62, 63, 64, 65, 66, 67, 68, 69, 70, 71, 72, 73, 74, 75, 76, 77, 78, 79, 80, 81, 82, 83, 84, 85, 86, 87, 88, 113, 114, 115, 116, 117, 118, 119, 120, 121, 122, 125, 127, 128, 129, 130, 131, 132, 133, 134, 142, 143, 145, 146, 147, 148, 149, 150, 166, 167, 168, 171, 172, 175, 176, 177, 178, 179, 180, 181, 182, 183, 184, 185, 186, 187, 188, 189, 214, 215, 218, 219, 
rel: 1 k: 5 rho: 52.568 maxRV: 0, 1, 2, 3, 4, 5, 6, 7, 8, 9, 10, 11, 12, 13, 14, 15, 16, 17, 18, 19, 20, 21, 22, 23, 24, 25, 26, 27, 28, 29, 30, 31, 32, 33, 34, 35, 36, 37, 38, 39, 40, 41, 42, 43, 44, 45, 46, 47, 48, 49, 50, 51, 52, 53, 54, 55, 56, 57, 58, 59, 60, 61, 62, 63, 64, 65, 66, 67, 68, 69, 70, 71, 72, 73, 74, 75, 76, 77, 78, 79, 80, 81, 82, 83, 84, 85, 86, 87, 88, 89, 90, 91, 92, 93, 94, 95, 96, 97, 98, 99, 100, 101, 102, 103, 104, 113, 114, 115, 116, 117, 118, 119, 120, 121, 122, 123, 124, 125, 126, 127, 128, 129, 130, 131, 132, 133, 134, 142, 143, 144, 145, 146, 147, 148, 149, 150, 164, 165, 166, 167, 168, 169, 170, 171, 172, 173, 174, 175, 176, 177, 178, 179, 180, 181, 182, 183, 184, 185, 186, 187, 188, 189, 201, 202, 203, 204, 205, 206, 207, 208, 209, 213, 214, 215, 216, 217, 218, 219, 243, 252, 253, 254, 255, 267, 268, 269, 270, 275, 276, 282, 283, 284, 285, 286, 287, 288, 289, 295, 296, 297, 298, 299, 300, 301, 302, 303, 304, 305, 306, 307, 308, 309, 310, 311, 312, 313, 314, 315, 316, 317, 324, 325, 326, 327, 328, 329, 335, 343, 344, 345, 346, 351, 352, 355, 356, 357, 358, 359, 360, 361, 362, 363, 364, 365, 366, 367, 368, 369, 370, 376, 378, 379, 380, 381, 
rel: 1 k: 4 rho: 105.65 maxRV: 0, 1, 2, 3, 4, 5, 6, 7, 8, 9, 10, 11, 12, 13, 14, 15, 16, 17, 18, 19, 20, 21, 22, 23, 24, 25, 26, 27, 28, 29, 30, 31, 32, 33, 34, 35, 36, 37, 38, 39, 40, 41, 42, 43, 44, 45, 46, 47, 48, 49, 50, 51, 52, 53, 54, 55, 56, 57, 58, 59, 60, 61, 62, 63, 64, 65, 66, 67, 68, 69, 70, 71, 72, 73, 74, 75, 76, 77, 78, 79, 80, 81, 82, 83, 84, 85, 86, 87, 88, 89, 90, 91, 92, 93, 94, 95, 96, 97, 98, 99, 100, 101, 102, 103, 104, 113, 114, 115, 116, 117, 118, 119, 120, 121, 122, 123, 124, 125, 126, 127, 128, 129, 130, 131, 132, 133, 134, 142, 143, 144, 145, 146, 147, 148, 149, 150, 151, 152, 153, 154, 155, 156, 164, 165, 166, 167, 168, 169, 170, 171, 172, 173, 174, 175, 176, 177, 178, 179, 180, 181, 182, 183, 184, 185, 186, 187, 188, 189, 201, 202, 203, 204, 205, 206, 207, 208, 209, 213, 214, 215, 216, 217, 218, 219, 226, 227, 243, 251, 252, 253, 254, 255, 256, 257, 258, 262, 263, 264, 265, 266, 267, 268, 269, 270, 275, 276, 282, 283, 284, 285, 286, 287, 288, 289, 295, 296, 297, 298, 299, 300, 301, 302, 303, 304, 305, 306, 307, 308, 309, 310, 311, 312, 313, 314, 315, 316, 317, 319, 320, 321, 322, 323, 324, 325, 326, 327, 328, 329, 330, 331, 332, 333, 334, 335, 343, 344, 345, 346, 347, 348, 349, 350, 351, 352, 355, 356, 357, 358, 359, 360, 361, 362, 363, 364, 365, 366, 367, 368, 369, 370, 376, 378, 379, 380, 381, 397, 398, 399, 400, 401, 402, 403, 404, 405, 406, 407, 412, 413, 414, 415, 416, 417, 418, 419, 420, 421, 422, 432, 433, 461, 462, 463, 464, 465, 466, 467, 468, 469, 484, 485, 486, 487, 488, 489, 496, 497, 498, 499, 503, 504, 505, 506, 507, 514, 515, 516, 517, 518, 519, 520, 521, 522, 523, 524, 525, 526, 533, 534, 535, 536, 537, 538, 539, 540, 541, 542, 543, 544, 545, 546, 547, 548, 549, 550, 551, 552, 556, 557, 558, 559, 560, 561, 562, 563, 564, 565, 566, 567, 568, 569, 570, 571, 572, 573, 574, 576, 577, 578, 579, 580, 581, 582, 583, 584, 585, 586, 587, 588, 589, 590, 591, 592, 593, 594, 595, 596, 597, 598, 599, 600, 615, 616, 617, 618, 619, 620, 627, 628, 629, 630, 631, 632, 634, 635, 636, 637, 638, 639, 668, 669, 670, 677, 678, 679, 680, 681, 682, 683, 684, 685, 686, 687, 692, 693, 694, 696, 697, 698, 699, 700, 701, 702, 703, 704, 705, 706, 707, 708, 709, 710, 711, 712, 713, 715, 716, 717, 719, 720, 722, 723, 724, 725, 726, 727, 728, 729, 730, 731, 732, 733, 734, 735, 736, 737, 738, 739, 740, 741, 742, 743, 744, 745, 746, 747, 748, 749, 752, 753, 754, 755, 756, 757, 758, 759, 760, 761, 762, 775, 797, 798, 799, 800, 801, 802, 803, 804, 805, 806, 812, 813, 818, 819, 820, 821, 826, 827, 
rel: 1 k: 3 rho: 445.992 maxRV: 2, 3, 8, 9, 10, 11, 19, 21, 24, 26, 27, 31, 32, 33, 34, 37, 38, 39, 40, 41, 43, 47, 49, 52, 55, 56, 57, 60, 62, 70, 74, 76, 79, 82, 83, 89, 90, 91, 92, 93, 94, 95, 96, 97, 98, 99, 100, 101, 102, 103, 104, 105, 106, 107, 108, 109, 110, 111, 112, 114, 115, 116, 117, 118, 119, 120, 121, 122, 123, 124, 125, 126, 127, 128, 129, 131, 135, 136, 137, 138, 139, 140, 141, 142, 143, 144, 145, 146, 147, 148, 149, 150, 151, 154, 155, 156, 164, 165, 167, 168, 169, 170, 171, 172, 173, 174, 175, 180, 190, 191, 192, 193, 194, 195, 196, 197, 198, 201, 202, 203, 204, 205, 206, 207, 208, 209, 210, 211, 212, 213, 214, 215, 216, 217, 218, 219, 220, 221, 222, 223, 224, 225, 228, 229, 230, 231, 232, 233, 234, 236, 237, 238, 239, 240, 241, 242, 243, 244, 245, 246, 247, 248, 249, 250, 252, 253, 254, 255, 257, 258, 259, 260, 261, 262, 263, 264, 265, 266, 267, 269, 271, 272, 273, 274, 275, 276, 282, 283, 284, 285, 286, 287, 288, 289, 290, 291, 292, 293, 294, 299, 305, 316, 317, 318, 319, 320, 321, 322, 323, 324, 325, 326, 327, 328, 329, 330, 331, 332, 333, 334, 335, 343, 344, 345, 346, 347, 348, 349, 350, 351, 352, 353, 354, 355, 356, 357, 358, 359, 360, 361, 362, 363, 364, 365, 366, 367, 368, 369, 370, 371, 372, 373, 374, 375, 376, 377, 378, 379, 380, 381, 396, 403, 405, 408, 409, 410, 411, 414, 415, 416, 417, 418, 419, 420, 421, 422, 432, 433, 434, 435, 436, 437, 438, 439, 440, 441, 442, 443, 444, 445, 446, 447, 448, 449, 450, 451, 452, 453, 454, 461, 467, 468, 469, 470, 471, 472, 473, 474, 475, 476, 477, 478, 479, 480, 481, 482, 483, 484, 485, 486, 487, 488, 489, 494, 495, 496, 497, 498, 499, 500, 501, 502, 503, 504, 505, 506, 507, 510, 511, 515, 516, 519, 520, 521, 522, 523, 524, 525, 526, 527, 528, 529, 530, 531, 532, 533, 534, 535, 536, 537, 538, 539, 541, 544, 545, 546, 547, 548, 549, 550, 551, 552, 553, 554, 555, 556, 558, 564, 566, 568, 575, 578, 579, 580, 583, 585, 591, 593, 595, 596, 597, 598, 599, 600, 601, 602, 603, 608, 609, 610, 611, 612, 613, 614, 615, 616, 617, 618, 619, 620, 621, 622, 623, 624, 625, 626, 627, 628, 629, 630, 631, 632, 634, 635, 636, 637, 638, 639, 642, 643, 644, 645, 646, 647, 648, 649, 650, 651, 652, 653, 654, 655, 656, 657, 658, 659, 660, 661, 662, 663, 664, 665, 666, 667, 668, 669, 670, 677, 678, 679, 680, 681, 682, 683, 684, 685, 686, 687, 692, 693, 694, 696, 697, 698, 699, 700, 701, 702, 703, 704, 705, 706, 707, 708, 709, 710, 711, 712, 713, 714, 718, 719, 720, 721, 722, 723, 724, 725, 726, 727, 728, 729, 730, 731, 732, 733, 734, 735, 736, 737, 738, 739, 740, 741, 742, 743, 744, 745, 746, 747, 748, 749, 750, 751, 752, 753, 754, 755, 756, 757, 758, 759, 760, 761, 762, 768, 769, 770, 771, 775, 776, 777, 778, 779, 780, 781, 792, 793, 794, 795, 796, 797, 798, 799, 800, 801, 802, 803, 804, 805, 806, 807, 808, 809, 810, 811, 812, 813, 814, 815, 816, 817, 818, 819, 820, 821, 822, 823, 824, 825, 826, 827, 867, 868, 869, 870, 871, 872, 877, 878, 880, 881, 884, 885, 886, 889, 890, 891, 896, 898, 899, 906, 907, 908, 916, 917, 918, 919, 920, 921, 922, 923, 924, 925, 926, 927, 928, 929, 932, 933, 934, 935, 936, 937, 938, 939, 940, 944, 945, 946, 947, 948, 949, 950, 951, 952, 953, 954, 957, 958, 959, 960, 961, 962, 963, 964, 965, 966, 967, 968, 971, 972, 973, 974, 975, 979, 980, 981, 982, 983, 984, 985, 986, 987, 988, 989, 990, 995, 996, 997, 998, 999, 1000, 1001, 1002, 1003, 1004, 1005, 1006, 1007, 1008, 1009, 1010, 1011, 1012, 1013, 1014, 1015, 1016, 1017, 1018, 1019, 1020, 1021, 1022, 1023, 1024, 1025, 1026, 1027, 1028, 1030, 1031, 1032, 1033, 1034, 1035, 1036, 1037, 1038, 1040, 1041, 1042, 1043, 1045, 1046, 1047, 1048, 1052, 1053, 1054, 1058, 1059, 1060, 1064, 1065, 1066, 1067, 1098, 1100, 1101, 1102, 1103, 1104, 1105, 1106, 1107, 1108, 1109, 1110, 1115, 1116, 1117, 1118, 1119, 1120, 1125, 1126, 1127, 1128, 1129, 1130, 1131, 1132, 1136, 1137, 1138, 1139, 1140, 1141, 1142, 1143, 1144, 1145, 1146, 1147, 1148, 1149, 1150, 1151, 1152, 1153, 1154, 1155, 1156, 1157, 1158, 1161, 1162, 1163, 1164, 1165, 1166, 1167, 1168, 1169, 1170, 1171, 1172, 1173, 1174, 1175, 1176, 1177, 1178, 1179, 1180, 1181, 1182, 1183, 1184, 1185, 1189, 1190, 1191, 1192, 1193, 1194, 1195, 1196, 1197, 1198, 1199, 1200, 1201, 1202, 1203, 1204, 1211, 1212, 1213, 1214, 1215, 1216, 1217, 1218, 1219, 1220, 1221, 1222, 1223, 1224, 1225, 1226, 1227, 1228, 1229, 1230, 1231, 1232, 1233, 1234, 1236, 1237, 1238, 1241, 1242, 1243, 1245, 1246, 1249, 1250, 1251, 1252, 1253, 1254, 1255, 1256, 1257, 1258, 1259, 1263, 1264, 1265, 1266, 1267, 1268, 1269, 1270, 1271, 1272, 1273, 1274, 1275, 1276, 1277, 1278, 1279, 1280, 1281, 1282, 1283, 1284, 1285, 1286, 1287, 1288, 1289, 1290, 1291, 1292, 1293, 1294, 1295, 1296, 1304, 1305, 1311, 1312, 1313, 1318, 1319, 1320, 1327, 1328, 1329, 1340, 1341, 1342, 1343, 1344, 1345, 1346, 1354, 1355, 1356, 1357, 1358, 1359, 1360, 1361, 1362, 1363, 1367, 1369, 1374, 1375, 1376, 1377, 1378, 1379, 1380, 1381, 1382, 1383, 1384, 1385, 1386, 1387, 1388, 1389, 1390, 1391, 1392, 1393, 1394, 1395, 1396, 1397, 1398, 1399, 1400, 1401, 1403, 1404, 1405, 1406, 1407, 1408, 1411, 1412, 1414, 1416, 1417, 1418, 1419, 1420, 1421, 1422, 1423, 1424, 1425, 1426, 1427, 1428, 1429, 1433, 1434, 1435, 1436, 1437, 1438, 1439, 1440, 1441, 1442, 1443, 1444, 1445, 1446, 1450, 1451, 1452, 1461, 1468, 1469, 1470, 1471, 1472, 1473, 1474, 1475, 1476, 1477, 1478, 1481, 1482, 1485, 1488, 1490, 1491, 1492, 1498, 1499, 1505, 1506, 1514, 1517, 1518, 1519, 1521, 1522, 1523, 1524, 1525, 1526, 1527, 1528, 1529, 1530, 1531, 1532, 1533, 1534, 1535, 1536, 1537, 1538, 1542, 1543, 1544, 1545, 1546, 1547, 1550, 1551, 1552, 1553, 1557, 1558, 1559, 1560, 1561, 1562, 1566, 1567, 1568, 1569, 1571, 1572, 1573, 1574, 1575, 1576, 1577, 1578, 1579, 1580, 1583, 1584, 1585, 1586, 1587, 1588, 1589, 1590, 1591, 1592, 1593, 1594, 1595, 1604, 1605, 1606, 1607, 1608, 1609, 1610, 1611, 1612, 1613, 1614, 1615, 1616, 1617, 1618, 1624, 1628, 1629, 1638, 1639, 1640, 1641, 1642, 1643, 1644, 1645, 1646, 1647, 1651, 1660, 1662, 1663, 1664, 1665, 1666, 1667, 1668, 1669, 1671, 1672, 1673, 1674, 1675, 1676, 1677, 1678, 1679, 1680, 1681, 1682, 1683, 1684, 1691, 1692, 1693, 1694, 1695, 1696, 1697, 1698, 1699, 1700, 1701, 1702, 1703, 1704, 1705, 1706, 1716, 1717, 1718, 1719, 1720, 1721, 1722, 1723, 1724, 1725, 1726, 1727, 1729, 1730, 1731, 1732, 1733, 1734, 1735, 1736, 1737, 1738, 1739, 1740, 1741, 1742, 1743, 1744, 1745, 1746, 1747, 1748, 1749, 1750, 1751, 1752, 1753, 1754, 1755, 1756, 1757, 1758, 1759, 1760, 1761, 1762, 1763, 1764, 1765, 1766, 1767, 1771, 1772, 1773, 1774, 1775, 1776, 1777, 1778, 1779, 1780, 1781, 1782, 1783, 1784, 1786, 1793, 1794, 1795, 1796, 1797, 1798, 1799, 1802, 1803, 1804, 1805, 1806, 1807, 1808, 1809, 1810, 1811, 1812, 1813, 1814, 1815, 1817, 1818, 1819, 1820, 1821, 1822, 1823, 1824, 1825, 1826, 1827, 1828, 1829, 1830, 1831, 1832, 1833, 1834, 1835, 1836, 1837, 1846, 1847, 1848, 1850, 1851, 1852, 1853, 1854, 1855, 1856, 1857, 1858, 1859, 1860, 1861, 1862, 1863, 1864, 1865, 1866, 1867, 1868, 1869, 1870, 1871, 1872, 1873, 1874, 1875, 1876, 1877, 1878, 1879, 1880, 1881, 1882, 1883, 1884, 1885, 1886, 1887, 1888, 1889, 1890, 1891, 1892, 1893, 1894, 1895, 1896, 1897, 1898, 1899, 1900, 1901, 1902, 1903, 1904, 1905, 1906, 1907, 1908, 1909, 1910, 1911, 1912, 1913, 1914, 1915, 1916, 1917, 1918, 1919, 1920, 1921, 1922, 1923, 1924, 1925, 1926, 1927, 1928, 1929, 1930, 1931, 1932, 1934, 1935, 1936, 1937, 1943, 1944, 1945, 1946, 1947, 1948, 1949, 1950, 1951, 1952, 1953, 1955, 1956, 1957, 1958, 1959, 1960, 1961, 1962, 1963, 1964, 1965, 1966, 1967, 1968, 1969, 1970, 1971, 1972, 1973, 1974, 1975, 1976, 1977, 1978, 1980, 1981, 1982, 1983, 1984, 1985, 1986, 1987, 1988, 1989, 1990, 1991, 1992, 1993, 1994, 1995, 1996, 1997, 1998, 2007, 2008, 2009, 2013, 2014, 2015, 2016, 2021, 2022, 2029, 2030, 2031, 2032, 2033, 2034, 2035, 2036, 2037, 2038, 2039, 2040, 2041, 2042, 2043, 2044, 2045, 2046, 2052, 2054, 2055, 2056, 2057, 2061, 2065, 2066, 2077, 2078, 2079, 2083, 2084, 2085, 2087, 2088, 2089, 2090, 2091, 2092, 2093, 2097, 2098, 2104, 2105, 2106, 2107, 2108, 2109, 2110, 2111, 2112, 2113, 2114, 2121, 2122, 2123, 2126, 2130, 2131, 2132, 2140, 2141, 2142, 2143, 2144, 2145, 2146, 2147, 2153, 2154, 2155, 2156, 2158, 2159, 2160, 2161, 2162, 2163, 2164, 2165, 2166, 2167, 2168, 2169, 2170, 2171, 2172, 2184, 2185, 2186, 2187, 2188, 2189, 2190, 2192, 2193, 2194, 2195, 2196, 2197, 2198, 2202, 2203, 2204, 2210, 2211, 2215, 2216, 2217, 2218, 2219, 2220, 2221, 2223, 2227, 2228, 2229, 2230, 2231, 2232, 2234, 2235, 2242, 2243, 2244, 2245, 2246, 2247, 2248, 2249, 2250, 2251, 2252, 2253, 2254, 2255, 2256, 2257, 2258, 2259, 2268, 2269, 2270, 2271, 2272, 2273, 2274, 2275, 2276, 2277, 2278, 2279, 2280, 2281, 2287, 2288, 2291, 2292, 2293, 2299, 2306, 2314, 2315, 2322, 2329, 2330, 
rel: 1 k: 3 rho: 445.725 maxRV: 1, 6, 7, 9, 10, 11, 16, 18, 25, 27, 28, 30, 32, 34, 38, 43, 46, 47, 58, 66, 68, 70, 74, 77, 79, 103, 104, 106, 110, 116, 118, 129, 131, 133, 135, 138, 140, 147, 149, 150, 153, 155, 158, 160, 168, 169, 170, 175, 178, 183, 190, 200, 202, 208, 211, 214, 218, 226, 235, 236, 246, 253, 262, 267, 271, 277, 280, 295, 301, 319, 320, 321, 325, 354, 362, 378, 412, 413, 414, 415, 427, 439, 444, 449, 457, 463, 467, 481, 491, 493, 501, 505, 516, 527, 531, 539, 553, 554, 558, 562, 568, 573, 575, 612, 613, 630, 634, 636, 647, 650, 652, 655, 659, 680, 682, 683, 685, 686, 687, 696, 707, 712, 717, 718, 721, 729, 731, 736, 740, 745, 753, 757, 786, 792, 797, 802, 842, 844, 851, 853, 883, 893, 894, 898, 900, 902, 905, 909, 910, 914, 916, 921, 934, 944, 945, 950, 967, 970, 979, 980, 981, 985, 986, 989, 990, 994, 996, 1004, 1005, 1011, 1014, 1024, 1039, 1068, 1073, 1076, 1082, 1085, 1087, 1088, 1099, 1109, 1125, 1128, 1129, 1139, 1143, 1150, 1158, 1159, 1160, 1162, 1164, 1168, 1170, 1179, 1182, 1187, 1190, 1195, 1199, 1206, 1213, 1214, 1220, 1226, 1233, 1239, 1244, 1253, 1258, 1278, 1300, 1307, 1310, 1318, 1320, 1322, 1326, 1329, 1343, 1345, 1346, 1354, 1369, 1409, 1436, 1453, 1458, 1498, 1505, 1506, 1508, 1511, 1515, 1516, 1521, 1523, 1524, 1528, 1536, 1538, 1540, 1541, 1544, 1546, 1549, 1552, 1572, 1581, 1582, 1584, 1588, 1592, 1603, 1609, 1610, 1617, 1641, 1644, 1654, 1655, 1660, 1671, 1686, 1690, 1692, 1717, 1720, 1721, 1772, 1775, 1781, 1786, 1797, 1805, 1806, 1832, 1862, 1864, 1867, 1875, 1878, 1879, 1887, 1890, 1891, 1897, 1921, 1924, 1925, 1959, 1973, 1979, 1986, 1989, 1994, 1995, 2003, 2004, 2008, 2009, 2015, 2017, 2020, 2030, 2036, 2039, 2053, 2057, 2066, 2072, 2075, 2077, 2079, 2100, 2101, 2106, 2135, 2136, 2139, 2145, 2151, 2176, 2190, 2192, 2199, 2201, 2224, 2235, 2244, 2248, 2260, 2297, 2312, 2315, 2318, 2339, 2345, 2360, 2368, 2378, 2385, 2387, 2394, 2396, 2399, 2406, 2408, 2421, 2425, 2428, 2436, 2443, 2449, 2475, 2477, 2508, 2510, 2515, 2520, 2566, 2594, 2613, 2615, 2618, 2619, 2623, 2626, 2660, 2664, 2675, 2722, 2726, 2767, 2789, 2791, 2811, 2812, 2819, 2820, 2826, 2835, 2836, 2840, 2841, 2842, 2849, 2858, 2866, 2868, 2874, 2880, 2896, 2905, 2911, 2919, 2921, 2922, 2928, 2940, 2943, 2944, 2951, 2957, 2958, 2988, 2990, 2993, 3003, 3032, 3036, 3059, 3060, 3063, 3064, 3067, 3069, 3080, 3081, 3084, 3108, 3109, 3111, 3135, 3145, 3151, 3159, 3164, 3179, 3189, 3193, 3196, 3209, 3220, 3227, 3231, 3241, 3247, 3256, 3305, 3309, 3328, 3336, 3337, 3342, 3349, 3352, 3357, 3363, 3366, 3368, 3373, 3380, 3384, 3389, 3395, 3409, 3427, 3430, 3436, 3446, 3450, 3458, 3459, 3465, 3496, 3504, 3518, 3523, 3566, 3580, 3583, 3642, 3645, 3662, 3663, 3668, 3675, 3682, 3687, 3692, 3713, 3730, 3732, 3750, 3753, 3757, 3762, 3786, 3789, 3792, 3818, 3826, 3867, 3880, 3881, 3883, 3924, 3926, 3941, 3949, 3950, 4012, 4028, 4045, 4046, 4148, 4178, 4190, 4203, 4232, 4244, 4249, 4271, 4298, 4300, 4304, 4306, 4319, 4367, 4417, 4442, 4447, 4469, 4495, 4512, 4547, 4568, 4576, 4578, 4618, 4629, 4633, 4646, 4647, 4656, 4659, 4690, 4692, 4695, 4700, 4804, 4819, 4825, 4826, 4841, 4871, 4875, 4939, 4942, 4948, 4982, 4987, 4993, 4994, 4996, 4997, 5006, 5011, 5012, 5019, 5026, 5028, 5033, 5035, 5039, 5055, 5077, 5099, 5155, 5168, 5220, 5221, 5259, 5270, 5274, 5294, 5326, 5331, 5355, 5404, 5411, 5415, 5424, 5425, 5437, 5440, 5450, 5460, 5532, 5566, 5571, 5594, 5607, 5612, 5637, 5641, 5643, 5644, 5648, 5657, 5658, 5664, 5667, 5689, 5693, 5695, 5704, 5705, 5708, 5719, 5723, 5730, 5733, 5742, 5748, 5754, 5760, 5773, 5785, 5801, 5848, 5856, 5857, 5858, 5872, 5896, 5911, 5920, 5932, 5933, 5957, 5967, 5977, 5981, 5987, 5992, 5994, 5998, 6001, 6012, 6018, 6021, 6032, 6035, 6038, 6067, 6083, 6085, 6097, 6100, 6102, 6110, 6115, 6120, 6121, 6123, 6158, 6187, 6192, 6197, 6208, 6215, 6222, 6227, 6228, 6244, 6252, 6262, 6265, 6269, 6286, 6294, 6298, 6300, 6304, 6310, 6312, 6318, 6327, 6339, 6341, 6344, 6346, 6366, 6381, 6385, 6410, 6425, 6440, 6448, 6473, 6487, 6488, 6489, 6500, 6526, 6582, 6588, 6591, 6595, 6596, 6603, 6612, 6618, 6619, 6636, 6663, 6701, 6708, 6729, 6737, 6740, 6743, 6757, 6776, 6785, 6826, 6833, 6835, 6863, 6869, 6873, 6880, 6894, 6907, 6921, 6933, 6940, 6951, 6954, 6961, 6972, 6991, 7016, 7026, 7037, 7051, 7052, 7076, 7077, 7079, 7122, 7170, 7210, 7212, 7216, 7217, 7248, 7299, 7301, 7312, 7314, 7317, 7322, 7334, 7339, 7341, 7362, 7374, 7375, 7385, 7386, 7387, 7406, 7407, 7419, 7442, 7449, 7470, 7488, 7520, 7546, 7582, 7602, 7603, 7613, 7618, 7630, 7639, 7672, 7710, 7723, 7727, 7735, 7774, 7811, 7813, 7825, 7836, 7895, 7900, 7927, 7960, 7971, 7984, 7987, 8017, 8024, 8029, 8031, 8033, 8037, 8046, 8060, 8065, 8127, 8131, 8167, 8170, 8175, 8214, 8247, 8261, 8272, 8279, 8297, 8342, 8377, 8380, 8385, 8388, 8390, 8434, 8450, 8457, 8465, 8506, 8520, 8531, 8553, 8564, 8572, 8583, 8588, 8589, 8592, 8595, 8611, 8631, 8653, 8699, 8704, 8705, 8727, 8766, 8775, 8800, 8843, 8846, 8874, 8880, 8885, 8890, 8896, 8908, 8910, 8918, 8922, 8923, 8926, 8934, 8944, 8949, 8950, 8962, 8972, 9000, 9022, 9023, 9030, 9042, 9117, 9188, 9189, 9209, 9226, 9239, 9285, 9309, 9311, 9313, 9318, 9319, 9332, 9335, 9338, 9344, 9379, 9408, 9511, 9528, 9534, 9537, 9543, 9548, 9553, 9604, 9610, 9615, 9618, 9654, 9656, 9661, 9664, 9707, 9719, 9720, 9723, 9727, 9738, 9744, 9749, 9760, 9765, 9772, 9792, 9798, 9799, 9822, 9826, 9827, 9835, 9869, 9870, 9876, 9887, 9895, 9897, 9989, 10039, 10042, 10076, 10132, 10136, 10137, 10146, 10163, 10198, 10217, 10243, 10256, 10342, 10378, 10394, 10408, 10414, 10489, 10529, 10548, 10557, 10613, 10649, 10659, 10708, 10719, 10720, 10724, 10734, 10742, 10743, 10765, 10848, 10849, 10877, 10880, 10964, 10971, 10975, 10983, 11020, 11104, 11152, 11156, 11175, 11177, 11190, 11194, 11208, 11217, 11221, 11243, 11249, 11260, 11328, 11346, 11382, 11409, 11428, 11429, 11450, 11452, 11457, 11473, 11479, 11496, 11550, 11583, 11599, 11605, 11614, 11647, 11666, 11676, 11680, 11698, 11708, 11742, 11764, 11793, 11809, 11817, 11910, 11913, 11975, 11987, 12028, 12037, 12042, 12059, 12064, 12097, 12109, 12116, 12141, 12181, 12218, 12247, 12260, 12261, 12269, 12272, 12343, 12351, 12378, 12383, 12428, 12432, 12467, 12468, 12471, 12477, 12480, 12481, 12607, 12615, 12649, 12666, 12671, 12733, 12739, 12748, 12752, 12753, 12756, 12788, 12797, 12800, 12819, 12821, 12838, 12862, 12863, 12867, 12877, 12885, 12896, 12898, 12901, 12902, 12906, 12922, 12947, 12973, 12982, 13032, 13035, 13048, 13056, 13084, 13132, 13138, 13311, 13332, 13342, 13362, 13416, 13443, 13468, 13474, 13483, 13523, 13535, 13545, 13549, 13550, 13646, 13659, 13686, 13689, 13699, 13701, 13717, 13770, 13795, 13824, 13907, 13908, 13909, 13919, 13925, 13929, 13936, 13968, 13975, 14004, 14011, 14088, 14095, 14101, 14115, 14154, 14198, 14200, 14226, 14227, 14228, 14230, 14235, 14244, 14247, 14258, 14261, 14274, 14275, 14277, 14294, 14304, 14318, 14322, 14326, 14360, 14379, 14388, 14395, 14396, 14448, 14489, 14513, 14546, 14549, 14553, 14578, 14598, 14613, 14624, 14628, 14641, 14755, 14763, 14768, 14772, 14779, 14798, 14814, 14815, 14866, 14874, 14907, 14949, 14950, 14954, 14958, 14981, 14988, 15055, 15075, 15190, 15193, 15199, 15202, 15290, 15305, 15378, 15382, 15424, 15459, 15569, 15570, 15744, 15756, 15828, 15868, 15968, 16086, 16095, 16103, 16121, 16138, 16284, 16294, 16353, 16453, 16462, 16472, 16478, 16499, 16591, 16625, 16742, 16754, 16761, 17045, 17092, 17167, 17200, 17213, 17226, 17255, 17330, 17380, 17422, 17514, 17575, 17579, 17582, 17597, 17658, 17796, 17798, 17802, 17804, 17807, 17808, 17812, 17813, 17819, 17903, 17907, 17912, 17939, 18005, 18058, 18059, 18093, 18113, 18128, 18175, 18243, 18398, 18408, 18427, 18876, 18924, 18932, 19036, 19044, 19072, 19133, 19224, 19245, 19252, 19323, 19363, 19366, 19379, 19401, 19415, 19419, 19434, 19443, 19450, 19453, 19456, 19478, 19486, 19512, 19603, 19610, 19656, 19666, 19675, 19731, 19735, 19751, 19760, 19820, 19848, 19953, 20157, 20226, 20321, 20332, 20376, 20384, 20412, 20424, 20425, 20481, 20491, 20492, 20493, 20494, 20531, 20591, 20678, 20679, 20950, 21032, 21044, 21061, 21137, 21240, 21248, 21326, 21329, 21369, 21396, 21422, 21591, 21595, 21597, 21621, 21686, 21695, 21698, 21699, 21707, 21709, 21728, 21731, 21868, 21896, 21958, 21978, 21982, 22002, 22155, 22166, 22344, 22555, 22772, 23000, 23037, 23077, 23141, 23142, 23226, 23249, 23251, 23346, 23404, 23502, 23548, 23619, 23620, 23689, 23763, 23774, 23841, 23850, 23875, 23895, 23904, 23905, 23924, 23929, 23933, 23937, 23949, 23950, 23955, 24085, 24091, 24178, 24187, 24278, 24337, 24351, 24438, 24454, 24478, 24597, 24599, 24606, 24618, 24621, 24629, 24712, 24722, 24724, 24814, 24832, 24860, 24968, 24998, 25034, 25044, 25256, 25345, 25347, 25373, 25405, 25589, 25662, 25762, 25810, 25817, 26004, 26040, 26075, 26138, 26244, 26296, 26312, 26416, 26489, 26496, 26557, 26688, 26772, 26963, 27301, 27333, 27338, 27462, 27521, 27580, 27588, 27631, 27725, 27868, 27883, 27982, 27999, 28011, 28016, 28019, 28020, 28024, 28027, 28059, 28084, 28088, 28340, 28377, 28432, 28435, 28467, 28859, 28860, 28906, 28909, 28910, 28917, 28918, 28925, 28949, 28950, 28954, 28960, 28970, 28977, 28990, 29003, 29008, 29103, 29277, 29352, 29353, 29437, 29490, 29509, 29554, 29630, 29644, 29890, 30373, 30561, 30691, 30775, 30999, 31006, 31019, 31053, 31302, 31542, 31589, 31590, 31624, 31627, 31628, 31629, 31630, 31662, 31709, 31802, 31824, 31904, 32061, 32077, 32187, 32217, 32220, 32261, 32425, 32427, 32511, 32591, 32592, 32701, 33060, 33162, 33307, 33605, 34054, 34458, 35071, 35089, 35213, 35405, 35406, 35824, 36715, 36830, 37024, 37095, 37110, 37319, 37459, 37527, 38090, 38092, 38696, 38897, 38949, 39026, 39079, 39104, 39200, 39242, 39245, 39316, 39518, 39907, 40103, 40889, 42066, 42073, 42127, 42405, 42481, 42482, 42786, 42807, 42810, 42873, 42934, 43245, 43822, 43827, 43837, 44095, 44587, 44869, 45001, 45144, 45255, 45264, 46231, 49399, 49553, 49926, 49928, 56706, 
rel: 1 k: 4 rho: 105.65 maxRV: 1, 7, 9, 11, 16, 18, 27, 30, 38, 46, 47, 58, 68, 74, 103, 116, 129, 131, 133, 135, 140, 147, 149, 150, 153, 155, 158, 168, 170, 183, 200, 208, 214, 218, 226, 235, 246, 253, 262, 277, 280, 295, 301, 319, 362, 378, 412, 415, 427, 444, 457, 467, 516, 527, 554, 562, 630, 634, 636, 652, 655, 659, 680, 682, 683, 685, 686, 687, 712, 718, 721, 729, 736, 797, 802, 853, 894, 898, 900, 910, 921, 944, 981, 986, 989, 1068, 1073, 1076, 1082, 1085, 1087, 1088, 1139, 1143, 1158, 1160, 1164, 1168, 1179, 1182, 1187, 1195, 1213, 1220, 1226, 1244, 1253, 1310, 1343, 1345, 1436, 1453, 1498, 1505, 1506, 1508, 1515, 1516, 1523, 1524, 1528, 1536, 1540, 1544, 1546, 1549, 1572, 1582, 1592, 1609, 1641, 1692, 1720, 1805, 1862, 1864, 1875, 1878, 1897, 1906, 1924, 1935, 1973, 1979, 1994, 2003, 2004, 2009, 2035, 2075, 2244, 2260, 2387, 2428, 2613, 2767, 2789, 2806, 2811, 2812, 2814, 2815, 2819, 2820, 2821, 2822, 2825, 2835, 2840, 2842, 2866, 2874, 2880, 2893, 2894, 2896, 2905, 2907, 2919, 2921, 2945, 2947, 2951, 2957, 2958, 2990, 2993, 3036, 3040, 3060, 3063, 3080, 3108, 3109, 3151, 3159, 3179, 3193, 3209, 3328, 3352, 3384, 3419, 3458, 3642, 3732, 3757, 3762, 3792, 3883, 4300, 4568, 4633, 4646, 4695, 4700, 4804, 4871, 5012, 5028, 5039, 5259, 5331, 5404, 5424, 5460, 5594, 5648, 5658, 5733, 5760, 5773, 5920, 5933, 5998, 6001, 6012, 6115, 6262, 6582, 6591, 6595, 6596, 6603, 6612, 6618, 6619, 6636, 6663, 6729, 6737, 6740, 6743, 6835, 6863, 6894, 6903, 6907, 6914, 6921, 6933, 6951, 7052, 7076, 7079, 7103, 7170, 7212, 7217, 7301, 7317, 7322, 7334, 7387, 7406, 7407, 7419, 7449, 7470, 7513, 7546, 7602, 7603, 7900, 8031, 8037, 8065, 8121, 8131, 8170, 8175, 8247, 8297, 8450, 8465, 8506, 8631, 8704, 8888, 8917, 8924, 8926, 8934, 8935, 8949, 8950, 8962, 8972, 9309, 9311, 9332, 9338, 9379, 9511, 9604, 9629, 9707, 9719, 9723, 9738, 9749, 9772, 9792, 10039, 10136, 10143, 10198, 10336, 10340, 10342, 10344, 10346, 10355, 10357, 10359, 10360, 10363, 10365, 10376, 10388, 10389, 10394, 10395, 10401, 10408, 10411, 10414, 10422, 10423, 10430, 10431, 10435, 10439, 10442, 10457, 10464, 10548, 10599, 10607, 10610, 10612, 10613, 10616, 10619, 10621, 10623, 10625, 10632, 10635, 10637, 10640, 10645, 10646, 10649, 10659, 10662, 10663, 10675, 10676, 10683, 10685, 10691, 10694, 10695, 10708, 10709, 10710, 10713, 10720, 10724, 10728, 10729, 10734, 10741, 10742, 10743, 10744, 10754, 10755, 10760, 10765, 10773, 10781, 10801, 10809, 10827, 10849, 10880, 10964, 10966, 10968, 10971, 10975, 10980, 10983, 10986, 11002, 11009, 11016, 11018, 11020, 11042, 11044, 11207, 11208, 11260, 11263, 11310, 11319, 11320, 11322, 11429, 11666, 11689, 11818, 11913, 12025, 12046, 12060, 12261, 12471, 12800, 12819, 12896, 12969, 13032, 13035, 13048, 13056, 13117, 13362, 13686, 13701, 13717, 13909, 13911, 13925, 13929, 13930, 13936, 13945, 13952, 13963, 13964, 14088, 14095, 14142, 14228, 14258, 14322, 14388, 14395, 15199, 15200, 15282, 15284, 15286, 15290, 15296, 15330, 15337, 15340, 15358, 15360, 15377, 15378, 15392, 15393, 15426, 15429, 15441, 15453, 15488, 15570, 15839, 16095, 16121, 16246, 18400, 18431, 19596, 19598, 19731, 20376, 20491, 20493, 21456, 21591, 21595, 21621, 21792, 21820, 21923, 22555, 23502, 23548, 26040, 26489, 27100, 28011, 28020, 28750, 35071, 35089, 36810, 36813, 
rel: 1 k: 5 rho: 52.568 maxRV: 1, 7, 9, 11, 18, 27, 30, 38, 58, 68, 74, 103, 116, 129, 131, 133, 135, 140, 147, 149, 150, 155, 158, 170, 214, 218, 226, 235, 246, 253, 262, 277, 301, 319, 362, 412, 415, 444, 630, 634, 636, 652, 659, 680, 683, 685, 687, 712, 718, 736, 853, 1068, 1073, 1076, 1082, 1139, 1143, 1160, 1220, 1453, 1506, 1508, 1515, 1516, 1523, 1524, 1540, 1546, 1549, 1572, 1582, 1592, 1609, 1864, 1875, 1878, 1906, 1935, 1973, 1994, 2009, 2387, 2806, 2811, 2812, 2814, 2815, 2819, 2820, 2821, 2822, 2825, 2842, 2874, 2880, 2893, 2894, 2896, 2905, 2907, 2919, 2947, 2951, 2958, 2990, 2993, 3040, 3060, 3080, 3109, 3159, 3179, 3352, 3419, 6115, 6582, 6591, 6595, 6596, 6618, 6636, 6663, 6729, 6737, 6863, 6894, 6903, 6907, 6914, 6921, 6933, 7079, 7103, 7170, 7449, 7602, 7603, 8037, 8170, 8175, 8247, 8704, 8888, 8917, 8924, 8935, 8950, 8962, 9604, 9723, 9749, 9792, 10198, 10336, 10340, 10342, 10344, 10346, 10355, 10357, 10359, 10360, 10363, 10376, 10394, 10395, 10401, 10414, 10422, 10423, 10430, 10431, 10435, 10439, 10442, 10457, 10548, 10607, 10610, 10612, 10613, 10616, 10619, 10621, 10623, 10632, 10635, 10637, 10640, 10645, 10646, 10649, 10659, 10662, 10663, 10675, 10676, 10683, 10685, 10691, 10695, 10708, 10709, 10710, 10720, 10724, 10728, 10729, 10734, 10741, 10742, 10743, 10744, 10754, 10755, 10760, 10765, 10773, 10781, 10809, 10827, 10849, 10880, 10964, 10966, 10980, 10983, 10986, 11002, 11016, 11020, 11042, 11044, 11207, 11208, 11260, 11310, 11320, 11666, 12471, 12819, 13117, 13717, 15282, 15284, 15296, 15340, 15377, 15392, 15488, 16095, 21792, 23548, 35071, 
rel: 1 k: 6 rho: 39.0823 maxRV: 7, 147, 149, 150, 155, 158, 214, 246, 253, 262, 277, 301, 630, 634, 652, 680, 683, 685, 687, 736, 853, 1073, 1076, 1453, 1875, 1878, 1906, 1935, 2806, 2811, 2812, 2814, 2815, 2819, 2821, 2822, 2825, 2842, 2874, 2880, 2893, 2894, 2896, 2905, 2919, 2947, 2951, 2990, 2993, 3080, 3109, 3352, 3419, 6596, 6636, 6903, 6907, 6914, 6921, 6933, 7103, 7170, 7602, 7603, 8247, 8888, 8917, 10198, 10336, 10340, 10342, 10344, 10346, 10355, 10357, 10359, 10360, 10363, 10376, 10394, 10395, 10414, 10422, 10423, 10430, 10435, 10439, 10442, 10457, 10607, 10610, 10612, 10613, 10616, 10619, 10621, 10623, 10632, 10635, 10637, 10640, 10645, 10646, 10659, 10662, 10663, 10675, 10676, 10683, 10685, 10691, 10695, 10708, 10709, 10710, 10720, 10724, 10728, 10729, 10734, 10741, 10742, 10743, 10754, 10755, 10760, 10765, 10773, 10781, 10809, 10849, 10966, 11016, 11020, 11042, 11208, 11260, 13117, 15282, 15377, 
rel: 1 k: 7 rho: 33.3071 maxRV: 262, 634, 1073, 1076, 1875, 1878, 1906, 1935, 2806, 2811, 2812, 2814, 2815, 2819, 2821, 2822, 2825, 2842, 2874, 2880, 2893, 2894, 2896, 2905, 2919, 2947, 2993, 3080, 3109, 3352, 3419, 6596, 6636, 6903, 6907, 6914, 6921, 6933, 7103, 7170, 7602, 7603, 8888, 10198, 10336, 10340, 10342, 10344, 10346, 10355, 10357, 10359, 10363, 10376, 10394, 10395, 10414, 10423, 10435, 10439, 10610, 10612, 10613, 10616, 10621, 10632, 10635, 10637, 10640, 10645, 10646, 10659, 10662, 10663, 10675, 10676, 10683, 10685, 10691, 10695, 10708, 10709, 10710, 10720, 10724, 10728, 10729, 10734, 10743, 10754, 10755, 10760, 10765, 10781, 10809, 10849, 10966, 11016, 11020, 11260, 15377, 
rel: 1 k: 8 rho: 31.4657 maxRV: 262, 634, 1073, 1076, 1875, 1878, 1906, 1935, 2806, 2811, 2812, 2815, 2819, 2821, 2822, 2825, 2842, 2874, 2880, 2893, 2894, 2896, 2919, 2947, 3080, 3419, 6903, 6907, 6914, 6921, 6933, 7103, 7170, 8888, 10336, 10344, 10346, 10355, 10357, 10359, 10376, 10394, 10395, 10414, 10423, 10435, 10439, 10610, 10612, 10616, 10621, 10632, 10635, 10637, 10640, 10645, 10646, 10662, 10663, 10675, 10676, 10683, 10685, 10691, 10695, 10709, 10710, 10728, 10729, 10754, 10760, 10781, 10809, 10966, 11016, 11260, 
rel: 1 k: 9 rho: 28.379 maxRV: 262, 634, 1073, 1076, 1875, 1878, 1935, 2806, 2811, 2812, 2815, 2819, 2821, 2822, 2825, 2874, 2880, 2893, 2894, 2896, 2919, 2947, 3080, 3419, 6903, 6907, 6914, 6921, 6933, 7103, 7170, 8888, 10336, 10342, 10344, 10346, 10357, 10359, 10376, 10394, 10395, 10414, 10435, 10439, 10610, 10612, 10616, 10621, 10632, 10635, 10637, 10640, 10645, 10646, 10659, 10662, 10663, 10675, 10676, 10683, 10685, 10695, 10709, 10710, 10728, 10729, 10754, 10760, 10781, 10809, 11016, 11260, 
rel: 1 k: 10 rho: 26.025 maxRV: 262, 634, 1073, 1076, 1875, 1878, 1935, 2806, 2811, 2812, 2815, 2819, 2821, 2822, 2825, 2874, 2880, 2893, 2894, 2896, 2919, 2947, 3080, 6636, 6903, 6907, 6914, 6921, 6933, 7103, 7170, 8888, 10198, 10336, 10342, 10344, 10346, 10357, 10359, 10376, 10394, 10395, 10414, 10435, 10610, 10612, 10613, 10616, 10621, 10632, 10635, 10637, 10640, 10645, 10646, 10659, 10662, 10663, 10675, 10676, 10683, 10685, 10695, 10708, 10709, 10710, 10720, 10724, 10728, 10729, 10734, 10743, 10754, 10760, 10765, 11016, 
rel: 1 k: 11 rho: 24.1133 maxRV: 262, 634, 1073, 1076, 1875, 1878, 2806, 2811, 2812, 2815, 2819, 2821, 2822, 2825, 2874, 2880, 2893, 2894, 2896, 2919, 2947, 3080, 6636, 6903, 6907, 6914, 6921, 6933, 7103, 7170, 10336, 10342, 10344, 10346, 10357, 10359, 10376, 10394, 10395, 10414, 10610, 10612, 10616, 10621, 10632, 10635, 10637, 10640, 10645, 10646, 10659, 10662, 10663, 10676, 10683, 10685, 10695, 10708, 10709, 10710, 10720, 10724, 10728, 10729, 10734, 10743, 10754, 10760, 10765, 11016, 
rel: 1 k: 12 rho: 21.1008 maxRV: 262, 634, 1073, 1076, 1875, 1878, 2806, 2811, 2812, 2815, 2819, 2821, 2822, 2825, 2874, 2880, 2893, 2894, 2896, 2919, 2947, 3080, 6636, 6903, 6907, 6914, 6921, 6933, 7170, 10336, 10342, 10344, 10346, 10359, 10376, 10394, 10395, 10414, 10610, 10612, 10621, 10632, 10635, 10637, 10640, 10645, 10646, 10659, 10662, 10663, 10676, 10683, 10685, 10708, 10709, 10710, 10720, 10724, 10728, 10729, 10734, 10743, 10765, 
rel: 1 k: 13 rho: 19.9078 maxRV: 262, 634, 1073, 1076, 1875, 1878, 2806, 2811, 2812, 2815, 2819, 2821, 2822, 2825, 2880, 2893, 2894, 2896, 2919, 2947, 3080, 6636, 6903, 6907, 6914, 6921, 6933, 7170, 10342, 10344, 10346, 10359, 10376, 10394, 10395, 10610, 10612, 10621, 10632, 10635, 10637, 10640, 10645, 10646, 10659, 10662, 10663, 10676, 10683, 10685, 10708, 10709, 10710, 10720, 10724, 10728, 10729, 10734, 10743, 10765, 
rel: 1 k: 14 rho: 17.536 maxRV: 262, 634, 1073, 1076, 1875, 2806, 2811, 2812, 2815, 2819, 2821, 2822, 2825, 2880, 2893, 2896, 2919, 2947, 3080, 6903, 6907, 6914, 6921, 6933, 7170, 10342, 10344, 10346, 10359, 10376, 10394, 10395, 10610, 10612, 10621, 10632, 10635, 10637, 10640, 10645, 10659, 10662, 10663, 10676, 10683, 10708, 10710, 10724, 10728, 10729, 10734, 10743, 10765, 
rel: 1 k: 15 rho: 16.1478 maxRV: 262, 634, 1073, 1076, 1875, 2806, 2811, 2812, 2815, 2819, 2821, 2822, 2825, 2880, 2893, 2896, 2919, 2947, 3080, 6903, 6907, 6914, 6921, 6933, 7170, 10342, 10344, 10346, 10359, 10376, 10610, 10612, 10621, 10632, 10635, 10637, 10640, 10645, 10659, 10662, 10663, 10676, 10683, 10708, 10710, 10724, 10729, 10734, 10743, 
rel: 1 k: 16 rho: 14.8241 maxRV: 262, 634, 1073, 1076, 1875, 2806, 2811, 2812, 2815, 2819, 2821, 2825, 2880, 2893, 2896, 2919, 3080, 6903, 6914, 6921, 6933, 7170, 10342, 10344, 10346, 10359, 10376, 10610, 10612, 10621, 10632, 10635, 10637, 10640, 10645, 10659, 10662, 10663, 10676, 10683, 10708, 10710, 10724, 10729, 10734, 10743, 
rel: 1 k: 17 rho: 8.02623 maxRV: 2811, 2815, 2819, 2919, 6914, 10342, 10344, 10359, 10610, 10612, 10621, 10632, 10635, 10637, 10645, 10659, 10662, 10663, 10676, 10683, 10708, 10724, 10729, 10734, 10743, 
rel: 1 k: 18 rho: 7.9304 maxRV: 2811, 2815, 2819, 2919, 6914, 10342, 10344, 10359, 10610, 10612, 10621, 10632, 10635, 10637, 10645, 10659, 10662, 10663, 10676, 10683, 10708, 10724, 10729, 10743, 
rel: 1 k: 3 rho: 449.763 maxRV: 1, 6, 7, 9, 10, 11, 16, 18, 25, 27, 28, 30, 32, 34, 38, 43, 46, 47, 58, 66, 68, 70, 74, 77, 79, 103, 104, 106, 110, 116, 118, 129, 131, 133, 135, 138, 140, 147, 149, 150, 153, 155, 158, 160, 168, 169, 170, 175, 178, 183, 190, 200, 202, 208, 211, 214, 218, 226, 235, 236, 246, 253, 262, 267, 271, 277, 280, 295, 301, 319, 320, 321, 325, 354, 362, 378, 412, 413, 414, 415, 427, 439, 444, 449, 457, 463, 467, 481, 491, 493, 501, 505, 516, 527, 539, 553, 554, 558, 562, 568, 573, 575, 612, 613, 630, 636, 647, 650, 652, 655, 659, 680, 682, 683, 685, 686, 687, 696, 707, 712, 717, 718, 721, 729, 731, 736, 740, 745, 753, 757, 786, 792, 797, 802, 842, 844, 851, 853, 883, 893, 894, 898, 900, 902, 905, 909, 910, 914, 916, 921, 934, 944, 945, 950, 967, 970, 979, 980, 981, 985, 986, 989, 990, 994, 996, 1004, 1005, 1011, 1014, 1024, 1039, 1068, 1076, 1082, 1085, 1087, 1088, 1099, 1109, 1125, 1128, 1129, 1139, 1143, 1150, 1158, 1159, 1160, 1162, 1164, 1168, 1170, 1179, 1182, 1187, 1190, 1195, 1199, 1206, 1213, 1214, 1220, 1226, 1233, 1239, 1244, 1253, 1258, 1278, 1300, 1307, 1310, 1318, 1320, 1322, 1326, 1329, 1343, 1345, 1346, 1354, 1369, 1409, 1436, 1453, 1458, 1498, 1505, 1506, 1508, 1511, 1515, 1516, 1521, 1523, 1524, 1528, 1536, 1538, 1540, 1541, 1544, 1546, 1549, 1552, 1572, 1581, 1582, 1584, 1588, 1592, 1603, 1609, 1610, 1617, 1641, 1644, 1654, 1655, 1660, 1671, 1686, 1690, 1692, 1717, 1720, 1721, 1772, 1775, 1781, 1786, 1797, 1805, 1806, 1832, 1862, 1864, 1867, 1875, 1879, 1887, 1890, 1891, 1897, 1921, 1924, 1925, 1959, 1973, 1979, 1986, 1989, 1994, 1995, 2003, 2004, 2008, 2009, 2015, 2017, 2020, 2030, 2036, 2039, 2053, 2057, 2066, 2072, 2075, 2077, 2079, 2101, 2106, 2135, 2136, 2139, 2145, 2151, 2176, 2190, 2192, 2199, 2201, 2224, 2235, 2244, 2248, 2260, 2297, 2312, 2315, 2339, 2345, 2360, 2368, 2378, 2385, 2387, 2394, 2396, 2399, 2406, 2408, 2421, 2425, 2428, 2436, 2443, 2449, 2475, 2477, 2508, 2510, 2515, 2520, 2566, 2594, 2613, 2615, 2618, 2619, 2623, 2626, 2660, 2664, 2675, 2722, 2726, 2767, 2789, 2791, 2811, 2812, 2820, 2826, 2835, 2836, 2840, 2841, 2842, 2849, 2858, 2866, 2868, 2896, 2905, 2911, 2921, 2922, 2928, 2940, 2943, 2944, 2951, 2957, 2958, 2988, 2990, 2993, 3003, 3032, 3036, 3060, 3063, 3064, 3067, 3069, 3080, 3081, 3084, 3108, 3109, 3111, 3135, 3145, 3151, 3159, 3164, 3179, 3189, 3193, 3209, 3220, 3227, 3231, 3241, 3247, 3256, 3305, 3309, 3328, 3336, 3337, 3342, 3349, 3352, 3357, 3363, 3366, 3368, 3373, 3380, 3384, 3389, 3395, 3409, 3427, 3430, 3436, 3446, 3450, 3458, 3459, 3465, 3496, 3504, 3518, 3523, 3566, 3580, 3583, 3638, 3642, 3645, 3662, 3663, 3668, 3675, 3682, 3687, 3692, 3713, 3730, 3732, 3750, 3753, 3757, 3762, 3786, 3789, 3792, 3818, 3826, 3880, 3881, 3883, 3924, 3926, 3941, 3949, 3950, 4012, 4028, 4045, 4046, 4148, 4178, 4190, 4203, 4232, 4244, 4249, 4271, 4298, 4300, 4304, 4306, 4319, 4367, 4417, 4442, 4447, 4469, 4495, 4512, 4547, 4568, 4576, 4578, 4618, 4629, 4633, 4646, 4647, 4656, 4659, 4690, 4692, 4695, 4700, 4804, 4819, 4825, 4826, 4841, 4871, 4875, 4939, 4942, 4948, 4982, 4987, 4993, 4994, 4996, 4997, 5006, 5011, 5012, 5019, 5026, 5028, 5033, 5035, 5039, 5055, 5077, 5099, 5155, 5168, 5220, 5221, 5259, 5270, 5274, 5294, 5326, 5331, 5355, 5404, 5411, 5415, 5424, 5425, 5437, 5440, 5450, 5460, 5532, 5566, 5571, 5594, 5607, 5612, 5637, 5641, 5643, 5644, 5648, 5657, 5658, 5664, 5667, 5689, 5693, 5695, 5704, 5705, 5708, 5719, 5723, 5730, 5733, 5742, 5748, 5754, 5760, 5773, 5785, 5801, 5848, 5856, 5857, 5858, 5872, 5896, 5911, 5920, 5932, 5933, 5957, 5967, 5977, 5981, 5987, 5992, 5994, 5998, 6001, 6012, 6018, 6021, 6032, 6035, 6038, 6067, 6083, 6085, 6097, 6100, 6102, 6110, 6115, 6120, 6121, 6123, 6158, 6187, 6192, 6193, 6197, 6208, 6215, 6222, 6227, 6228, 6244, 6252, 6262, 6265, 6269, 6286, 6294, 6298, 6300, 6304, 6310, 6312, 6318, 6327, 6339, 6341, 6344, 6346, 6366, 6381, 6385, 6410, 6425, 6440, 6448, 6473, 6487, 6488, 6489, 6500, 6526, 6582, 6588, 6591, 6595, 6596, 6603, 6612, 6618, 6619, 6636, 6663, 6701, 6708, 6729, 6737, 6740, 6743, 6757, 6776, 6785, 6826, 6833, 6835, 6863, 6869, 6873, 6880, 6894, 6921, 6940, 6951, 6954, 6961, 6972, 6991, 7016, 7026, 7037, 7051, 7052, 7076, 7077, 7079, 7122, 7170, 7210, 7212, 7216, 7217, 7248, 7299, 7301, 7312, 7314, 7317, 7322, 7334, 7339, 7341, 7362, 7374, 7375, 7385, 7386, 7387, 7406, 7407, 7419, 7442, 7449, 7470, 7488, 7513, 7520, 7546, 7582, 7602, 7603, 7613, 7618, 7639, 7672, 7710, 7723, 7727, 7735, 7774, 7811, 7813, 7825, 7836, 7895, 7900, 7927, 7960, 7971, 7984, 7987, 8024, 8029, 8031, 8033, 8037, 8055, 8065, 8127, 8131, 8167, 8175, 8214, 8247, 8272, 8279, 8297, 8342, 8377, 8380, 8385, 8388, 8390, 8434, 8450, 8457, 8465, 8506, 8520, 8531, 8553, 8564, 8572, 8583, 8588, 8589, 8592, 8631, 8653, 8699, 8704, 8705, 8727, 8766, 8775, 8800, 8843, 8846, 8874, 8880, 8885, 8890, 8896, 8908, 8910, 8918, 8922, 8923, 8926, 8934, 8944, 8950, 8962, 9000, 9022, 9023, 9117, 9188, 9189, 9209, 9226, 9239, 9285, 9309, 9311, 9313, 9318, 9319, 9332, 9335, 9338, 9344, 9379, 9408, 9511, 9528, 9534, 9537, 9543, 9548, 9553, 9604, 9610, 9615, 9654, 9656, 9661, 9664, 9707, 9719, 9720, 9723, 9727, 9738, 9744, 9749, 9760, 9765, 9772, 9792, 9798, 9799, 9822, 9826, 9827, 9835, 9869, 9870, 9876, 9887, 9895, 9897, 9989, 10039, 10042, 10076, 10132, 10136, 10137, 10146, 10163, 10198, 10217, 10243, 10256, 10342, 10378, 10489, 10529, 10548, 10557, 10599, 10613, 10659, 10708, 10720, 10724, 10734, 10742, 10743, 10765, 10848, 10849, 10877, 10880, 10983, 11020, 11104, 11152, 11156, 11175, 11177, 11190, 11194, 11217, 11221, 11243, 11249, 11346, 11382, 11409, 11428, 11429, 11450, 11452, 11457, 11473, 11479, 11496, 11583, 11599, 11647, 11666, 11676, 11680, 11698, 11708, 11742, 11764, 11793, 11809, 11817, 11975, 11987, 12028, 12037, 12042, 12059, 12064, 12097, 12109, 12116, 12141, 12181, 12218, 12247, 12260, 12261, 12269, 12272, 12343, 12351, 12378, 12383, 12428, 12432, 12467, 12468, 12471, 12477, 12480, 12481, 12607, 12615, 12649, 12666, 12671, 12724, 12733, 12739, 12748, 12752, 12753, 12756, 12788, 12797, 12800, 12819, 12821, 12838, 12862, 12863, 12867, 12877, 12885, 12896, 12898, 12901, 12902, 12906, 12922, 12947, 12969, 12973, 12982, 13032, 13035, 13048, 13056, 13084, 13138, 13311, 13332, 13342, 13362, 13416, 13443, 13474, 13483, 13523, 13535, 13545, 13549, 13646, 13659, 13686, 13689, 13699, 13701, 13717, 13770, 13795, 13824, 13907, 13908, 13909, 13919, 13925, 13936, 13952, 13968, 13975, 14004, 14011, 14025, 14082, 14088, 14095, 14101, 14115, 14154, 14198, 14200, 14226, 14227, 14228, 14230, 14235, 14244, 14247, 14258, 14261, 14274, 14277, 14294, 14304, 14318, 14322, 14326, 14360, 14379, 14388, 14395, 14396, 14448, 14489, 14513, 14546, 14549, 14553, 14578, 14598, 14613, 14624, 14628, 14755, 14763, 14768, 14772, 14779, 14798, 14814, 14815, 14866, 14874, 14907, 14949, 14950, 14954, 14958, 14981, 14988, 15055, 15075, 15190, 15193, 15199, 15202, 15305, 15744, 15756, 15968, 16086, 16095, 16103, 16121, 16138, 16284, 16345, 16353, 16453, 16462, 16472, 16499, 16591, 16625, 16742, 16754, 16761, 17045, 17092, 17167, 17200, 17213, 17226, 17255, 17330, 17380, 17422, 17514, 17575, 17579, 17582, 17597, 17658, 17796, 17798, 17802, 17804, 17807, 17808, 17812, 17813, 17819, 17903, 17907, 17912, 17939, 18005, 18058, 18059, 18093, 18113, 18128, 18175, 18243, 18398, 18408, 18876, 18924, 18932, 19036, 19044, 19072, 19133, 19224, 19245, 19252, 19323, 19363, 19366, 19379, 19401, 19415, 19419, 19434, 19443, 19450, 19453, 19456, 19478, 19486, 19512, 19596, 19598, 19603, 19610, 19656, 19666, 19675, 19731, 19735, 19751, 19760, 19820, 19848, 19953, 20157, 20226, 20321, 20332, 20358, 20376, 20384, 20412, 20424, 20425, 20481, 20491, 20492, 20493, 20494, 20531, 20591, 20678, 20679, 20950, 21032, 21044, 21061, 21137, 21240, 21248, 21326, 21329, 21369, 21396, 21422, 21456, 21591, 21595, 21597, 21621, 21686, 21695, 21698, 21699, 21707, 21709, 21728, 21731, 21868, 21958, 21978, 21982, 22002, 22155, 22166, 22344, 22555, 22772, 23037, 23077, 23141, 23142, 23226, 23249, 23251, 23346, 23452, 23459, 23502, 23548, 23619, 23620, 23689, 23763, 23841, 23850, 23875, 23895, 23904, 23905, 23924, 23929, 23933, 23937, 23949, 23950, 23955, 24085, 24091, 24178, 24187, 24278, 24337, 24351, 24438, 24478, 24597, 24599, 24606, 24618, 24621, 24629, 24712, 24814, 24832, 24860, 24968, 24998, 25034, 25044, 25238, 25242, 25245, 25256, 25345, 25347, 25373, 25405, 25589, 25597, 25762, 25810, 25817, 26004, 26040, 26075, 26138, 26296, 26312, 26416, 26489, 26496, 26557, 26688, 26772, 26963, 27301, 27333, 27338, 27462, 27580, 27588, 27631, 27725, 27868, 27883, 27982, 27999, 28011, 28016, 28019, 28020, 28024, 28027, 28084, 28088, 28094, 28340, 28377, 28431, 28432, 28467, 28859, 28860, 28906, 28909, 28910, 28917, 28918, 28925, 28949, 28950, 28954, 28960, 28970, 28977, 28990, 29003, 29008, 29103, 29277, 29352, 29353, 29437, 29490, 29509, 29554, 29630, 29644, 30373, 30484, 30561, 30691, 30775, 30999, 31006, 31019, 31053, 31302, 31542, 31589, 31590, 31624, 31627, 31628, 31629, 31630, 31662, 31709, 31802, 31824, 31904, 32061, 32077, 32187, 32217, 32220, 32261, 32425, 32427, 32511, 32591, 32592, 32701, 33060, 33162, 33307, 33605, 34054, 34458, 35071, 35089, 35213, 35405, 35406, 35824, 36715, 36810, 36813, 36830, 37024, 37110, 37319, 37527, 38696, 38897, 38949, 39026, 39079, 39104, 39316, 39518, 39907, 40103, 40889, 42066, 42073, 42405, 42481, 42482, 42786, 42807, 42810, 42873, 42934, 43245, 43822, 43827, 43837, 44095, 44566, 44587, 44869, 45001, 45144, 45255, 45264, 46231, 49399, 49553, 49926, 49928, 56706, 
rel: 1 k: 4 rho: 99.5906 maxRV: 1, 7, 9, 11, 16, 18, 27, 30, 38, 46, 47, 58, 68, 74, 103, 116, 129, 131, 133, 135, 140, 147, 149, 150, 153, 155, 158, 168, 170, 183, 200, 208, 214, 218, 226, 235, 246, 253, 262, 277, 280, 295, 301, 319, 362, 378, 412, 415, 427, 444, 457, 467, 516, 527, 554, 562, 630, 634, 636, 652, 655, 659, 680, 682, 683, 685, 686, 687, 712, 718, 721, 729, 736, 797, 802, 853, 894, 898, 900, 910, 921, 944, 981, 986, 989, 1068, 1073, 1076, 1082, 1085, 1087, 1088, 1139, 1143, 1158, 1160, 1164, 1168, 1179, 1182, 1187, 1195, 1213, 1220, 1226, 1244, 1253, 1310, 1343, 1345, 1436, 1453, 1498, 1505, 1506, 1508, 1515, 1516, 1523, 1524, 1528, 1536, 1540, 1544, 1546, 1549, 1572, 1582, 1592, 1609, 1641, 1692, 1720, 1805, 1862, 1864, 1875, 1878, 1897, 1906, 1924, 1935, 1973, 1979, 1994, 2003, 2004, 2009, 2244, 2260, 2387, 2428, 2613, 2767, 2789, 2806, 2811, 2812, 2815, 2819, 2820, 2821, 2822, 2825, 2835, 2840, 2842, 2866, 2874, 2880, 2893, 2894, 2896, 2905, 2919, 2921, 2945, 2947, 2951, 2957, 2958, 2990, 2993, 3036, 3060, 3063, 3080, 3108, 3109, 3151, 3159, 3179, 3209, 3328, 3352, 3384, 3419, 3458, 3642, 3732, 3757, 3762, 3792, 3883, 4300, 4568, 4633, 4646, 4695, 4700, 4804, 4871, 5012, 5028, 5039, 5259, 5331, 5404, 5460, 5594, 5648, 5658, 5733, 5760, 5773, 5920, 5933, 5998, 6001, 6012, 6115, 6262, 6582, 6591, 6595, 6596, 6603, 6612, 6618, 6619, 6636, 6663, 6729, 6737, 6740, 6743, 6835, 6894, 6903, 6907, 6914, 6921, 6933, 6951, 7052, 7076, 7079, 7103, 7170, 7212, 7217, 7301, 7317, 7322, 7334, 7387, 7406, 7407, 7419, 7449, 7470, 7546, 7602, 7603, 7900, 8031, 8037, 8065, 8131, 8175, 8247, 8297, 8450, 8465, 8506, 8631, 8704, 8888, 8917, 8924, 8926, 8934, 8935, 8949, 8950, 8962, 9309, 9311, 9332, 9338, 9379, 9511, 9604, 9707, 9719, 9723, 9738, 9749, 9772, 9792, 10039, 10136, 10198, 10336, 10340, 10342, 10344, 10346, 10355, 10357, 10359, 10360, 10376, 10388, 10389, 10394, 10395, 10401, 10411, 10414, 10422, 10423, 10431, 10435, 10439, 10442, 10457, 10548, 10607, 10610, 10612, 10613, 10616, 10619, 10621, 10623, 10625, 10632, 10635, 10637, 10649, 10659, 10675, 10685, 10691, 10708, 10713, 10720, 10724, 10728, 10729, 10734, 10742, 10743, 10744, 10765, 10781, 10809, 10849, 10880, 10964, 10971, 10983, 11009, 11016, 11020, 11208, 11260, 11319, 11429, 11666, 12060, 12261, 12471, 12800, 12819, 12969, 13032, 13035, 13048, 13056, 13117, 13362, 13686, 13701, 13717, 13925, 14088, 14095, 14228, 14258, 14322, 14388, 14395, 15199, 15282, 15284, 15296, 15340, 15360, 15377, 15378, 15429, 15839, 16095, 16121, 19731, 20376, 20491, 20493, 21591, 21595, 21621, 21792, 22555, 23548, 26040, 26489, 27100, 28020, 35071, 35089, 
rel: 1 k: 5 rho: 50.9995 maxRV: 262, 634, 1073, 1076, 1875, 1878, 1906, 1935, 2806, 2811, 2812, 2814, 2815, 2819, 2821, 2822, 2825, 2842, 2874, 2880, 2893, 2894, 2896, 2907, 2919, 2947, 2993, 3040, 3080, 3109, 3352, 3419, 6636, 6903, 6907, 6914, 6921, 6933, 7103, 7170, 7602, 7603, 8170, 8888, 8917, 8924, 8935, 9604, 10336, 10340, 10342, 10344, 10346, 10355, 10357, 10359, 10360, 10363, 10376, 10394, 10395, 10401, 10414, 10422, 10423, 10430, 10431, 10435, 10439, 10442, 10457, 10607, 10610, 10612, 10613, 10616, 10619, 10621, 10623, 10632, 10635, 10637, 10640, 10645, 10646, 10649, 10659, 10662, 10663, 10675, 10676, 10683, 10685, 10691, 10695, 10709, 10710, 10728, 10729, 10741, 10744, 10754, 10755, 10760, 10773, 10781, 10809, 10827, 10849, 10880, 10964, 10966, 10980, 10986, 11002, 11016, 11042, 11044, 11207, 11208, 11260, 11310, 11320, 13117, 15282, 15284, 15296, 15340, 15377, 15392, 15488, 21792, 
rel: 1 k: 6 rho: 40.0005 maxRV: 262, 634, 1073, 1076, 1875, 1878, 1906, 1935, 2806, 2811, 2812, 2814, 2815, 2819, 2821, 2822, 2825, 2842, 2874, 2880, 2893, 2894, 2896, 2919, 2947, 3080, 3352, 3419, 6596, 6636, 6903, 6907, 6914, 6921, 6933, 7103, 7170, 8888, 8917, 10198, 10336, 10340, 10342, 10344, 10346, 10355, 10357, 10359, 10360, 10363, 10376, 10394, 10395, 10414, 10422, 10423, 10430, 10435, 10439, 10442, 10457, 10607, 10610, 10612, 10613, 10616, 10619, 10621, 10623, 10632, 10635, 10637, 10640, 10645, 10646, 10659, 10662, 10663, 10675, 10676, 10683, 10685, 10691, 10695, 10708, 10709, 10710, 10720, 10724, 10728, 10729, 10734, 10741, 10742, 10743, 10754, 10755, 10760, 10765, 10773, 10781, 10809, 10966, 11016, 11020, 11042, 11208, 11260, 13117, 15282, 15377, 
rel: 1 k: 7 rho: 33.8373 maxRV: 262, 634, 1073, 1076, 1875, 1878, 1906, 1935, 2806, 2811, 2812, 2814, 2815, 2819, 2821, 2822, 2825, 2842, 2874, 2880, 2893, 2894, 2896, 2919, 2947, 3419, 6903, 6907, 6914, 6933, 7103, 7170, 8888, 10336, 10340, 10342, 10344, 10346, 10355, 10357, 10359, 10363, 10376, 10394, 10395, 10414, 10423, 10435, 10439, 10610, 10612, 10616, 10621, 10632, 10635, 10637, 10640, 10645, 10646, 10659, 10662, 10663, 10675, 10676, 10683, 10685, 10691, 10695, 10709, 10710, 10724, 10728, 10729, 10743, 10754, 10755, 10760, 10781, 10809, 10966, 11016, 11260, 15377, 
rel: 1 k: 8 rho: 31.0454 maxRV: 262, 634, 1073, 1076, 1875, 1878, 1906, 1935, 2806, 2811, 2812, 2815, 2819, 2821, 2822, 2825, 2842, 2874, 2880, 2893, 2894, 2896, 2919, 2947, 3080, 3352, 3419, 6596, 6636, 6903, 6907, 6914, 6921, 6933, 7103, 7170, 8888, 10198, 10336, 10342, 10344, 10346, 10355, 10357, 10359, 10376, 10394, 10395, 10414, 10423, 10435, 10439, 10610, 10612, 10613, 10616, 10621, 10632, 10635, 10637, 10640, 10645, 10646, 10659, 10662, 10663, 10675, 10676, 10683, 10685, 10691, 10695, 10708, 10709, 10710, 10720, 10724, 10728, 10729, 10734, 10743, 10754, 10760, 10765, 10781, 10809, 10966, 11016, 11260, 
rel: 1 k: 9 rho: 28.2758 maxRV: 262, 634, 1073, 1076, 1875, 1878, 1935, 2806, 2811, 2812, 2815, 2819, 2821, 2822, 2825, 2874, 2880, 2893, 2894, 2896, 2919, 2947, 3080, 3419, 6596, 6636, 6903, 6907, 6914, 6921, 6933, 7103, 7170, 8888, 10198, 10336, 10342, 10344, 10346, 10357, 10359, 10376, 10394, 10395, 10414, 10435, 10439, 10610, 10612, 10613, 10616, 10621, 10632, 10635, 10637, 10640, 10645, 10646, 10659, 10662, 10663, 10675, 10676, 10683, 10685, 10695, 10708, 10709, 10710, 10720, 10724, 10728, 10729, 10734, 10743, 10754, 10760, 10765, 10781, 10809, 11016, 11260, 
rel: 1 k: 10 rho: 26.1658 maxRV: 262, 634, 1073, 1076, 1875, 1878, 1935, 2806, 2811, 2812, 2815, 2819, 2821, 2822, 2825, 2874, 2880, 2893, 2894, 2896, 2919, 2947, 3080, 6636, 6903, 6907, 6914, 6933, 7103, 7170, 8888, 10336, 10342, 10344, 10346, 10357, 10359, 10376, 10394, 10395, 10414, 10435, 10610, 10612, 10616, 10621, 10632, 10635, 10637, 10640, 10645, 10646, 10659, 10662, 10663, 10675, 10676, 10683, 10685, 10695, 10708, 10709, 10710, 10724, 10728, 10729, 10754, 10760, 11016, 
rel: 1 k: 11 rho: 24.1133 maxRV: 262, 634, 1073, 1076, 1875, 1878, 2806, 2811, 2812, 2815, 2819, 2821, 2822, 2825, 2874, 2880, 2893, 2894, 2896, 2919, 2947, 3080, 6636, 6903, 6907, 6914, 6921, 6933, 7103, 7170, 10336, 10342, 10344, 10346, 10357, 10359, 10376, 10394, 10395, 10414, 10610, 10612, 10616, 10621, 10632, 10635, 10637, 10640, 10645, 10646, 10659, 10662, 10663, 10676, 10683, 10685, 10695, 10708, 10709, 10710, 10720, 10724, 10728, 10729, 10734, 10743, 10754, 10760, 10765, 11016, 
rel: 1 k: 12 rho: 21.1008 maxRV: 262, 634, 1073, 1076, 1875, 1878, 2806, 2811, 2812, 2815, 2819, 2821, 2822, 2825, 2874, 2880, 2893, 2894, 2896, 2919, 2947, 3080, 6636, 6903, 6907, 6914, 6921, 6933, 7170, 10336, 10342, 10344, 10346, 10359, 10376, 10394, 10395, 10414, 10610, 10612, 10621, 10632, 10635, 10637, 10640, 10645, 10646, 10659, 10662, 10663, 10676, 10683, 10685, 10708, 10709, 10710, 10720, 10724, 10728, 10729, 10734, 10743, 10765, 
rel: 1 k: 13 rho: 19.9078 maxRV: 262, 634, 1073, 1076, 1875, 1878, 2806, 2811, 2812, 2815, 2819, 2821, 2822, 2825, 2880, 2893, 2894, 2896, 2919, 2947, 3080, 6636, 6903, 6907, 6914, 6921, 6933, 7170, 10342, 10344, 10346, 10359, 10376, 10394, 10395, 10610, 10612, 10621, 10632, 10635, 10637, 10640, 10645, 10646, 10659, 10662, 10663, 10676, 10683, 10685, 10708, 10709, 10710, 10720, 10724, 10728, 10729, 10734, 10743, 10765, 
rel: 1 k: 14 rho: 17.536 maxRV: 262, 634, 1073, 1076, 1875, 2806, 2811, 2812, 2815, 2819, 2821, 2822, 2825, 2880, 2893, 2896, 2919, 2947, 3080, 6903, 6907, 6914, 6921, 6933, 7170, 10342, 10344, 10346, 10359, 10376, 10394, 10395, 10610, 10612, 10621, 10632, 10635, 10637, 10640, 10645, 10659, 10662, 10663, 10676, 10683, 10708, 10710, 10724, 10728, 10729, 10734, 10743, 10765, 
rel: 1 k: 15 rho: 15.9595 maxRV: 262, 634, 1073, 1076, 1875, 2806, 2811, 2812, 2815, 2819, 2821, 2822, 2825, 2880, 2893, 2896, 2919, 2947, 3080, 6903, 6907, 6914, 6921, 6933, 7170, 10342, 10344, 10346, 10359, 10376, 10610, 10612, 10621, 10632, 10635, 10637, 10640, 10645, 10659, 10662, 10663, 10676, 10683, 10710, 10724, 10729, 
rel: 1 k: 16 rho: 14.8241 maxRV: 262, 634, 1073, 1076, 1875, 2806, 2811, 2812, 2815, 2819, 2821, 2825, 2880, 2893, 2896, 2919, 3080, 6903, 6914, 6921, 6933, 7170, 10342, 10344, 10346, 10359, 10376, 10610, 10612, 10621, 10632, 10635, 10637, 10640, 10645, 10659, 10662, 10663, 10676, 10683, 10708, 10710, 10724, 10729, 10734, 10743, 
rel: 1 k: 17 rho: 7.87388 maxRV: 2811, 2815, 2819, 2919, 6914, 10344, 10359, 10610, 10612, 10621, 10632, 10635, 10637, 10645, 10659, 10662, 10663, 10676, 10683, 10724, 10729, 
rel: 1 k: 18 rho: 7.84898 maxRV: 2811, 2815, 2819, 2919, 6914, 10344, 10359, 10610, 10612, 10621, 10632, 10635, 10637, 10645, 10659, 10662, 10663, 10676, 10683, 10708, 10724, 10729, 
query: 52
Construct Successful.
query: 53
Construct Successful.
query: 54
Construct Successful.
query: 55
Construct Successful.
query: 56
Construct Successful.
query: 57
Construct Successful.
query: 58
Construct Successful.
query: 59
Construct Successful.
query: 60
Construct Successful.
query: 61
Construct Successful.
query: 62
Construct Successful.
query: 63
Construct Successful.
query: 64
Construct Successful.
query: 65
Construct Successful.
query: 66
Construct Successful.
query: 67
Construct Successful.
query: 68
Construct Successful.
query: 69
Construct Successful.
query: 70
Construct Successful.
query: 71
Construct Successful.
query: 72
Construct Successful.
query: 73
Construct Successful.
query: 74
Construct Successful.
query: 75
Construct Successful.
query: 76
Construct Successful.
query: 77
Construct Successful.
query: 78
Construct Successful.
query: 79
Construct Successful.
query: 80
Construct Successful.
rel: 1 k: 5 rho: 1.32405 maxRV: 0, 1, 2, 3, 4, 
rel: 1 k: 4 rho: 1.78952 maxRV: 0, 1, 2, 3, 4, 9, 
rel: 1 k: 3 rho: 2.2565 maxRV: 0, 1, 2, 3, 4, 9, 12, 
rel: 1 k: 3 rho: 2.2565 maxRV: 2812, 2821, 2874, 2896, 6907, 7108, 10619, 
rel: 1 k: 4 rho: 1.78952 maxRV: 2812, 2821, 2874, 2896, 6907, 7108, 
rel: 1 k: 5 rho: 1.32405 maxRV: 2812, 2821, 2874, 2896, 6907, 
rel: 1 k: 3 rho: 2.2565 maxRV: 2812, 2821, 2874, 2896, 6907, 7108, 10619, 
rel: 1 k: 4 rho: 1.78952 maxRV: 2812, 2821, 2874, 2896, 6907, 7108, 
rel: 1 k: 5 rho: 1.32405 maxRV: 2812, 2821, 2874, 2896, 6907, 
query: 81
Construct Successful.
query: 82
Construct Successful.
query: 83
Construct Successful.
query: 84
Construct Successful.
query: 85
Construct Successful.
query: 86
Construct Successful.
query: 87
Construct Successful.
query: 88
Construct Successful.
query: 89
Construct Successful.
query: 90
Construct Successful.
rel: 1 k: 19 rho: 7.39298 maxRV: 0, 1, 2, 3, 4, 5, 6, 7, 8, 9, 10, 11, 12, 13, 14, 15, 16, 17, 18, 19, 
rel: 1 k: 18 rho: 8.4316 maxRV: 0, 1, 2, 3, 4, 5, 6, 7, 8, 9, 10, 11, 12, 13, 14, 15, 16, 17, 18, 20, 21, 
rel: 1 k: 17 rho: 10.2567 maxRV: 0, 1, 2, 3, 4, 5, 6, 7, 8, 9, 10, 11, 12, 13, 14, 15, 16, 17, 18, 19, 20, 21, 22, 23, 24, 25, 
rel: 1 k: 16 rho: 10.3652 maxRV: 0, 1, 2, 3, 4, 5, 6, 7, 8, 9, 10, 11, 12, 13, 14, 15, 16, 17, 18, 20, 21, 22, 23, 24, 25, 
rel: 1 k: 15 rho: 10.8424 maxRV: 0, 1, 2, 3, 4, 5, 6, 7, 8, 9, 10, 11, 13, 14, 15, 16, 17, 18, 19, 20, 21, 22, 23, 24, 25, 30, 
rel: 1 k: 14 rho: 16.8256 maxRV: 0, 1, 2, 3, 4, 5, 6, 7, 8, 9, 10, 11, 12, 13, 14, 15, 16, 17, 18, 19, 20, 21, 22, 23, 24, 25, 26, 27, 28, 29, 30, 31, 32, 33, 34, 35, 36, 37, 38, 39, 40, 41, 42, 43, 44, 45, 46, 47, 48, 49, 
rel: 1 k: 13 rho: 19.657 maxRV: 0, 1, 2, 3, 4, 5, 6, 7, 8, 9, 10, 11, 12, 13, 14, 15, 16, 17, 18, 19, 20, 21, 22, 23, 24, 25, 26, 27, 28, 29, 30, 31, 32, 33, 34, 35, 36, 37, 38, 39, 40, 41, 42, 43, 44, 45, 46, 47, 48, 49, 50, 51, 52, 53, 54, 55, 56, 57, 58, 
rel: 1 k: 12 rho: 21.0302 maxRV: 0, 1, 2, 3, 4, 5, 6, 7, 8, 9, 10, 11, 12, 13, 14, 15, 16, 17, 18, 19, 20, 21, 22, 23, 24, 25, 26, 27, 28, 29, 30, 31, 32, 33, 34, 35, 36, 37, 38, 39, 40, 41, 42, 43, 44, 45, 46, 47, 48, 49, 50, 51, 52, 53, 54, 55, 56, 57, 58, 59, 60, 61, 62, 
rel: 1 k: 11 rho: 23.4743 maxRV: 0, 1, 2, 3, 4, 5, 6, 7, 8, 9, 10, 11, 12, 13, 14, 15, 16, 17, 18, 19, 20, 21, 22, 23, 24, 25, 29, 30, 32, 33, 34, 35, 36, 37, 38, 39, 40, 41, 42, 43, 44, 45, 46, 48, 49, 50, 53, 54, 55, 57, 58, 59, 61, 62, 86, 87, 88, 89, 90, 91, 
rel: 1 k: 10 rho: 26.2684 maxRV: 0, 1, 2, 3, 4, 5, 6, 7, 8, 9, 10, 11, 12, 13, 14, 15, 16, 17, 18, 19, 20, 21, 22, 23, 24, 25, 26, 30, 32, 33, 34, 35, 36, 37, 38, 39, 40, 41, 42, 43, 44, 45, 46, 47, 48, 49, 50, 53, 54, 55, 57, 58, 59, 61, 62, 86, 87, 88, 89, 90, 91, 98, 99, 100, 101, 102, 103, 
rel: 1 k: 9 rho: 28.6342 maxRV: 0, 1, 2, 3, 4, 5, 6, 7, 8, 9, 10, 11, 12, 13, 14, 15, 16, 17, 18, 19, 20, 21, 22, 23, 24, 25, 30, 32, 33, 34, 35, 36, 37, 38, 39, 40, 41, 42, 43, 44, 45, 46, 47, 48, 49, 50, 53, 54, 55, 56, 57, 58, 59, 61, 62, 86, 87, 88, 89, 90, 91, 98, 99, 100, 101, 102, 103, 123, 124, 125, 126, 127, 
rel: 1 k: 8 rho: 29.8182 maxRV: 0, 1, 2, 3, 5, 6, 7, 8, 9, 10, 11, 13, 14, 15, 16, 17, 18, 19, 20, 21, 22, 23, 24, 25, 26, 30, 32, 33, 34, 35, 36, 37, 38, 39, 40, 41, 42, 43, 44, 45, 46, 47, 48, 49, 50, 53, 54, 55, 57, 58, 59, 61, 62, 86, 87, 88, 89, 90, 91, 98, 99, 100, 101, 102, 103, 123, 124, 125, 126, 127, 150, 151, 
rel: 1 k: 7 rho: 37.7243 maxRV: 0, 1, 2, 3, 4, 5, 6, 7, 8, 9, 10, 11, 12, 13, 14, 15, 16, 17, 18, 19, 20, 21, 22, 23, 24, 25, 26, 27, 28, 29, 30, 31, 32, 33, 34, 35, 36, 37, 38, 39, 40, 41, 42, 43, 44, 45, 46, 47, 48, 49, 50, 51, 52, 53, 54, 55, 56, 57, 58, 59, 60, 61, 62, 63, 64, 65, 66, 67, 68, 69, 70, 71, 72, 73, 74, 75, 76, 77, 78, 79, 80, 81, 82, 83, 84, 85, 86, 87, 88, 89, 90, 91, 92, 93, 94, 95, 96, 97, 98, 99, 100, 101, 102, 103, 104, 105, 106, 107, 108, 109, 110, 111, 112, 113, 114, 115, 116, 117, 118, 119, 120, 121, 122, 123, 124, 125, 126, 127, 128, 129, 130, 131, 141, 142, 143, 144, 145, 146, 147, 148, 149, 150, 151, 152, 161, 162, 163, 164, 165, 166, 170, 171, 172, 173, 174, 175, 176, 177, 178, 179, 180, 181, 182, 183, 184, 185, 186, 187, 188, 192, 193, 194, 195, 196, 197, 198, 199, 200, 201, 202, 203, 204, 
rel: 1 k: 6 rho: 52.875 maxRV: 0, 1, 2, 3, 4, 5, 6, 7, 8, 9, 10, 11, 12, 13, 14, 15, 16, 17, 18, 19, 20, 21, 22, 23, 24, 25, 26, 27, 28, 29, 30, 31, 32, 33, 34, 35, 36, 37, 38, 39, 40, 41, 42, 43, 44, 45, 46, 47, 48, 49, 50, 51, 52, 53, 54, 55, 56, 57, 58, 59, 60, 61, 62, 63, 64, 65, 66, 67, 68, 69, 70, 71, 72, 73, 74, 75, 76, 77, 78, 79, 80, 81, 82, 83, 84, 85, 86, 87, 88, 89, 90, 91, 92, 93, 94, 95, 96, 97, 98, 99, 100, 101, 102, 103, 104, 105, 106, 107, 108, 109, 110, 111, 112, 113, 114, 115, 116, 117, 118, 119, 120, 121, 122, 123, 124, 125, 126, 127, 128, 129, 130, 131, 141, 142, 143, 144, 145, 146, 147, 148, 149, 150, 151, 152, 162, 163, 164, 165, 166, 170, 171, 172, 173, 174, 175, 176, 177, 178, 179, 180, 181, 182, 183, 184, 185, 186, 187, 188, 192, 193, 194, 195, 196, 197, 198, 199, 200, 201, 202, 203, 204, 205, 206, 207, 208, 209, 210, 211, 251, 265, 266, 267, 268, 269, 270, 271, 272, 273, 274, 275, 276, 277, 278, 279, 280, 281, 282, 283, 284, 285, 286, 287, 288, 289, 296, 297, 298, 299, 300, 301, 302, 303, 304, 305, 306, 307, 308, 309, 310, 311, 318, 319, 320, 338, 339, 340, 341, 342, 343, 344, 345, 347, 348, 349, 350, 351, 352, 359, 360, 361, 362, 363, 364, 365, 
rel: 1 k: 5 rho: 86.4835 maxRV: 4, 5, 9, 12, 16, 18, 19, 26, 27, 28, 29, 31, 33, 34, 36, 37, 38, 40, 42, 43, 44, 45, 46, 47, 48, 51, 52, 54, 56, 57, 60, 62, 63, 64, 65, 66, 67, 68, 69, 70, 71, 72, 73, 74, 75, 76, 77, 78, 79, 80, 81, 82, 83, 84, 85, 88, 92, 93, 94, 95, 96, 97, 99, 104, 105, 106, 107, 108, 109, 110, 111, 112, 113, 114, 115, 116, 117, 118, 119, 120, 121, 122, 126, 128, 129, 130, 131, 141, 142, 143, 144, 145, 147, 148, 149, 152, 161, 162, 163, 164, 165, 166, 170, 171, 172, 173, 174, 175, 176, 177, 178, 179, 182, 183, 185, 187, 188, 192, 193, 194, 195, 196, 197, 198, 199, 200, 201, 202, 203, 204, 205, 206, 207, 208, 209, 210, 211, 212, 213, 214, 215, 216, 217, 218, 251, 262, 263, 264, 265, 266, 267, 268, 269, 270, 271, 272, 273, 274, 275, 276, 277, 278, 280, 281, 282, 283, 285, 286, 287, 288, 289, 299, 300, 304, 305, 306, 307, 308, 309, 310, 311, 318, 319, 320, 338, 339, 340, 341, 342, 343, 344, 345, 347, 348, 349, 350, 351, 352, 359, 360, 361, 362, 363, 364, 365, 373, 382, 388, 479, 480, 481, 482, 488, 489, 490, 491, 494, 495, 496, 497, 498, 499, 500, 501, 502, 504, 505, 506, 507, 508, 517, 518, 519, 520, 521, 523, 525, 530, 537, 544, 545, 546, 552, 553, 554, 555, 556, 557, 558, 575, 576, 577, 578, 579, 580, 582, 583, 584, 585, 586, 587, 588, 594, 595, 596, 597, 598, 599, 600, 601, 608, 609, 610, 611, 612, 613, 614, 615, 616, 617, 618, 624, 625, 626, 627, 628, 629, 630, 631, 632, 633, 634, 635, 636, 637, 638, 639, 640, 641, 642, 645, 646, 647, 648, 649, 650, 651, 652, 653, 654, 655, 656, 657, 675, 676, 677, 678, 
rel: 1 k: 4 rho: 233.759 maxRV: 1, 2, 4, 12, 16, 19, 26, 27, 28, 29, 31, 33, 36, 37, 38, 39, 40, 41, 42, 43, 44, 45, 46, 47, 48, 51, 52, 56, 57, 60, 63, 64, 65, 66, 67, 68, 69, 70, 71, 72, 73, 74, 75, 76, 77, 78, 79, 80, 81, 82, 83, 84, 85, 88, 90, 92, 93, 94, 95, 96, 97, 100, 104, 105, 106, 107, 108, 109, 110, 111, 112, 113, 114, 115, 116, 117, 118, 119, 120, 121, 122, 124, 126, 128, 129, 130, 131, 141, 142, 143, 144, 145, 146, 147, 148, 149, 152, 161, 162, 163, 164, 165, 166, 170, 171, 172, 173, 174, 175, 176, 177, 178, 179, 182, 183, 187, 188, 192, 193, 194, 195, 196, 197, 198, 199, 200, 201, 202, 203, 204, 205, 206, 207, 208, 209, 210, 211, 212, 213, 214, 215, 216, 217, 218, 220, 221, 222, 223, 224, 225, 234, 235, 236, 237, 238, 251, 252, 255, 262, 263, 264, 265, 266, 267, 268, 269, 270, 271, 272, 273, 274, 275, 278, 280, 281, 282, 283, 285, 286, 287, 288, 289, 297, 299, 300, 304, 305, 306, 307, 308, 309, 310, 311, 318, 319, 320, 321, 322, 323, 324, 325, 326, 327, 328, 329, 330, 331, 332, 333, 334, 338, 339, 340, 341, 342, 343, 344, 345, 346, 347, 348, 349, 350, 351, 352, 359, 360, 361, 362, 363, 364, 365, 366, 367, 368, 369, 370, 371, 373, 381, 382, 383, 384, 385, 386, 387, 388, 395, 396, 397, 398, 399, 403, 404, 405, 406, 407, 408, 409, 410, 411, 412, 413, 426, 427, 429, 430, 433, 434, 435, 436, 437, 438, 439, 440, 441, 442, 443, 444, 448, 450, 451, 452, 453, 454, 455, 456, 457, 458, 459, 460, 461, 462, 463, 464, 465, 466, 467, 468, 479, 480, 481, 482, 488, 489, 490, 491, 494, 495, 496, 497, 498, 500, 501, 502, 504, 505, 506, 507, 508, 519, 520, 521, 523, 525, 530, 537, 538, 539, 540, 541, 542, 543, 544, 545, 546, 552, 553, 554, 555, 556, 557, 558, 559, 560, 561, 562, 563, 564, 565, 566, 567, 568, 569, 570, 571, 572, 573, 574, 575, 576, 577, 578, 579, 580, 582, 583, 584, 585, 586, 587, 588, 594, 595, 596, 597, 598, 599, 600, 601, 602, 603, 604, 605, 606, 607, 608, 609, 610, 611, 612, 613, 614, 615, 616, 617, 618, 619, 620, 621, 622, 623, 624, 625, 626, 627, 628, 629, 630, 631, 632, 633, 634, 635, 636, 637, 638, 639, 640, 641, 642, 643, 644, 645, 646, 647, 648, 649, 650, 651, 652, 653, 654, 655, 656, 657, 663, 664, 665, 666, 667, 668, 675, 676, 677, 678, 706, 707, 708, 737, 738, 739, 740, 741, 742, 743, 744, 745, 746, 747, 748, 757, 758, 759, 760, 761, 762, 763, 764, 765, 770, 771, 776, 777, 778, 779, 780, 790, 791, 792, 793, 794, 795, 796, 797, 799, 800, 801, 802, 803, 804, 805, 806, 807, 808, 809, 810, 819, 820, 821, 822, 830, 831, 832, 833, 841, 842, 843, 844, 845, 846, 847, 848, 853, 856, 857, 858, 859, 860, 863, 865, 866, 867, 868, 869, 870, 876, 884, 885, 886, 887, 889, 900, 901, 902, 903, 904, 906, 907, 908, 909, 910, 911, 912, 913, 914, 915, 916, 920, 921, 922, 923, 924, 925, 926, 927, 928, 930, 931, 936, 937, 941, 942, 943, 944, 945, 946, 947, 948, 949, 950, 951, 952, 953, 956, 957, 959, 960, 961, 962, 963, 964, 965, 966, 967, 968, 969, 970, 971, 972, 973, 974, 975, 982, 984, 985, 986, 987, 988, 989, 990, 996, 997, 998, 999, 1000, 1001, 1002, 1003, 1004, 1005, 1006, 1014, 1015, 1016, 1017, 1018, 1019, 1020, 1021, 1022, 1023, 1024, 1025, 1026, 1027, 1028, 1029, 1030, 1031, 1032, 1033, 1034, 1035, 1036, 1037, 1038, 1039, 1040, 1041, 1042, 1043, 1052, 1053, 1054, 1055, 1071, 1072, 1073, 1074, 1075, 1079, 1080, 1081, 1082, 1083, 1084, 1085, 1094, 1095, 1096, 1097, 1098, 1099, 1100, 1101, 1102, 1103, 1104, 1105, 1106, 1107, 1108, 1109, 1110, 1111, 1112, 1113, 1114, 1115, 1116, 1117, 1118, 1119, 1120, 1121, 1122, 1123, 1124, 1125, 1126, 1127, 1128, 1129, 1132, 1133, 1134, 1135, 1136, 1137, 1138, 1139, 1140, 1141, 1142, 1144, 1145, 1146, 1147, 1149, 1150, 1151, 1152, 1153, 1154, 1155, 1156, 1157, 1158, 1159, 1160, 1165, 1166, 1167, 1168, 1169, 1170, 1171, 1172, 1173, 1174, 1176, 1177, 1178, 1179, 1180, 1181, 1182, 1183, 1184, 1185, 1186, 1187, 1188, 1189, 1190, 1191, 1192, 1193, 1194, 1195, 1196, 1197, 1198, 1199, 1200, 1201, 1202, 1203, 1204, 1205, 1210, 1211, 1212, 1213, 1214, 1215, 1216, 1217, 1218, 1219, 1220, 1221, 1222, 1223, 1224, 1225, 1226, 1227, 1232, 1233, 1234, 1235, 1236, 1237, 1242, 1243, 1244, 1245, 1247, 1264, 1265, 1266, 1267, 1268, 1269, 1270, 1277, 1285, 1291, 1300, 1301, 1306, 1307, 1308, 1309, 1310, 1311, 1312, 1313, 1314, 1315, 1316, 1317, 1318, 1319, 
rel: 1 k: 3 rho: 770.963 maxRV: 4, 12, 16, 19, 26, 27, 28, 29, 31, 33, 34, 36, 37, 40, 41, 42, 44, 46, 47, 48, 49, 51, 52, 54, 55, 56, 57, 60, 63, 64, 65, 66, 67, 68, 69, 70, 71, 72, 73, 74, 75, 76, 77, 78, 79, 80, 81, 82, 83, 84, 85, 88, 90, 92, 93, 94, 95, 96, 97, 103, 104, 105, 106, 107, 108, 109, 110, 111, 112, 113, 114, 115, 116, 117, 118, 119, 120, 121, 122, 126, 128, 129, 130, 131, 141, 142, 143, 144, 145, 146, 147, 148, 149, 152, 153, 154, 155, 156, 157, 158, 159, 160, 161, 162, 163, 164, 165, 166, 170, 172, 173, 174, 175, 176, 177, 178, 179, 182, 183, 187, 188, 189, 190, 191, 192, 193, 194, 195, 196, 197, 198, 199, 200, 201, 202, 203, 204, 205, 206, 207, 208, 209, 210, 211, 212, 213, 214, 215, 216, 217, 218, 220, 221, 222, 223, 224, 225, 226, 227, 228, 229, 230, 231, 232, 234, 235, 237, 238, 245, 246, 247, 248, 249, 250, 251, 255, 262, 263, 264, 265, 266, 267, 268, 269, 270, 271, 272, 273, 274, 275, 276, 278, 279, 280, 281, 282, 283, 285, 286, 287, 288, 289, 297, 299, 300, 302, 304, 305, 306, 307, 308, 309, 310, 311, 312, 313, 314, 315, 316, 317, 318, 319, 320, 321, 322, 323, 324, 325, 326, 327, 328, 329, 330, 331, 332, 333, 334, 335, 336, 337, 338, 339, 340, 341, 342, 343, 344, 345, 346, 347, 348, 349, 350, 351, 352, 353, 354, 355, 356, 357, 358, 359, 360, 361, 362, 363, 364, 365, 366, 367, 368, 369, 370, 371, 372, 373, 374, 375, 376, 377, 378, 379, 381, 382, 383, 384, 385, 386, 387, 388, 389, 390, 391, 392, 393, 394, 395, 396, 397, 398, 399, 400, 401, 402, 403, 404, 405, 406, 407, 408, 409, 410, 411, 412, 413, 414, 415, 416, 417, 418, 419, 420, 421, 422, 423, 424, 425, 426, 427, 430, 433, 434, 435, 436, 437, 438, 439, 440, 441, 442, 443, 444, 448, 450, 451, 452, 453, 454, 455, 456, 457, 458, 459, 460, 461, 462, 463, 464, 465, 466, 467, 468, 469, 470, 471, 472, 473, 474, 475, 476, 477, 478, 479, 480, 481, 482, 483, 484, 485, 486, 487, 488, 489, 490, 491, 494, 495, 496, 497, 498, 500, 501, 502, 504, 505, 506, 507, 508, 512, 516, 519, 520, 521, 523, 525, 530, 535, 537, 538, 539, 540, 541, 542, 543, 544, 545, 546, 547, 548, 549, 550, 551, 552, 553, 554, 555, 556, 557, 558, 559, 560, 561, 562, 563, 564, 565, 566, 567, 568, 569, 570, 571, 572, 573, 574, 575, 576, 577, 578, 579, 580, 581, 582, 583, 584, 585, 586, 587, 588, 589, 590, 591, 592, 593, 594, 595, 596, 597, 598, 599, 600, 601, 602, 603, 604, 605, 606, 607, 608, 609, 610, 611, 612, 613, 614, 615, 616, 617, 618, 619, 620, 621, 622, 623, 624, 625, 626, 627, 628, 629, 630, 631, 632, 633, 634, 635, 636, 637, 638, 639, 640, 641, 642, 643, 644, 645, 646, 647, 648, 649, 650, 651, 652, 653, 654, 655, 656, 657, 658, 659, 660, 661, 662, 663, 664, 665, 666, 667, 668, 669, 670, 671, 672, 673, 674, 675, 676, 677, 678, 679, 680, 689, 690, 691, 692, 693, 694, 699, 700, 701, 703, 704, 705, 706, 707, 708, 717, 718, 719, 720, 721, 722, 727, 733, 734, 735, 736, 737, 738, 739, 740, 741, 742, 743, 744, 745, 746, 747, 748, 749, 752, 753, 754, 755, 756, 757, 758, 759, 760, 761, 762, 763, 764, 765, 766, 767, 768, 769, 770, 771, 772, 773, 774, 775, 776, 777, 778, 779, 780, 781, 782, 783, 784, 785, 786, 787, 788, 789, 790, 791, 792, 793, 794, 795, 796, 797, 798, 799, 800, 801, 802, 803, 804, 805, 806, 807, 808, 809, 810, 812, 814, 815, 816, 817, 818, 819, 820, 821, 822, 823, 824, 825, 826, 827, 828, 829, 830, 831, 832, 833, 834, 835, 836, 837, 838, 839, 840, 841, 842, 843, 844, 845, 846, 847, 848, 849, 850, 851, 852, 853, 857, 858, 859, 860, 863, 865, 866, 867, 868, 871, 872, 873, 874, 875, 876, 877, 878, 879, 880, 881, 882, 883, 884, 885, 886, 887, 889, 890, 891, 892, 893, 894, 895, 896, 897, 898, 899, 900, 901, 902, 903, 904, 906, 907, 908, 909, 910, 911, 912, 913, 914, 915, 916, 917, 920, 921, 922, 923, 924, 925, 926, 927, 928, 930, 931, 941, 942, 943, 944, 945, 946, 947, 948, 949, 950, 951, 952, 953, 955, 956, 957, 959, 960, 961, 962, 963, 964, 965, 966, 967, 968, 969, 970, 971, 972, 973, 974, 975, 976, 977, 978, 979, 980, 981, 982, 983, 984, 985, 986, 987, 988, 989, 990, 996, 997, 998, 999, 1000, 1001, 1002, 1004, 1005, 1006, 1007, 1008, 1009, 1010, 1011, 1013, 1014, 1015, 1016, 1017, 1018, 1019, 1020, 1021, 1022, 1023, 1024, 1025, 1026, 1027, 1028, 1029, 1030, 1031, 1032, 1033, 1034, 1035, 1036, 1037, 1038, 1039, 1040, 1041, 1042, 1043, 1044, 1047, 1048, 1049, 1050, 1051, 1052, 1053, 1054, 1055, 1056, 1057, 1058, 1059, 1060, 1061, 1062, 1063, 1064, 1065, 1066, 1067, 1068, 1069, 1071, 1072, 1073, 1074, 1075, 1076, 1077, 1078, 1079, 1080, 1081, 1082, 1083, 1084, 1085, 1086, 1087, 1088, 1089, 1090, 1091, 1092, 1093, 1094, 1095, 1096, 1097, 1098, 1099, 1100, 1101, 1102, 1103, 1104, 1105, 1106, 1107, 1108, 1109, 1110, 1111, 1112, 1113, 1114, 1115, 1116, 1117, 1118, 1119, 1120, 1121, 1122, 1123, 1124, 1125, 1126, 1127, 1128, 1129, 1130, 1131, 1132, 1133, 1134, 1135, 1136, 1137, 1138, 1139, 1140, 1141, 1142, 1143, 1144, 1145, 1146, 1147, 1149, 1150, 1151, 1152, 1153, 1154, 1155, 1156, 1157, 1158, 1159, 1160, 1161, 1162, 1163, 1164, 1165, 1166, 1167, 1168, 1169, 1170, 1171, 1172, 1173, 1174, 1175, 1176, 1177, 1178, 1179, 1180, 1181, 1182, 1183, 1184, 1185, 1186, 1187, 1188, 1189, 1190, 1191, 1192, 1193, 1194, 1195, 1196, 1197, 1198, 1199, 1200, 1201, 1202, 1203, 1204, 1205, 1206, 1207, 1208, 1209, 1210, 1211, 1212, 1213, 1214, 1215, 1216, 1217, 1218, 1219, 1220, 1221, 1222, 1223, 1224, 1225, 1226, 1227, 1228, 1229, 1230, 1231, 1232, 1233, 1234, 1235, 1236, 1237, 1238, 1239, 1240, 1241, 1242, 1243, 1244, 1245, 1246, 1247, 1248, 1249, 1250, 1255, 1256, 1257, 1259, 1261, 1262, 1264, 1265, 1266, 1267, 1268, 1269, 1270, 1276, 1277, 1279, 1285, 1286, 1287, 1288, 1289, 1290, 1291, 1292, 1293, 1294, 1295, 1300, 1301, 1302, 1303, 1304, 1305, 1306, 1307, 1308, 1309, 1310, 1311, 1312, 1313, 1314, 1315, 1316, 1317, 1318, 1319, 1320, 1321, 1322, 1323, 1358, 1359, 1360, 1361, 1362, 1368, 1369, 1370, 1381, 1382, 1389, 1390, 1391, 1392, 1393, 1394, 1395, 1396, 1402, 1403, 1404, 1405, 1406, 1407, 1413, 1414, 1419, 1423, 1424, 1425, 1429, 1430, 1432, 1433, 1434, 1435, 1436, 1445, 1459, 1460, 1461, 1462, 1463, 1464, 1465, 1466, 1467, 1468, 1469, 1470, 1471, 1472, 1473, 1474, 1475, 1476, 1492, 1494, 1495, 1496, 1514, 1522, 1523, 1524, 1525, 1526, 1529, 1530, 1531, 1532, 1533, 1534, 1535, 1536, 1543, 1544, 1545, 1546, 1547, 1548, 1552, 1554, 1555, 1556, 1562, 1564, 1565, 1566, 1570, 1571, 1572, 1573, 1574, 1575, 1576, 1577, 1578, 1579, 1580, 1581, 1582, 1583, 1584, 1585, 1586, 1587, 1588, 1589, 1590, 1591, 1598, 1599, 1600, 1601, 1603, 1604, 1608, 1609, 1610, 1611, 1612, 1613, 1614, 1621, 1622, 1623, 1624, 1625, 1626, 1627, 1628, 1629, 1631, 1633, 1634, 1635, 1636, 1637, 1638, 1639, 1640, 1641, 1642, 1647, 1648, 1649, 1650, 1651, 1652, 1653, 1654, 1655, 1656, 1657, 1658, 1659, 1660, 1661, 1662, 1663, 1664, 1665, 1666, 1667, 1668, 1673, 1675, 1676, 1677, 1678, 1679, 1683, 1684, 1685, 1686, 1687, 1696, 1697, 1698, 1699, 1700, 1701, 1702, 1703, 1704, 1705, 1706, 1707, 1708, 1709, 1710, 1711, 1712, 1713, 1714, 1715, 1716, 1717, 1718, 1719, 1720, 1721, 1722, 1723, 1724, 1725, 1726, 1727, 1728, 1729, 1730, 1731, 1732, 1733, 1734, 1735, 1736, 1737, 1738, 1739, 1740, 1741, 1742, 1743, 1750, 1751, 1756, 1757, 1758, 1759, 1760, 1761, 1762, 1763, 1764, 1765, 1766, 1767, 1768, 1769, 1770, 1771, 1772, 1773, 1774, 1775, 1776, 1777, 1778, 1780, 1781, 1782, 1783, 1784, 1785, 1786, 1787, 1788, 1789, 1790, 1791, 1792, 1793, 1794, 1795, 1796, 1797, 1799, 1800, 1801, 1802, 1803, 1804, 1805, 1809, 1810, 1811, 1812, 1813, 1814, 1815, 1816, 1817, 1818, 1824, 1825, 1826, 1827, 1828, 1829, 1830, 1831, 1832, 1833, 1834, 1835, 1836, 1837, 1838, 1839, 1840, 1841, 1842, 1843, 1844, 1845, 1849, 1850, 1851, 1852, 1853, 1854, 1855, 1856, 1860, 1861, 1862, 1863, 1864, 1865, 1866, 1867, 1868, 1869, 1870, 1871, 1872, 1873, 1874, 1876, 1877, 1879, 1880, 1881, 1882, 1883, 1884, 1885, 1887, 1888, 1889, 1890, 1891, 1892, 1893, 1894, 1895, 1896, 1897, 1898, 1899, 1900, 1901, 1902, 1903, 1904, 1905, 1907, 1909, 1913, 1914, 1915, 1916, 1919, 1920, 1921, 1926, 1927, 1928, 1932, 1933, 1934, 1935, 1936, 1937, 1938, 1940, 1941, 1942, 1944, 1945, 1946, 1947, 1948, 1949, 1950, 1951, 1952, 1953, 1954, 1955, 1956, 1957, 1958, 1959, 1960, 1961, 1963, 1964, 1965, 1966, 1967, 1968, 1970, 1971, 1972, 1973, 1974, 1975, 1976, 1977, 1978, 1979, 1980, 1981, 1982, 1983, 1984, 1985, 1986, 1987, 1988, 1989, 1990, 1991, 1992, 1993, 1994, 1995, 1996, 1997, 1998, 1999, 2000, 2001, 2002, 2003, 2004, 2005, 2006, 2007, 2008, 2009, 2010, 2011, 2012, 2013, 2014, 2015, 2016, 2017, 2018, 2019, 2020, 2021, 2022, 2025, 2026, 2027, 2034, 2035, 2036, 2037, 2038, 2039, 2040, 2041, 2042, 2043, 2044, 2045, 2046, 2048, 2049, 2050, 2051, 2054, 2055, 2060, 2061, 2062, 2067, 2069, 2071, 2083, 2084, 2085, 2086, 2087, 2088, 2089, 2090, 2091, 2092, 2093, 2094, 2095, 2096, 2097, 2098, 2099, 2100, 2101, 2102, 2103, 2104, 2105, 2106, 2107, 2108, 2109, 2110, 2111, 2112, 2113, 2114, 2115, 2116, 2117, 2118, 2119, 2120, 2121, 2122, 2123, 2124, 2125, 2127, 2128, 2138, 2139, 2146, 2147, 2148, 2149, 2151, 2153, 2154, 2156, 2157, 2158, 2159, 2160, 2161, 2162, 2164, 2165, 2169, 2170, 2171, 2172, 2173, 2177, 2178, 2179, 2180, 2184, 2185, 2186, 2187, 2188, 2189, 2190, 2191, 2192, 2193, 2194, 2195, 2196, 2197, 2198, 2199, 2200, 2201, 2202, 2203, 2204, 2205, 2206, 2207, 2208, 2209, 2210, 2211, 2212, 2213, 2214, 2215, 2216, 2217, 2218, 2219, 2220, 2221, 2224, 2225, 2226, 2227, 2228, 2229, 2230, 2231, 2232, 2233, 2234, 2235, 2236, 2237, 2238, 2240, 2241, 2242, 2243, 2244, 2245, 2246, 2247, 2248, 2249, 2250, 2251, 2252, 2253, 2254, 2255, 2256, 2257, 2258, 2259, 2260, 2261, 2262, 2263, 2264, 2265, 2266, 2267, 2268, 2269, 2270, 2271, 2272, 2273, 2274, 2275, 2276, 2277, 2278, 2280, 2281, 2282, 2283, 2284, 2285, 2286, 2287, 2288, 2289, 2290, 2291, 2292, 2293, 2294, 2295, 2296, 2297, 2298, 2299, 2300, 2301, 2302, 2303, 2304, 2306, 2307, 2308, 2309, 2310, 2311, 2318, 2319, 2320, 2321, 2322, 2323, 2324, 2325, 2326, 2327, 2328, 2329, 2330, 2331, 2332, 2333, 2342, 2343, 2344, 2345, 2346, 2347, 2348, 2349, 2350, 2351, 2352, 2357, 2358, 2359, 2360, 2361, 2362, 2363, 2364, 2365, 2366, 2367, 2368, 2369, 2370, 2371, 2372, 2373, 2374, 2375, 2376, 2377, 2378, 2380, 2381, 2382, 2383, 2384, 2385, 2386, 2387, 2389, 2390, 2391, 2392, 2393, 2397, 2398, 2399, 2400, 2401, 2402, 2403, 2404, 2405, 2406, 2407, 2408, 2409, 2410, 2411, 2412, 2413, 2417, 2418, 2419, 2420, 2421, 2422, 2423, 2424, 2425, 2426, 2427, 2428, 2429, 2430, 2431, 2432, 2433, 2434, 2435, 2436, 2437, 2438, 2439, 2440, 2441, 2444, 2445, 2446, 2447, 2448, 2449, 2450, 2451, 2452, 2453, 2454, 2455, 2456, 2457, 2458, 2459, 2460, 2461, 2462, 2463, 2464, 2465, 2466, 2471, 2472, 2473, 2474, 2475, 2476, 2477, 2485, 2486, 2487, 2488, 2489, 2490, 2491, 2492, 2493, 2494, 2495, 2496, 2497, 2498, 2499, 2500, 2501, 2502, 2509, 2510, 2511, 2512, 2513, 2514, 2515, 2516, 2517, 2518, 2519, 2520, 2521, 2522, 2523, 2524, 2526, 2527, 2528, 2529, 2530, 2531, 2532, 2533, 2534, 2535, 2536, 2537, 2538, 2539, 2540, 2542, 2543, 2544, 2545, 2547, 2548, 2549, 2551, 2553, 2554, 2555, 2556, 2557, 2558, 2559, 2560, 2561, 2562, 2564, 2565, 2566, 2567, 2568, 2569, 2570, 2571, 2572, 2573, 2574, 2575, 2576, 2577, 2578, 2579, 2580, 2581, 2582, 2584, 2585, 2586, 2587, 2588, 2589, 2590, 2591, 2592, 2593, 2594, 2595, 2596, 2597, 2598, 2600, 2601, 2602, 2603, 2604, 2605, 2606, 2607, 2608, 2609, 2610, 2611, 2612, 2613, 2615, 2616, 2617, 2618, 2619, 2620, 2621, 2622, 2623, 2624, 2625, 2626, 2631, 2632, 2633, 2634, 2635, 2636, 2637, 2638, 2639, 2640, 2641, 2642, 2643, 2644, 2645, 2646, 2647, 2648, 2649, 2650, 2651, 2652, 2653, 2654, 2655, 2656, 2657, 2658, 2659, 2660, 2661, 2662, 2663, 2664, 2665, 2666, 2667, 2668, 2669, 2670, 2671, 2672, 2673, 2674, 2675, 2676, 2677, 2678, 2679, 2680, 2681, 2682, 2683, 2685, 2686, 2687, 2688, 2689, 2690, 2691, 2692, 2693, 2694, 2695, 2696, 2697, 2698, 2699, 2700, 2701, 2702, 2703, 2704, 2705, 2706, 2707, 2708, 2709, 2710, 2711, 2712, 2713, 2714, 2715, 2716, 2717, 2718, 2719, 2720, 2721, 2722, 2723, 2725, 2726, 2727, 2728, 2730, 2731, 2732, 2733, 2734, 2735, 2736, 2737, 2738, 2739, 2740, 2741, 2742, 2743, 2744, 2745, 2746, 2747, 2748, 2749, 2750, 2751, 2752, 2753, 2754, 2755, 2756, 2757, 2758, 2759, 2760, 2761, 2762, 2763, 2764, 2765, 2766, 2767, 2768, 2769, 2770, 2771, 2772, 2773, 2774, 2775, 2776, 2777, 2778, 2779, 2780, 2781, 2782, 2783, 2784, 2785, 2786, 2787, 2788, 2789, 2790, 2791, 2792, 2793, 2794, 2795, 2796, 2797, 2798, 2799, 2800, 2801, 2802, 2803, 2804, 2805, 2806, 2807, 2808, 2809, 2810, 2811, 2812, 2813, 2814, 2815, 2816, 2817, 2818, 2819, 2820, 2821, 2822, 2823, 2824, 2828, 2829, 2830, 2831, 2832, 2833, 2834, 2835, 2836, 2837, 2838, 2839, 2840, 2841, 2842, 2843, 2844, 2845, 2846, 2847, 2848, 2849, 2850, 2851, 2852, 2853, 2854, 2855, 2856, 2857, 2858, 2859, 2860, 2861, 2862, 2863, 2864, 2865, 2866, 2867, 2868, 2869, 2870, 2871, 2872, 2873, 2874, 2875, 2876, 2877, 2878, 2879, 2880, 2881, 2882, 2883, 2884, 2885, 2886, 2887, 2888, 2889, 2890, 2891, 2892, 2893, 2894, 2895, 2896, 2897, 2898, 2899, 2900, 2901, 2902, 2903, 2904, 2905, 2906, 2907, 2908, 2909, 2910, 2911, 2912, 2913, 2914, 2915, 2916, 2917, 2921, 2922, 2923, 2924, 2925, 2926, 2927, 2928, 2929, 2930, 2931, 2932, 2933, 2934, 2935, 2936, 2937, 2938, 2939, 2940, 2941, 2942, 2943, 2944, 2945, 2946, 2947, 2948, 2949, 2950, 2951, 2952, 2953, 2954, 2955, 2956, 2957, 2958, 2959, 2960, 2961, 2962, 2963, 2964, 2965, 2967, 2968, 2969, 2970, 2971, 2972, 2973, 2974, 2975, 2976, 2977, 2978, 2979, 2980, 2981, 2982, 2983, 2984, 2985, 2986, 2987, 2988, 2989, 2990, 2991, 2992, 2993, 2994, 2995, 2996, 2997, 2998, 2999, 3000, 3001, 3002, 3003, 3004, 3005, 3006, 3007, 3008, 3009, 3010, 3011, 3012, 3013, 3014, 3015, 3016, 3017, 3018, 3021, 3022, 3023, 3024, 3025, 3030, 3031, 3032, 3033, 3034, 3035, 3036, 3037, 3038, 3039, 3040, 3041, 3042, 3043, 3044, 3045, 3049, 3052, 3053, 3057, 3058, 3059, 3060, 3061, 3068, 3069, 3070, 3075, 3076, 3077, 3078, 3079, 3080, 3081, 3082, 3083, 3084, 3085, 3086, 3087, 3088, 3089, 3090, 3091, 3092, 3093, 3094, 3095, 3096, 3097, 3102, 3103, 3104, 3105, 3111, 3112, 3113, 3114, 3115, 3116, 3117, 3121, 3122, 3125, 3126, 3127, 3128, 3129, 3130, 3131, 3132, 3133, 3134, 3135, 3136, 3137, 3138, 3139, 3140, 3141, 3142, 3143, 3144, 3152, 3153, 3154, 3158, 3159, 3160, 3161, 3162, 3164, 3165, 3166, 3167, 3168, 3169, 3173, 3174, 3175, 3176, 3177, 3178, 3179, 3180, 3181, 3185, 3186, 3187, 3188, 3189, 3190, 3191, 3192, 3193, 3194, 3195, 3196, 3198, 3199, 3200, 3201, 3202, 3203, 3207, 3208, 3209, 3210, 3211, 3212, 3213, 3214, 3216, 3217, 3221, 3222, 3226, 3227, 3228, 3229, 3230, 3231, 3232, 3233, 3234, 3235, 3236, 3237, 3238, 3239, 3240, 3241, 3242, 3247, 3248, 3249, 3250, 3251, 3252, 3253, 3254, 3255, 3256, 3257, 3258, 3259, 3260, 3261, 3262, 3263, 3264, 3268, 3269, 3273, 3274, 3275, 3276, 3283, 3284, 3285, 3286, 3287, 3288, 3289, 3290, 3291, 3292, 3293, 3294, 3295, 3296, 3297, 3298, 3299, 3300, 3301, 3302, 3303, 3307, 3308, 3309, 3313, 3314, 3315, 3317, 3318, 3319, 3326, 3330, 3331, 3332, 3336, 3337, 3338, 3342, 3343, 3344, 3345, 3346, 3347, 3348, 3349, 3351, 3352, 3353, 3354, 3359, 3360, 3364, 3368, 3369, 3370, 3371, 3375, 3377, 3378, 3379, 3383, 3384, 3385, 3386, 3387, 3388, 3396, 3397, 
rel: 1 k: 3 rho: 770.963 maxRV: 2, 3, 7, 9, 13, 15, 18, 20, 23, 29, 30, 34, 36, 43, 44, 46, 47, 50, 61, 64, 70, 75, 80, 84, 88, 91, 92, 95, 97, 101, 104, 105, 120, 135, 136, 137, 139, 142, 143, 146, 147, 153, 155, 157, 159, 162, 170, 174, 175, 176, 181, 189, 190, 191, 192, 195, 199, 200, 204, 207, 209, 210, 211, 212, 218, 225, 229, 231, 246, 248, 252, 253, 256, 259, 260, 262, 263, 267, 278, 280, 281, 283, 298, 300, 304, 306, 307, 309, 315, 317, 320, 321, 324, 325, 343, 344, 347, 348, 349, 353, 354, 368, 378, 381, 383, 384, 387, 407, 413, 415, 424, 427, 431, 436, 437, 445, 449, 455, 457, 470, 492, 502, 511, 512, 518, 527, 529, 531, 535, 558, 568, 576, 577, 590, 593, 597, 598, 599, 608, 609, 626, 639, 641, 642, 647, 648, 650, 652, 661, 666, 674, 679, 682, 684, 686, 696, 707, 711, 712, 714, 718, 719, 721, 722, 725, 735, 740, 767, 791, 792, 836, 853, 854, 875, 878, 879, 880, 881, 883, 893, 894, 908, 912, 921, 924, 950, 962, 965, 966, 967, 969, 970, 971, 974, 976, 978, 990, 992, 994, 997, 1003, 1006, 1009, 1020, 1027, 1032, 1035, 1036, 1037, 1038, 1039, 1042, 1047, 1050, 1051, 1052, 1055, 1061, 1079, 1082, 1093, 1109, 1122, 1123, 1124, 1126, 1133, 1142, 1150, 1156, 1158, 1162, 1163, 1164, 1168, 1170, 1177, 1179, 1192, 1210, 1213, 1220, 1226, 1228, 1230, 1236, 1239, 1240, 1241, 1243, 1255, 1256, 1258, 1260, 1263, 1265, 1267, 1270, 1271, 1280, 1302, 1304, 1307, 1308, 1309, 1310, 1313, 1314, 1315, 1320, 1324, 1335, 1350, 1351, 1356, 1358, 1359, 1361, 1393, 1412, 1414, 1416, 1417, 1419, 1430, 1435, 1436, 1445, 1452, 1453, 1458, 1459, 1489, 1490, 1491, 1496, 1502, 1504, 1505, 1507, 1510, 1512, 1515, 1516, 1521, 1523, 1525, 1528, 1531, 1545, 1554, 1566, 1570, 1583, 1587, 1592, 1604, 1632, 1639, 1659, 1660, 1662, 1665, 1668, 1670, 1673, 1676, 1692, 1698, 1710, 1715, 1720, 1725, 1729, 1730, 1732, 1748, 1752, 1758, 1759, 1760, 1766, 1769, 1772, 1780, 1781, 1785, 1798, 1801, 1803, 1815, 1816, 1817, 1818, 1820, 1845, 1859, 1861, 1862, 1864, 1866, 1867, 1868, 1871, 1872, 1879, 1892, 1898, 1905, 1917, 1947, 1954, 1961, 1973, 1986, 1989, 1994, 1996, 2009, 2020, 2024, 2025, 2030, 2037, 2039, 2042, 2046, 2057, 2058, 2059, 2066, 2076, 2077, 2081, 2087, 2090, 2093, 2096, 2097, 2103, 2106, 2131, 2133, 2136, 2149, 2152, 2156, 2157, 2173, 2175, 2180, 2187, 2197, 2199, 2201, 2206, 2222, 2225, 2231, 2232, 2234, 2235, 2236, 2237, 2238, 2242, 2244, 2247, 2252, 2259, 2261, 2266, 2267, 2275, 2282, 2288, 2299, 2305, 2308, 2311, 2312, 2313, 2315, 2317, 2318, 2321, 2322, 2324, 2328, 2334, 2338, 2339, 2341, 2356, 2364, 2369, 2377, 2380, 2383, 2385, 2387, 2391, 2394, 2396, 2397, 2406, 2408, 2411, 2421, 2428, 2432, 2443, 2455, 2460, 2463, 2467, 2475, 2477, 2478, 2484, 2495, 2497, 2503, 2507, 2510, 2519, 2529, 2531, 2532, 2533, 2535, 2538, 2545, 2548, 2554, 2556, 2557, 2561, 2566, 2580, 2601, 2608, 2613, 2617, 2618, 2623, 2626, 2630, 2635, 2639, 2641, 2659, 2660, 2664, 2670, 2680, 2690, 2696, 2700, 2701, 2713, 2720, 2724, 2726, 2738, 2740, 2742, 2761, 2778, 2791, 2804, 2810, 2811, 2812, 2813, 2814, 2817, 2821, 2825, 2826, 2835, 2837, 2840, 2841, 2843, 2847, 2849, 2850, 2868, 2871, 2883, 2887, 2888, 2896, 2901, 2903, 2904, 2905, 2906, 2907, 2920, 2921, 2929, 2933, 2942, 2944, 2949, 2953, 2957, 2958, 2977, 2990, 2993, 2998, 3004, 3029, 3036, 3045, 3049, 3052, 3060, 3063, 3065, 3069, 3072, 3075, 3081, 3085, 3093, 3096, 3097, 3108, 3109, 3111, 3112, 3131, 3139, 3145, 3148, 3151, 3154, 3180, 3181, 3186, 3198, 3220, 3239, 3247, 3251, 3256, 3259, 3263, 3284, 3294, 3305, 3307, 3314, 3328, 3337, 3342, 3349, 3350, 3351, 3352, 3357, 3368, 3373, 3379, 3380, 3384, 3389, 3398, 3399, 3405, 3406, 3417, 3427, 3430, 3452, 3456, 3477, 3479, 3495, 3511, 3523, 3525, 3527, 3540, 3566, 3580, 3583, 3596, 3618, 3626, 3631, 3635, 3639, 3645, 3655, 3663, 3680, 3687, 3689, 3692, 3703, 3706, 3721, 3732, 3733, 3742, 3744, 3750, 3753, 3757, 3773, 3781, 3786, 3796, 3806, 3818, 3846, 3861, 3871, 3873, 3880, 3883, 3889, 3905, 3914, 3920, 3924, 3932, 3938, 3941, 3946, 3948, 3949, 3950, 3977, 3979, 3985, 3989, 4015, 4028, 4045, 4057, 4065, 4069, 4086, 4096, 4111, 4112, 4129, 4140, 4166, 4172, 4181, 4190, 4197, 4200, 4201, 4203, 4218, 4271, 4283, 4297, 4305, 4313, 4320, 4325, 4332, 4334, 4380, 4381, 4382, 4383, 4392, 4403, 4406, 4417, 4426, 4429, 4433, 4449, 4471, 4474, 4512, 4533, 4546, 4568, 4573, 4583, 4611, 4616, 4617, 4618, 4622, 4627, 4629, 4632, 4642, 4653, 4657, 4658, 4659, 4660, 4669, 4673, 4689, 4690, 4696, 4700, 4710, 4711, 4723, 4728, 4729, 4740, 4767, 4784, 4791, 4825, 4826, 4841, 4843, 4845, 4854, 4863, 4867, 4871, 4878, 4881, 4885, 4886, 4887, 4890, 4902, 4932, 4973, 4981, 4986, 4991, 4993, 4994, 5033, 5036, 5039, 5049, 5055, 5056, 5067, 5078, 5085, 5094, 5101, 5104, 5108, 5111, 5132, 5150, 5152, 5161, 5163, 5196, 5202, 5210, 5215, 5220, 5252, 5254, 5259, 5285, 5287, 5291, 5321, 5325, 5326, 5331, 5339, 5343, 5355, 5376, 5380, 5395, 5398, 5404, 5415, 5419, 5421, 5422, 5425, 5439, 5443, 5450, 5465, 5486, 5488, 5518, 5532, 5544, 5555, 5578, 5579, 5591, 5594, 5595, 5598, 5604, 5618, 5627, 5634, 5637, 5643, 5651, 5652, 5653, 5656, 5658, 5663, 5664, 5665, 5676, 5693, 5696, 5704, 5705, 5708, 5710, 5719, 5720, 5721, 5729, 5730, 5731, 5733, 5734, 5737, 5740, 5753, 5754, 5756, 5758, 5760, 5768, 5769, 5773, 5774, 5778, 5797, 5801, 5803, 5808, 5809, 5819, 5821, 5828, 5842, 5844, 5850, 5852, 5853, 5858, 5859, 5871, 5896, 5920, 5938, 5950, 5963, 5966, 5968, 5973, 5981, 5982, 5988, 5992, 5993, 5995, 5998, 5999, 6001, 6011, 6017, 6018, 6021, 6035, 6046, 6054, 6055, 6097, 6104, 6107, 6115, 6118, 6125, 6134, 6142, 6154, 6180, 6187, 6192, 6194, 6198, 6199, 6205, 6214, 6222, 6226, 6227, 6228, 6229, 6232, 6234, 6240, 6241, 6244, 6249, 6263, 6264, 6265, 6269, 6275, 6280, 6288, 6300, 6303, 6304, 6310, 6318, 6321, 6325, 6327, 6335, 6336, 6344, 6345, 6346, 6352, 6365, 6368, 6391, 6406, 6410, 6417, 6437, 6440, 6442, 6468, 6473, 6487, 6490, 6500, 6523, 6580, 6585, 6586, 6587, 6588, 6590, 6591, 6593, 6594, 6598, 6599, 6605, 6618, 6619, 6621, 6623, 6625, 6629, 6631, 6632, 6636, 6639, 6641, 6647, 6650, 6661, 6662, 6663, 6665, 6672, 6679, 6685, 6690, 6691, 6692, 6694, 6699, 6710, 6729, 6730, 6734, 6735, 6737, 6740, 6741, 6743, 6746, 6753, 6774, 6782, 6785, 6804, 6805, 6825, 6828, 6833, 6843, 6845, 6846, 6847, 6848, 6849, 6862, 6863, 6870, 6872, 6873, 6879, 6885, 6886, 6887, 6893, 6907, 6918, 6921, 6933, 6951, 6955, 6957, 6961, 6980, 6988, 6991, 7013, 7015, 7026, 7027, 7030, 7032, 7037, 7039, 7052, 7059, 7071, 7082, 7087, 7093, 7113, 7114, 7115, 7116, 7118, 7122, 7127, 7131, 7148, 7155, 7174, 7183, 7187, 7189, 7195, 7196, 7199, 7202, 7203, 7207, 7216, 7220, 7224, 7255, 7257, 7259, 7278, 7281, 7302, 7314, 7317, 7319, 7324, 7335, 7345, 7355, 7356, 7359, 7364, 7365, 7373, 7374, 7375, 7379, 7383, 7384, 7385, 7387, 7396, 7410, 7415, 7419, 7422, 7424, 7425, 7426, 7435, 7445, 7449, 7469, 7477, 7479, 7490, 7518, 7523, 7526, 7528, 7534, 7549, 7553, 7555, 7569, 7575, 7582, 7602, 7603, 7604, 7610, 7618, 7642, 7647, 7656, 7657, 7665, 7670, 7673, 7683, 7685, 7697, 7699, 7702, 7703, 7704, 7710, 7711, 7712, 7715, 7723, 7735, 7738, 7751, 7785, 7790, 7791, 7797, 7798, 7803, 7814, 7818, 7824, 7825, 7836, 7843, 7855, 7865, 7870, 7887, 7888, 7897, 7898, 7900, 7924, 7928, 7930, 7932, 7940, 7942, 7945, 7948, 7951, 7960, 7967, 7981, 7984, 7987, 7992, 8005, 8016, 8021, 8024, 8027, 8046, 8057, 8060, 8081, 8107, 8127, 8131, 8134, 8139, 8140, 8150, 8162, 8179, 8187, 8194, 8197, 8198, 8204, 8212, 8214, 8216, 8217, 8228, 8238, 8241, 8247, 8255, 8258, 8265, 8272, 8279, 8293, 8297, 8298, 8303, 8308, 8315, 8317, 8331, 8360, 8366, 8380, 8385, 8391, 8398, 8408, 8422, 8434, 8452, 8467, 8469, 8485, 8487, 8493, 8494, 8503, 8531, 8544, 8553, 8564, 8572, 8589, 8593, 8602, 8604, 8625, 8653, 8715, 8716, 8724, 8726, 8728, 8754, 8761, 8799, 8800, 8820, 8840, 8874, 8880, 8885, 8895, 8896, 8903, 8904, 8907, 8911, 8915, 8925, 8926, 8933, 8949, 8950, 8951, 8952, 8965, 8971, 8972, 8973, 8974, 8977, 8983, 8989, 8996, 9000, 9001, 9003, 9009, 9017, 9018, 9025, 9027, 9028, 9044, 9058, 9062, 9065, 9069, 9070, 9073, 9083, 9089, 9101, 9118, 9120, 9121, 9125, 9130, 9142, 9151, 9153, 9159, 9165, 9175, 9184, 9198, 9220, 9240, 9241, 9244, 9252, 9253, 9261, 9264, 9265, 9268, 9282, 9284, 9285, 9326, 9332, 9381, 9384, 9389, 9396, 9398, 9408, 9416, 9485, 9497, 9501, 9503, 9504, 9515, 9523, 9531, 9532, 9534, 9542, 9546, 9548, 9561, 9568, 9571, 9575, 9577, 9578, 9580, 9587, 9604, 9605, 9611, 9622, 9630, 9661, 9684, 9700, 9704, 9707, 9712, 9716, 9717, 9727, 9738, 9740, 9746, 9749, 9764, 9765, 9767, 9782, 9799, 9801, 9803, 9804, 9813, 9817, 9822, 9834, 9869, 9870, 9872, 9876, 9887, 9888, 9895, 9898, 9903, 9911, 9919, 9951, 9973, 9982, 10039, 10067, 10069, 10082, 10084, 10103, 10116, 10131, 10135, 10175, 10186, 10198, 10210, 10240, 10341, 10373, 10401, 10410, 10414, 10420, 10445, 10450, 10467, 10474, 10477, 10491, 10495, 10543, 10548, 10550, 10606, 10613, 10627, 10666, 10668, 10681, 10707, 10720, 10734, 10738, 10747, 10765, 10849, 10851, 10877, 10880, 10888, 10889, 10892, 10950, 10951, 10959, 10963, 10974, 11007, 11015, 11020, 11042, 11065, 11087, 11104, 11122, 11123, 11176, 11194, 11215, 11221, 11233, 11240, 11243, 11287, 11333, 11346, 11382, 11409, 11422, 11439, 11457, 11477, 11487, 11549, 11563, 11571, 11629, 11635, 11643, 11652, 11655, 11666, 11675, 11676, 11680, 11730, 11737, 11738, 11746, 11765, 11782, 11783, 11813, 11840, 11846, 11873, 11875, 11912, 11920, 11950, 11954, 11972, 11983, 11996, 11998, 12001, 12012, 12028, 12042, 12064, 12071, 12098, 12109, 12121, 12123, 12124, 12126, 12132, 12140, 12141, 12142, 12194, 12209, 12215, 12218, 12220, 12223, 12233, 12247, 12268, 12298, 12317, 12330, 12337, 12343, 12348, 12378, 12422, 12425, 12444, 12459, 12463, 12468, 12479, 12480, 12481, 12520, 12545, 12569, 12613, 12645, 12651, 12658, 12671, 12693, 12694, 12732, 12733, 12736, 12739, 12741, 12753, 12756, 12784, 12788, 12800, 12808, 12819, 12822, 12829, 12830, 12833, 12839, 12842, 12844, 12849, 12861, 12862, 12867, 12890, 12896, 12906, 12932, 12936, 12947, 12959, 12973, 12979, 12982, 13005, 13014, 13018, 13032, 13035, 13039, 13048, 13056, 13084, 13138, 13139, 13177, 13210, 13219, 13332, 13350, 13356, 13359, 13362, 13401, 13416, 13433, 13436, 13466, 13480, 13535, 13540, 13552, 13580, 13596, 13597, 13633, 13640, 13654, 13675, 13677, 13686, 13689, 13690, 13699, 13702, 13717, 13725, 13730, 13768, 13770, 13795, 13812, 13819, 13826, 13852, 13907, 13925, 13932, 13933, 13948, 13968, 14011, 14013, 14015, 14033, 14059, 14077, 14081, 14088, 14090, 14099, 14122, 14125, 14137, 14174, 14219, 14226, 14228, 14230, 14235, 14251, 14253, 14258, 14265, 14269, 14294, 14312, 14322, 14325, 14346, 14351, 14379, 14388, 14399, 14401, 14404, 14413, 14426, 14431, 14440, 14489, 14490, 14535, 14537, 14540, 14563, 14573, 14579, 14595, 14602, 14608, 14610, 14612, 14615, 14616, 14619, 14628, 14738, 14763, 14770, 14781, 14782, 14783, 14792, 14798, 14812, 14815, 14836, 14852, 14866, 14896, 14897, 14901, 14907, 14921, 14924, 14937, 14947, 14963, 14980, 14981, 14986, 14988, 15039, 15159, 15199, 15224, 15228, 15229, 15251, 15305, 15349, 15364, 15428, 15443, 15493, 15511, 15546, 15668, 15704, 15716, 15723, 15724, 15727, 15738, 15741, 15791, 15792, 15800, 15856, 15948, 15995, 16055, 16090, 16103, 16108, 16120, 16130, 16132, 16138, 16142, 16156, 16166, 16171, 16199, 16202, 16207, 16264, 16279, 16291, 16333, 16340, 16341, 16353, 16366, 16428, 16449, 16454, 16466, 16485, 16499, 16573, 16574, 16622, 16625, 16654, 16723, 16738, 16754, 16761, 16762, 17052, 17071, 17096, 17121, 17128, 17129, 17137, 17213, 17226, 17231, 17276, 17306, 17308, 17394, 17397, 17398, 17422, 17435, 17438, 17440, 17441, 17443, 17445, 17458, 17467, 17487, 17597, 17605, 17608, 17616, 17625, 17657, 17672, 17795, 17796, 17797, 17798, 17805, 17806, 17808, 17811, 17812, 17813, 17816, 17817, 17820, 17823, 17835, 17867, 17872, 17873, 17876, 17907, 17913, 17939, 17941, 17942, 17947, 17948, 17960, 17980, 17981, 17982, 18002, 18003, 18006, 18019, 18037, 18038, 18039, 18047, 18070, 18079, 18099, 18101, 18113, 18133, 18141, 18146, 18166, 18208, 18215, 18241, 18272, 18275, 18280, 18294, 18311, 18315, 18346, 18408, 18417, 18419, 18467, 18516, 18529, 18540, 18557, 18569, 18575, 18626, 18627, 18655, 18658, 18661, 18748, 18785, 18798, 18852, 18867, 18936, 18945, 18959, 18962, 18992, 19010, 19153, 19159, 19174, 19183, 19189, 19208, 19224, 19240, 19310, 19363, 19369, 19371, 19372, 19373, 19374, 19375, 19379, 19381, 19386, 19389, 19394, 19399, 19401, 19404, 19413, 19414, 19415, 19417, 19419, 19424, 19432, 19439, 19440, 19444, 19452, 19453, 19459, 19462, 19465, 19472, 19478, 19488, 19497, 19504, 19512, 19589, 19707, 19714, 19721, 19735, 19756, 19777, 19780, 19795, 19820, 19876, 19903, 19908, 19916, 19920, 19922, 19923, 19951, 20030, 20068, 20070, 20077, 20078, 20089, 20129, 20157, 20171, 20173, 20175, 20182, 20183, 20184, 20188, 20194, 20196, 20200, 20201, 20203, 20209, 20211, 20212, 20226, 20248, 20278, 20279, 20292, 20321, 20323, 20355, 20363, 20364, 20376, 20381, 20384, 20412, 20418, 20424, 20425, 20433, 20450, 20491, 20492, 20494, 20505, 20527, 20562, 20587, 20594, 20679, 20700, 20749, 20818, 20947, 20966, 20967, 20982, 21032, 21038, 21043, 21061, 21072, 21121, 21194, 21238, 21329, 21397, 21398, 21408, 21414, 21420, 21422, 21533, 21577, 21585, 21588, 21591, 21595, 21596, 21620, 21622, 21644, 21666, 21688, 21698, 21699, 21701, 21702, 21705, 21726, 21772, 21800, 21837, 21896, 21918, 21958, 22071, 22100, 22230, 22255, 22259, 22264, 22541, 22545, 22612, 22656, 22664, 22778, 22822, 22827, 22832, 22843, 22882, 23008, 23034, 23077, 23114, 23142, 23160, 23226, 23248, 23331, 23346, 23355, 23356, 23366, 23372, 23452, 23498, 23502, 23613, 23620, 23630, 23633, 23659, 23671, 23689, 23725, 23729, 23774, 23780, 23835, 23842, 23875, 23877, 23882, 23888, 23889, 23892, 23893, 23897, 23904, 23910, 23923, 23927, 23928, 23933, 23937, 23945, 23949, 23950, 23951, 23954, 23955, 23959, 23995, 23999, 24085, 24091, 24095, 24121, 24289, 24291, 24336, 24400, 24404, 24509, 24512, 24513, 24515, 24563, 24564, 24567, 24568, 24593, 24595, 24605, 24606, 24610, 24611, 24618, 24629, 24632, 24636, 24637, 24638, 24656, 24696, 24712, 24753, 24931, 24956, 24959, 24964, 24969, 24978, 24998, 25005, 25007, 25022, 25025, 25026, 25029, 25042, 25043, 25044, 25069, 25254, 25255, 25256, 25268, 25305, 25355, 25405, 25585, 25589, 25611, 25612, 25759, 25762, 25810, 25817, 25862, 25876, 25878, 25930, 25974, 26025, 26059, 26077, 26138, 26140, 26144, 26233, 26256, 26312, 26358, 26387, 26392, 26474, 26477, 26490, 26496, 26498, 26539, 26566, 26582, 26643, 26644, 26646, 26722, 26884, 26935, 27024, 27197, 27199, 27211, 27217, 27255, 27274, 27303, 27321, 27333, 27338, 27339, 27477, 27564, 27588, 27589, 27603, 27618, 27631, 27648, 27683, 27709, 27710, 27768, 27774, 27799, 27847, 27864, 27868, 27895, 27914, 27947, 27982, 27991, 28006, 28020, 28029, 28144, 28165, 28168, 28173, 28176, 28236, 28335, 28338, 28461, 28480, 28482, 28575, 28577, 28580, 28616, 28621, 28635, 28729, 28775, 28783, 28858, 28859, 28860, 28878, 28880, 28902, 28905, 28909, 28910, 28915, 28917, 28919, 28928, 28940, 28953, 28959, 28974, 28975, 29003, 29018, 29062, 29118, 29130, 29161, 29179, 29217, 29223, 29248, 29290, 29318, 29319, 29324, 29326, 29328, 29329, 29388, 29437, 29535, 29539, 29541, 29554, 29596, 29602, 29604, 29608, 29613, 29615, 29619, 29644, 29779, 29791, 30003, 30005, 30006, 30367, 30372, 30385, 30393, 30395, 30418, 30455, 30457, 30521, 30548, 30549, 30644, 30690, 30712, 30713, 30767, 30908, 30945, 30999, 31004, 31005, 31016, 31017, 31131, 31155, 31258, 31302, 31421, 31473, 31525, 31572, 31626, 31628, 31633, 31660, 31662, 31709, 31720, 31734, 31742, 31828, 31830, 31840, 31850, 31905, 31951, 32015, 32038, 32059, 32061, 32077, 32187, 32189, 32217, 32220, 32222, 32371, 32396, 32402, 32439, 32514, 32526, 32747, 32751, 32795, 32827, 32875, 32876, 32878, 32996, 32999, 33004, 33073, 33158, 33328, 33330, 33333, 33398, 33465, 33474, 33488, 33595, 33598, 33617, 33682, 33747, 33749, 33796, 33877, 33941, 34086, 34147, 34182, 34287, 34312, 34313, 34394, 34458, 34503, 34565, 34807, 34886, 35119, 35213, 35530, 35531, 35532, 35599, 35692, 35828, 35890, 35903, 35933, 36101, 36102, 36104, 36106, 36301, 36302, 36573, 36895, 36918, 37206, 37207, 37245, 37258, 37471, 37532, 37535, 38002, 38004, 38005, 38006, 38194, 38217, 38265, 38295, 38491, 38492, 38617, 38695, 38897, 39026, 39075, 39077, 39088, 39111, 39122, 39124, 39149, 39242, 39245, 39316, 39340, 39519, 39842, 39843, 39892, 39962, 39985, 40241, 40257, 40331, 40423, 40695, 40843, 40982, 41369, 41711, 41732, 41734, 41782, 41843, 42068, 42073, 42087, 42127, 42129, 42324, 42405, 42408, 42481, 42491, 42783, 42828, 42873, 42897, 42937, 42938, 42939, 42944, 42974, 42976, 43073, 43242, 43700, 43715, 43716, 43719, 43818, 43821, 43838, 43841, 44144, 44146, 44613, 44648, 44841, 44876, 44880, 44924, 44925, 44949, 44951, 45507, 45550, 45758, 45805, 45806, 45991, 46226, 46730, 46766, 46926, 47281, 47541, 47892, 48062, 48063, 48077, 48140, 49414, 49545, 49553, 49785, 49786, 49787, 50852, 51024, 51076, 
rel: 1 k: 4 rho: 233.762 maxRV: 2, 3, 7, 9, 13, 15, 18, 20, 23, 29, 30, 34, 36, 44, 46, 47, 50, 61, 75, 80, 91, 92, 97, 101, 104, 105, 135, 137, 143, 146, 147, 153, 155, 157, 159, 170, 174, 175, 181, 189, 190, 191, 195, 199, 200, 207, 209, 210, 211, 212, 218, 229, 231, 246, 248, 252, 253, 256, 259, 262, 263, 267, 280, 281, 283, 298, 300, 317, 320, 324, 344, 348, 353, 378, 383, 384, 413, 415, 424, 427, 431, 449, 457, 518, 527, 568, 590, 598, 626, 639, 642, 647, 648, 650, 652, 661, 666, 679, 686, 712, 718, 719, 721, 722, 836, 853, 854, 878, 883, 950, 962, 965, 966, 967, 969, 970, 971, 974, 976, 978, 990, 1003, 1006, 1009, 1027, 1035, 1037, 1038, 1039, 1047, 1050, 1051, 1055, 1061, 1079, 1082, 1093, 1109, 1142, 1156, 1158, 1163, 1164, 1168, 1170, 1177, 1179, 1192, 1213, 1220, 1228, 1241, 1280, 1302, 1304, 1307, 1308, 1309, 1310, 1314, 1315, 1320, 1324, 1350, 1361, 1445, 1446, 1452, 1453, 1459, 1502, 1507, 1510, 1515, 1516, 1523, 1525, 1528, 1531, 1570, 1587, 1592, 1604, 1632, 1660, 1668, 1692, 1698, 1720, 1758, 1766, 1772, 1780, 1785, 1815, 1817, 1861, 1864, 1868, 1872, 1892, 1898, 1917, 1961, 1973, 1989, 1994, 1996, 2009, 2020, 2057, 2059, 2076, 2077, 2097, 2106, 2131, 2133, 2136, 2149, 2152, 2175, 2180, 2197, 2206, 2222, 2234, 2236, 2238, 2244, 2261, 2267, 2305, 2312, 2315, 2322, 2339, 2356, 2364, 2377, 2380, 2385, 2394, 2408, 2421, 2432, 2443, 2455, 2477, 2495, 2507, 2535, 2538, 2548, 2557, 2601, 2618, 2664, 2670, 2701, 2726, 2740, 2742, 2778, 2810, 2811, 2812, 2813, 2814, 2817, 2825, 2826, 2829, 2835, 2840, 2843, 2847, 2849, 2850, 2868, 2881, 2883, 2896, 2903, 2904, 2905, 2906, 2908, 2920, 2929, 2942, 2949, 2953, 2957, 2958, 2977, 2990, 2993, 2998, 3036, 3049, 3052, 3060, 3065, 3069, 3072, 3075, 3085, 3093, 3109, 3131, 3148, 3151, 3154, 3181, 3186, 3237, 3263, 3352, 3373, 3379, 3399, 3417, 3452, 3479, 3525, 3527, 3540, 3583, 3596, 3618, 3645, 3663, 3721, 3742, 3757, 3796, 3883, 3924, 3938, 3948, 3989, 4045, 4111, 4200, 4392, 4417, 4429, 4533, 4546, 4568, 4573, 4622, 4627, 4629, 4642, 4657, 4689, 4723, 4729, 4841, 4843, 4854, 4871, 4886, 4890, 4902, 4932, 4981, 4991, 5033, 5039, 5055, 5067, 5078, 5111, 5161, 5196, 5259, 5326, 5331, 5355, 5404, 5415, 5419, 5422, 5450, 5486, 5488, 5532, 5555, 5594, 5618, 5651, 5652, 5656, 5696, 5704, 5708, 5730, 5731, 5734, 5808, 5828, 5850, 5920, 5938, 5968, 5998, 6001, 6017, 6046, 6142, 6205, 6214, 6222, 6229, 6234, 6241, 6300, 6304, 6318, 6325, 6344, 6352, 6365, 6500, 6523, 6585, 6586, 6587, 6588, 6591, 6593, 6594, 6598, 6605, 6618, 6619, 6621, 6623, 6625, 6629, 6631, 6632, 6636, 6639, 6641, 6647, 6650, 6661, 6663, 6665, 6685, 6690, 6694, 6729, 6730, 6734, 6735, 6737, 6743, 6746, 6753, 6825, 6833, 6843, 6846, 6849, 6862, 6863, 6870, 6872, 6873, 6879, 6885, 6886, 6921, 6933, 6951, 6980, 7013, 7015, 7027, 7037, 7039, 7052, 7059, 7071, 7113, 7114, 7115, 7116, 7122, 7131, 7155, 7187, 7189, 7195, 7207, 7216, 7220, 7224, 7255, 7319, 7345, 7355, 7375, 7379, 7387, 7415, 7419, 7477, 7518, 7526, 7528, 7569, 7602, 7603, 7618, 7704, 7735, 7814, 7888, 7897, 7900, 7981, 8024, 8131, 8134, 8241, 8247, 8255, 8258, 8272, 8279, 8297, 8298, 8308, 8317, 8331, 8385, 8398, 8467, 8469, 8485, 8564, 8572, 8589, 8593, 8602, 8653, 8754, 8895, 8907, 8926, 8950, 9000, 9003, 9018, 9027, 9101, 9130, 9153, 9193, 9220, 9241, 9265, 9268, 9548, 9575, 9577, 9578, 9604, 9630, 9661, 9707, 9727, 9740, 9782, 9799, 9801, 9804, 9813, 9822, 9869, 9870, 9888, 9895, 9898, 10039, 10069, 10198, 10210, 10344, 10373, 10375, 10410, 10548, 10606, 10613, 10627, 10632, 10666, 10668, 10681, 10687, 10707, 10720, 10734, 10738, 10747, 10765, 10849, 10851, 10880, 10888, 10889, 10950, 10951, 10959, 10963, 11020, 11194, 11346, 11409, 11635, 11643, 11666, 11737, 11738, 11972, 12064, 12140, 12142, 12194, 12223, 12569, 12613, 12733, 12739, 12741, 12800, 12819, 12822, 12861, 12862, 12867, 12947, 12959, 12973, 12979, 12982, 13032, 13035, 13039, 13048, 13056, 13138, 13219, 13362, 13401, 13535, 13597, 13675, 13677, 13686, 13689, 13690, 13702, 13717, 13725, 13729, 13795, 13826, 13852, 13925, 13932, 13936, 13952, 13968, 14011, 14081, 14228, 14230, 14235, 14351, 14388, 14399, 14431, 14440, 14602, 14738, 14763, 14907, 15199, 15228, 15407, 16090, 16130, 16250, 16279, 16353, 16454, 16466, 17306, 17308, 17397, 17422, 17435, 17440, 17443, 17445, 17795, 17797, 17805, 17808, 17811, 17812, 17813, 17816, 17817, 17820, 17867, 17872, 17907, 17913, 17939, 17941, 17948, 17960, 18003, 18079, 18101, 18215, 18294, 18346, 18575, 18658, 19371, 19372, 19373, 19375, 19379, 19381, 19389, 19394, 19399, 19401, 19404, 19413, 19414, 19417, 19419, 19424, 19432, 19439, 19444, 19452, 19453, 19462, 19465, 19472, 20226, 20323, 20412, 20491, 20527, 21329, 21585, 21588, 21591, 21595, 21596, 21620, 22255, 22259, 22882, 23021, 23882, 23888, 23889, 23893, 23897, 23910, 23933, 23937, 23949, 23950, 23955, 23959, 24291, 25355, 25759, 26025, 26496, 27603, 27768, 29324, 29326, 29329, 30767, 31940, 32061, 32876, 33682, 36101, 36102, 36104, 36106, 36573, 39149, 39519, 40241, 46730, 46766, 
rel: 1 k: 5 rho: 86.4835 maxRV: 2, 3, 7, 13, 15, 18, 20, 29, 30, 36, 44, 47, 50, 61, 75, 80, 101, 104, 143, 146, 147, 153, 155, 157, 159, 170, 189, 191, 195, 200, 207, 209, 210, 212, 218, 229, 231, 246, 253, 256, 262, 263, 281, 283, 317, 324, 344, 348, 424, 449, 527, 626, 639, 648, 652, 661, 679, 686, 718, 719, 722, 836, 853, 878, 962, 969, 974, 978, 1003, 1006, 1027, 1035, 1037, 1038, 1039, 1047, 1050, 1051, 1055, 1061, 1082, 1093, 1142, 1156, 1158, 1163, 1164, 1168, 1177, 1179, 1213, 1220, 1280, 1304, 1308, 1309, 1310, 1314, 1324, 1445, 1446, 1452, 1453, 1502, 1531, 1587, 1632, 1692, 1772, 1785, 1815, 1864, 1868, 1872, 1892, 1961, 1973, 2009, 2020, 2057, 2059, 2077, 2106, 2133, 2149, 2175, 2244, 2267, 2339, 2380, 2408, 2432, 2443, 2455, 2495, 2548, 2601, 2701, 2810, 2811, 2812, 2815, 2817, 2825, 2829, 2835, 2840, 2847, 2849, 2850, 2868, 2881, 2883, 2892, 2896, 2903, 2904, 2905, 2906, 2917, 2920, 2942, 2949, 2953, 2958, 2990, 2993, 3036, 3060, 3065, 3072, 3093, 3109, 3154, 3181, 3186, 3352, 3583, 3596, 3757, 3796, 3883, 3938, 4045, 4533, 4546, 4902, 5033, 5055, 5404, 5594, 6300, 6325, 6585, 6586, 6587, 6588, 6590, 6591, 6593, 6594, 6598, 6605, 6618, 6619, 6623, 6625, 6629, 6632, 6636, 6639, 6647, 6650, 6661, 6663, 6665, 6685, 6690, 6694, 6729, 6734, 6735, 6737, 6746, 6753, 6825, 6833, 6843, 6849, 6863, 6870, 6872, 6873, 6907, 6921, 6933, 6951, 7015, 7039, 7071, 7114, 7115, 7155, 7216, 7220, 7255, 7319, 7355, 7387, 7415, 7419, 7526, 7602, 7603, 7814, 8131, 8241, 8247, 8467, 8469, 8924, 8926, 9018, 9182, 9241, 9577, 9604, 9707, 9740, 9869, 9870, 10198, 10373, 10380, 10410, 10606, 10610, 10613, 10627, 10653, 10666, 10668, 10681, 10685, 10707, 10720, 10734, 10747, 10765, 10849, 10880, 10959, 10963, 11020, 11666, 12668, 12800, 12982, 13219, 14351, 14431, 15199, 15228, 16130, 16361, 17308, 17907, 18003, 18215, 21585, 21588, 21591, 21595, 21596, 21620, 22255, 32061, 
rel: 1 k: 6 rho: 52.875 maxRV: 3, 7, 20, 30, 36, 75, 80, 143, 146, 147, 153, 155, 157, 159, 170, 174, 189, 191, 195, 207, 209, 210, 212, 218, 229, 231, 246, 253, 262, 263, 281, 283, 317, 344, 348, 424, 449, 626, 648, 652, 661, 679, 718, 719, 836, 853, 962, 974, 1003, 1077, 1082, 1093, 1156, 1164, 1168, 1179, 1213, 1308, 1324, 1445, 1446, 1452, 1453, 1502, 1692, 1864, 1868, 1961, 1973, 2020, 2059, 2106, 2133, 2149, 2244, 2380, 2811, 2812, 2814, 2815, 2817, 2821, 2825, 2829, 2835, 2840, 2847, 2849, 2850, 2881, 2883, 2892, 2894, 2896, 2904, 2905, 2906, 2908, 2917, 2919, 2920, 2929, 2948, 2953, 2958, 2990, 2993, 3036, 3060, 3065, 3072, 3093, 3109, 3154, 3181, 3186, 3222, 3596, 3757, 3796, 4045, 4546, 4902, 5594, 6325, 6585, 6587, 6590, 6591, 6593, 6594, 6598, 6605, 6609, 6618, 6619, 6623, 6625, 6629, 6632, 6636, 6639, 6647, 6663, 6665, 6685, 6690, 6694, 6729, 6734, 6746, 6753, 6782, 6833, 6843, 6849, 6872, 6907, 6913, 6921, 6929, 6933, 7015, 7039, 7115, 7155, 7216, 7220, 7602, 7603, 7814, 8130, 8247, 8467, 8480, 8485, 8924, 8926, 9241, 9577, 9740, 9869, 10198, 10344, 10355, 10356, 10357, 10373, 10375, 10376, 10380, 10398, 10404, 10410, 10414, 10457, 10606, 10610, 10612, 10613, 10620, 10621, 10627, 10632, 10635, 10637, 10640, 10642, 10644, 10652, 10653, 10655, 10662, 10663, 10666, 10668, 10681, 10682, 10684, 10685, 10687, 10707, 10710, 10712, 10720, 10725, 10732, 10734, 10741, 10747, 10748, 10755, 10765, 10768, 10773, 10775, 10778, 10805, 10809, 10810, 10849, 10880, 10959, 10963, 10974, 11020, 13219, 15228, 15856, 21588, 21590, 21591, 21595, 21620, 
rel: 1 k: 7 rho: 37.7243 maxRV: 3, 7, 36, 143, 146, 147, 155, 159, 170, 174, 207, 209, 212, 218, 229, 231, 246, 253, 262, 263, 281, 283, 317, 344, 348, 626, 652, 661, 679, 718, 719, 853, 1077, 1082, 1093, 1445, 1446, 1453, 1502, 1692, 1864, 1868, 1973, 2020, 2059, 2133, 2244, 2811, 2812, 2815, 2817, 2821, 2825, 2829, 2835, 2840, 2847, 2850, 2881, 2883, 2892, 2894, 2896, 2904, 2905, 2906, 2908, 2917, 2919, 2920, 2929, 2948, 2953, 2958, 2990, 2993, 3060, 3065, 3109, 3154, 3181, 3186, 3222, 3796, 4546, 6585, 6587, 6591, 6593, 6594, 6598, 6605, 6609, 6618, 6636, 6647, 6663, 6665, 6685, 6694, 6729, 6734, 6746, 6753, 6782, 6849, 6863, 6872, 6907, 6913, 6921, 6929, 6933, 7115, 7155, 7216, 7220, 7602, 7603, 8130, 8247, 8467, 8480, 8485, 9577, 10198, 10344, 10355, 10356, 10357, 10373, 10375, 10376, 10380, 10398, 10410, 10414, 10606, 10610, 10612, 10613, 10620, 10621, 10627, 10632, 10635, 10637, 10640, 10642, 10644, 10652, 10653, 10655, 10662, 10663, 10666, 10681, 10682, 10684, 10685, 10687, 10707, 10710, 10712, 10720, 10725, 10732, 10734, 10741, 10747, 10748, 10755, 10765, 10768, 10778, 10805, 10809, 10810, 10849, 10880, 10963, 11020, 
rel: 1 k: 8 rho: 29.8182 maxRV: 262, 281, 1077, 2811, 2812, 2815, 2821, 2825, 2829, 2850, 2881, 2892, 2894, 2896, 2904, 2908, 2917, 2919, 2929, 2948, 2953, 3222, 6609, 6782, 6907, 6913, 6921, 6929, 6933, 7155, 8130, 8467, 8485, 9577, 10344, 10355, 10356, 10357, 10373, 10375, 10376, 10380, 10398, 10410, 10414, 10610, 10612, 10620, 10621, 10632, 10635, 10637, 10640, 10642, 10644, 10652, 10655, 10662, 10663, 10682, 10684, 10685, 10687, 10710, 10712, 10725, 10741, 10748, 10768, 10778, 10805, 10809, 
rel: 1 k: 9 rho: 28.6342 maxRV: 262, 281, 1077, 2811, 2812, 2815, 2821, 2825, 2829, 2850, 2881, 2892, 2894, 2896, 2904, 2908, 2917, 2919, 2929, 2948, 2953, 6609, 6636, 6782, 6907, 6913, 6921, 6929, 6933, 7155, 8130, 8467, 8485, 9577, 10344, 10355, 10356, 10357, 10373, 10375, 10376, 10380, 10398, 10410, 10414, 10610, 10612, 10620, 10621, 10627, 10632, 10635, 10637, 10640, 10642, 10644, 10652, 10655, 10662, 10663, 10682, 10684, 10685, 10687, 10710, 10712, 10725, 10741, 10748, 10768, 10778, 10805, 
rel: 1 k: 10 rho: 26.2684 maxRV: 262, 281, 1077, 2811, 2812, 2815, 2821, 2825, 2829, 2850, 2881, 2892, 2896, 2904, 2908, 2917, 2919, 2929, 2948, 2953, 6609, 6782, 6907, 6913, 6921, 6933, 7155, 8130, 8467, 8485, 10344, 10355, 10356, 10357, 10373, 10375, 10376, 10380, 10398, 10410, 10414, 10610, 10612, 10620, 10621, 10627, 10632, 10635, 10637, 10640, 10642, 10644, 10652, 10655, 10662, 10663, 10682, 10684, 10685, 10710, 10712, 10720, 10725, 10748, 10768, 10778, 10805, 
rel: 1 k: 11 rho: 23.4743 maxRV: 281, 1077, 2811, 2812, 2815, 2821, 2825, 2829, 2850, 2881, 2892, 2896, 2904, 2919, 2929, 2948, 2953, 6609, 6907, 6913, 6921, 6933, 7155, 8467, 8485, 10344, 10356, 10357, 10373, 10375, 10376, 10380, 10398, 10410, 10414, 10606, 10610, 10612, 10620, 10621, 10627, 10632, 10635, 10637, 10640, 10642, 10644, 10652, 10655, 10662, 10663, 10682, 10684, 10685, 10710, 10712, 10725, 10748, 10768, 10778, 
rel: 1 k: 12 rho: 21.0302 maxRV: 262, 281, 1077, 2811, 2812, 2815, 2821, 2825, 2829, 2850, 2881, 2892, 2896, 2904, 2919, 2929, 2948, 2953, 6609, 6636, 6907, 6913, 6921, 6933, 8467, 10344, 10373, 10375, 10376, 10380, 10398, 10410, 10414, 10606, 10610, 10612, 10620, 10621, 10627, 10632, 10635, 10637, 10640, 10642, 10644, 10652, 10655, 10662, 10663, 10666, 10681, 10682, 10684, 10685, 10707, 10710, 10712, 10720, 10725, 10734, 10747, 10765, 10768, 
rel: 1 k: 13 rho: 19.657 maxRV: 262, 281, 1077, 2811, 2812, 2815, 2821, 2825, 2829, 2850, 2881, 2892, 2896, 2904, 2919, 2929, 2948, 2953, 6609, 6636, 6907, 6913, 6921, 6933, 8467, 10344, 10373, 10375, 10376, 10380, 10398, 10410, 10414, 10606, 10610, 10612, 10620, 10621, 10627, 10632, 10635, 10637, 10640, 10642, 10652, 10655, 10662, 10663, 10666, 10684, 10707, 10710, 10712, 10720, 10725, 10734, 10747, 10765, 10768, 
rel: 1 k: 14 rho: 16.8256 maxRV: 262, 2811, 2812, 2815, 2821, 2825, 2829, 2850, 2881, 2892, 2896, 2904, 2919, 2929, 2948, 2953, 6609, 6907, 6913, 6921, 6933, 8467, 10344, 10373, 10375, 10380, 10398, 10606, 10610, 10612, 10620, 10621, 10627, 10632, 10635, 10637, 10640, 10642, 10652, 10655, 10662, 10663, 10707, 10710, 10712, 10720, 10725, 10734, 10765, 10768, 
rel: 1 k: 15 rho: 10.8424 maxRV: 2811, 2815, 2892, 2904, 2919, 6609, 6913, 10344, 10373, 10398, 10610, 10612, 10620, 10621, 10632, 10635, 10637, 10640, 10642, 10652, 10655, 10662, 10663, 10710, 10712, 10725, 
rel: 1 k: 16 rho: 10.3652 maxRV: 2815, 2892, 2904, 2919, 6609, 6913, 10344, 10373, 10398, 10610, 10612, 10620, 10621, 10627, 10632, 10635, 10637, 10640, 10642, 10652, 10655, 10662, 10663, 10710, 10712, 
rel: 1 k: 17 rho: 10.2567 maxRV: 2811, 2815, 2892, 2904, 2919, 6609, 6913, 10344, 10373, 10398, 10610, 10612, 10620, 10621, 10627, 10632, 10635, 10637, 10640, 10642, 10652, 10655, 10662, 10663, 10710, 10712, 
rel: 1 k: 18 rho: 8.4316 maxRV: 2815, 2892, 2904, 2919, 6609, 6913, 10344, 10373, 10398, 10610, 10612, 10620, 10621, 10627, 10632, 10635, 10637, 10642, 10652, 10663, 10710, 
rel: 1 k: 19 rho: 7.39298 maxRV: 2811, 2815, 2892, 2904, 2919, 6609, 10344, 10373, 10398, 10610, 10612, 10620, 10621, 10627, 10632, 10635, 10637, 10642, 10652, 10663, 
rel: 1 k: 3 rho: 766.606 maxRV: 2, 3, 7, 9, 13, 15, 18, 20, 23, 29, 30, 34, 36, 43, 44, 46, 47, 50, 61, 64, 70, 75, 80, 84, 88, 91, 92, 95, 97, 101, 104, 105, 120, 135, 136, 137, 139, 142, 143, 146, 147, 153, 155, 157, 159, 162, 170, 174, 175, 176, 181, 189, 190, 191, 192, 195, 199, 200, 204, 207, 209, 210, 211, 212, 218, 225, 229, 231, 246, 248, 252, 253, 256, 259, 260, 262, 263, 267, 278, 280, 281, 283, 298, 300, 304, 306, 307, 309, 315, 317, 320, 321, 324, 325, 343, 344, 347, 348, 349, 353, 354, 368, 378, 381, 383, 384, 387, 407, 413, 415, 424, 427, 431, 436, 437, 445, 449, 455, 457, 470, 492, 502, 511, 512, 518, 527, 529, 531, 535, 558, 568, 576, 577, 590, 593, 597, 598, 599, 608, 609, 626, 639, 641, 642, 647, 648, 650, 652, 661, 666, 674, 679, 682, 684, 686, 696, 707, 711, 712, 714, 718, 719, 721, 722, 725, 735, 740, 767, 791, 792, 836, 853, 854, 875, 878, 879, 880, 881, 883, 893, 894, 908, 912, 921, 924, 950, 962, 965, 966, 967, 969, 970, 971, 974, 976, 978, 990, 992, 994, 997, 1003, 1006, 1009, 1020, 1027, 1032, 1035, 1036, 1037, 1038, 1039, 1042, 1047, 1050, 1051, 1052, 1055, 1061, 1077, 1079, 1082, 1093, 1109, 1122, 1123, 1124, 1126, 1133, 1142, 1150, 1156, 1158, 1162, 1163, 1164, 1168, 1170, 1177, 1179, 1192, 1210, 1213, 1220, 1226, 1228, 1230, 1236, 1239, 1240, 1241, 1243, 1255, 1256, 1258, 1260, 1263, 1265, 1267, 1270, 1271, 1280, 1302, 1304, 1307, 1308, 1309, 1310, 1313, 1314, 1315, 1320, 1324, 1335, 1350, 1351, 1356, 1358, 1359, 1361, 1393, 1412, 1414, 1416, 1417, 1419, 1430, 1435, 1436, 1445, 1446, 1452, 1453, 1458, 1459, 1489, 1490, 1491, 1496, 1502, 1504, 1505, 1507, 1510, 1512, 1515, 1516, 1521, 1523, 1525, 1528, 1531, 1545, 1554, 1566, 1570, 1583, 1587, 1592, 1604, 1632, 1639, 1659, 1660, 1662, 1665, 1668, 1670, 1673, 1676, 1692, 1698, 1710, 1715, 1720, 1725, 1729, 1730, 1732, 1748, 1752, 1758, 1759, 1760, 1766, 1769, 1772, 1780, 1781, 1785, 1798, 1801, 1803, 1815, 1816, 1817, 1818, 1820, 1845, 1859, 1861, 1862, 1864, 1866, 1867, 1868, 1871, 1872, 1879, 1892, 1898, 1905, 1917, 1947, 1954, 1961, 1973, 1986, 1989, 1994, 1996, 2009, 2020, 2024, 2025, 2030, 2037, 2039, 2042, 2046, 2057, 2058, 2059, 2066, 2075, 2076, 2077, 2081, 2087, 2090, 2093, 2096, 2097, 2103, 2106, 2131, 2133, 2136, 2149, 2152, 2156, 2157, 2173, 2175, 2180, 2187, 2197, 2199, 2201, 2206, 2222, 2225, 2231, 2232, 2234, 2235, 2236, 2237, 2238, 2242, 2244, 2247, 2252, 2259, 2261, 2266, 2267, 2275, 2282, 2288, 2299, 2305, 2308, 2311, 2312, 2313, 2315, 2317, 2318, 2321, 2322, 2324, 2328, 2334, 2338, 2339, 2341, 2356, 2364, 2369, 2377, 2380, 2383, 2385, 2387, 2391, 2394, 2396, 2397, 2406, 2408, 2411, 2421, 2428, 2432, 2443, 2455, 2460, 2463, 2467, 2475, 2477, 2478, 2484, 2495, 2497, 2503, 2507, 2510, 2519, 2529, 2531, 2532, 2533, 2535, 2538, 2545, 2548, 2554, 2556, 2557, 2561, 2566, 2580, 2601, 2608, 2613, 2617, 2618, 2623, 2626, 2630, 2635, 2639, 2641, 2659, 2660, 2664, 2670, 2680, 2690, 2696, 2700, 2701, 2713, 2720, 2724, 2726, 2738, 2740, 2742, 2761, 2778, 2791, 2804, 2810, 2811, 2812, 2813, 2814, 2817, 2821, 2825, 2826, 2829, 2835, 2837, 2840, 2841, 2843, 2847, 2849, 2850, 2868, 2871, 2881, 2883, 2887, 2888, 2896, 2901, 2903, 2904, 2905, 2906, 2908, 2917, 2919, 2920, 2921, 2929, 2933, 2942, 2944, 2949, 2953, 2957, 2958, 2977, 2990, 2993, 2998, 3004, 3029, 3036, 3045, 3049, 3052, 3060, 3063, 3065, 3069, 3072, 3075, 3081, 3085, 3093, 3096, 3097, 3108, 3109, 3111, 3112, 3131, 3139, 3145, 3148, 3151, 3154, 3180, 3181, 3186, 3193, 3220, 3222, 3239, 3247, 3251, 3256, 3259, 3263, 3284, 3294, 3305, 3314, 3328, 3337, 3342, 3349, 3350, 3351, 3352, 3357, 3368, 3373, 3379, 3380, 3384, 3385, 3389, 3398, 3399, 3405, 3406, 3417, 3427, 3430, 3456, 3477, 3479, 3495, 3511, 3523, 3525, 3527, 3540, 3566, 3580, 3583, 3596, 3618, 3626, 3631, 3635, 3645, 3655, 3663, 3680, 3687, 3689, 3692, 3703, 3706, 3721, 3732, 3733, 3742, 3744, 3750, 3753, 3757, 3773, 3781, 3786, 3796, 3806, 3818, 3846, 3861, 3871, 3873, 3880, 3883, 3889, 3905, 3914, 3920, 3924, 3932, 3938, 3941, 3946, 3948, 3949, 3950, 3977, 3979, 3985, 3989, 4015, 4028, 4045, 4057, 4065, 4069, 4086, 4096, 4111, 4112, 4129, 4140, 4166, 4172, 4181, 4190, 4197, 4200, 4201, 4203, 4218, 4271, 4283, 4297, 4305, 4313, 4320, 4325, 4332, 4334, 4380, 4381, 4382, 4383, 4392, 4403, 4406, 4417, 4426, 4429, 4433, 4449, 4471, 4474, 4512, 4533, 4546, 4568, 4573, 4583, 4611, 4616, 4617, 4618, 4622, 4627, 4629, 4632, 4642, 4653, 4657, 4658, 4659, 4660, 4669, 4673, 4689, 4690, 4696, 4700, 4710, 4711, 4723, 4728, 4729, 4740, 4767, 4784, 4791, 4825, 4826, 4841, 4843, 4845, 4854, 4863, 4867, 4871, 4878, 4881, 4885, 4886, 4887, 4890, 4902, 4932, 4973, 4981, 4986, 4991, 4993, 4994, 5033, 5036, 5039, 5049, 5055, 5056, 5067, 5078, 5085, 5094, 5101, 5104, 5108, 5111, 5132, 5150, 5152, 5161, 5163, 5196, 5202, 5210, 5215, 5220, 5252, 5254, 5259, 5285, 5287, 5291, 5321, 5325, 5326, 5331, 5339, 5343, 5355, 5376, 5380, 5395, 5398, 5404, 5415, 5419, 5421, 5422, 5425, 5439, 5442, 5443, 5450, 5465, 5486, 5488, 5518, 5532, 5544, 5555, 5578, 5579, 5591, 5594, 5595, 5598, 5604, 5618, 5627, 5634, 5637, 5643, 5651, 5652, 5653, 5656, 5658, 5663, 5664, 5665, 5676, 5693, 5696, 5704, 5705, 5708, 5710, 5719, 5720, 5721, 5729, 5730, 5731, 5733, 5734, 5737, 5740, 5753, 5754, 5756, 5758, 5760, 5768, 5769, 5773, 5774, 5778, 5797, 5801, 5803, 5808, 5809, 5819, 5821, 5828, 5842, 5844, 5850, 5852, 5853, 5858, 5859, 5871, 5896, 5920, 5938, 5950, 5963, 5966, 5968, 5973, 5981, 5982, 5988, 5992, 5993, 5995, 5998, 5999, 6001, 6011, 6017, 6018, 6021, 6035, 6046, 6054, 6055, 6097, 6104, 6107, 6115, 6118, 6125, 6134, 6142, 6154, 6180, 6187, 6192, 6194, 6198, 6199, 6205, 6214, 6222, 6226, 6227, 6228, 6229, 6232, 6234, 6240, 6241, 6244, 6249, 6263, 6264, 6265, 6269, 6275, 6280, 6288, 6300, 6303, 6304, 6310, 6318, 6321, 6325, 6327, 6335, 6336, 6344, 6345, 6346, 6352, 6365, 6368, 6391, 6406, 6410, 6417, 6437, 6440, 6442, 6468, 6473, 6487, 6490, 6500, 6523, 6580, 6585, 6586, 6587, 6588, 6590, 6591, 6593, 6594, 6598, 6599, 6605, 6618, 6619, 6621, 6623, 6625, 6629, 6631, 6632, 6636, 6639, 6641, 6647, 6650, 6661, 6662, 6663, 6665, 6672, 6679, 6685, 6690, 6691, 6692, 6694, 6699, 6710, 6729, 6730, 6734, 6735, 6737, 6740, 6741, 6743, 6746, 6753, 6774, 6782, 6785, 6804, 6805, 6825, 6828, 6833, 6843, 6845, 6846, 6847, 6848, 6849, 6862, 6870, 6872, 6873, 6879, 6885, 6886, 6887, 6893, 6897, 6907, 6918, 6921, 6933, 6951, 6955, 6957, 6961, 6980, 6988, 6991, 7013, 7015, 7026, 7027, 7030, 7032, 7037, 7039, 7052, 7059, 7071, 7082, 7087, 7093, 7113, 7114, 7115, 7116, 7118, 7122, 7127, 7131, 7148, 7155, 7174, 7183, 7187, 7189, 7195, 7196, 7199, 7202, 7203, 7207, 7216, 7220, 7224, 7255, 7257, 7259, 7278, 7281, 7302, 7314, 7317, 7319, 7324, 7335, 7345, 7355, 7356, 7359, 7364, 7365, 7373, 7374, 7375, 7379, 7383, 7384, 7385, 7387, 7396, 7410, 7415, 7419, 7422, 7424, 7425, 7426, 7435, 7445, 7449, 7469, 7477, 7479, 7490, 7513, 7518, 7523, 7526, 7528, 7534, 7549, 7553, 7555, 7569, 7575, 7582, 7602, 7603, 7604, 7610, 7618, 7642, 7647, 7656, 7657, 7665, 7670, 7673, 7683, 7685, 7699, 7702, 7703, 7704, 7710, 7711, 7712, 7715, 7723, 7735, 7738, 7751, 7785, 7790, 7791, 7797, 7798, 7803, 7814, 7818, 7824, 7825, 7836, 7843, 7855, 7865, 7870, 7887, 7888, 7897, 7898, 7900, 7924, 7928, 7930, 7932, 7940, 7942, 7945, 7948, 7951, 7960, 7967, 7981, 7984, 7987, 7992, 8005, 8016, 8021, 8024, 8027, 8046, 8057, 8060, 8081, 8107, 8127, 8130, 8131, 8134, 8139, 8140, 8150, 8162, 8170, 8179, 8187, 8194, 8197, 8198, 8204, 8212, 8214, 8216, 8217, 8228, 8238, 8241, 8247, 8255, 8258, 8265, 8272, 8279, 8293, 8297, 8298, 8303, 8308, 8315, 8317, 8331, 8360, 8366, 8380, 8385, 8391, 8398, 8408, 8422, 8434, 8452, 8467, 8469, 8485, 8487, 8493, 8494, 8503, 8531, 8544, 8553, 8564, 8572, 8589, 8593, 8602, 8604, 8625, 8653, 8715, 8716, 8724, 8726, 8728, 8754, 8761, 8799, 8800, 8820, 8840, 8874, 8880, 8885, 8895, 8896, 8903, 8904, 8907, 8911, 8915, 8924, 8925, 8926, 8933, 8949, 8950, 8951, 8952, 8965, 8971, 8972, 8973, 8974, 8977, 8983, 8989, 8996, 9000, 9001, 9003, 9009, 9017, 9018, 9025, 9027, 9028, 9044, 9058, 9062, 9065, 9069, 9070, 9073, 9083, 9089, 9101, 9118, 9120, 9121, 9125, 9130, 9142, 9151, 9153, 9165, 9175, 9184, 9198, 9220, 9225, 9240, 9241, 9244, 9252, 9253, 9261, 9264, 9265, 9268, 9282, 9284, 9285, 9326, 9332, 9381, 9384, 9389, 9396, 9398, 9408, 9416, 9485, 9497, 9501, 9503, 9504, 9515, 9523, 9531, 9532, 9534, 9542, 9546, 9548, 9561, 9568, 9575, 9577, 9578, 9580, 9587, 9604, 9605, 9611, 9622, 9630, 9661, 9684, 9700, 9704, 9707, 9712, 9716, 9717, 9727, 9738, 9740, 9746, 9749, 9764, 9765, 9767, 9782, 9799, 9801, 9803, 9804, 9813, 9817, 9822, 9834, 9869, 9870, 9872, 9876, 9887, 9888, 9895, 9898, 9903, 9911, 9919, 9951, 9973, 9982, 10039, 10067, 10069, 10082, 10084, 10103, 10116, 10131, 10135, 10175, 10186, 10198, 10210, 10240, 10341, 10344, 10355, 10356, 10373, 10375, 10380, 10408, 10410, 10411, 10414, 10415, 10420, 10442, 10445, 10450, 10457, 10469, 10477, 10491, 10495, 10543, 10548, 10550, 10606, 10610, 10613, 10619, 10621, 10627, 10632, 10642, 10653, 10655, 10666, 10668, 10681, 10685, 10687, 10707, 10718, 10720, 10734, 10738, 10741, 10747, 10765, 10767, 10809, 10849, 10851, 10880, 10888, 10889, 10892, 10950, 10951, 10959, 10962, 10963, 10964, 10975, 11007, 11009, 11020, 11047, 11065, 11087, 11104, 11122, 11123, 11176, 11194, 11215, 11221, 11233, 11240, 11243, 11268, 11333, 11346, 11382, 11409, 11422, 11439, 11457, 11477, 11487, 11549, 11563, 11571, 11629, 11635, 11643, 11652, 11655, 11666, 11675, 11676, 11680, 11730, 11737, 11738, 11746, 11765, 11783, 11813, 11840, 11846, 11855, 11873, 11875, 11912, 11920, 11928, 11950, 11954, 11972, 11983, 11996, 11998, 12001, 12012, 12025, 12028, 12042, 12064, 12071, 12098, 12109, 12121, 12123, 12124, 12126, 12140, 12141, 12142, 12194, 12209, 12215, 12218, 12220, 12223, 12233, 12247, 12268, 12298, 12317, 12330, 12337, 12343, 12348, 12378, 12422, 12425, 12444, 12459, 12463, 12468, 12479, 12480, 12481, 12520, 12545, 12569, 12613, 12645, 12651, 12658, 12671, 12693, 12694, 12732, 12733, 12736, 12739, 12741, 12753, 12756, 12784, 12788, 12800, 12808, 12819, 12822, 12829, 12830, 12833, 12839, 12842, 12844, 12849, 12861, 12862, 12867, 12890, 12896, 12906, 12932, 12936, 12947, 12959, 12973, 12979, 12982, 13005, 13014, 13018, 13032, 13035, 13039, 13048, 13056, 13084, 13138, 13139, 13177, 13219, 13332, 13350, 13356, 13359, 13362, 13401, 13416, 13433, 13436, 13466, 13480, 13535, 13540, 13552, 13580, 13596, 13597, 13633, 13640, 13654, 13675, 13677, 13686, 13689, 13690, 13699, 13702, 13717, 13725, 13730, 13768, 13770, 13795, 13812, 13819, 13826, 13852, 13907, 13925, 13932, 13933, 13936, 13948, 13952, 13968, 14011, 14013, 14015, 14025, 14033, 14059, 14077, 14081, 14088, 14090, 14099, 14101, 14122, 14125, 14137, 14174, 14219, 14226, 14228, 14230, 14235, 14251, 14253, 14258, 14265, 14269, 14294, 14312, 14322, 14325, 14346, 14351, 14379, 14388, 14399, 14401, 14404, 14413, 14426, 14431, 14440, 14489, 14490, 14535, 14537, 14540, 14563, 14573, 14579, 14595, 14602, 14608, 14610, 14612, 14615, 14616, 14619, 14628, 14738, 14763, 14770, 14781, 14782, 14783, 14792, 14798, 14812, 14815, 14836, 14852, 14866, 14896, 14897, 14901, 14907, 14921, 14924, 14937, 14947, 14963, 14980, 14981, 14986, 14988, 15039, 15159, 15199, 15224, 15228, 15229, 15251, 15302, 15305, 15349, 15394, 15407, 15511, 15546, 15668, 15704, 15716, 15723, 15724, 15727, 15738, 15741, 15791, 15792, 15800, 15839, 15948, 15995, 16055, 16090, 16103, 16108, 16120, 16130, 16132, 16138, 16142, 16156, 16166, 16171, 16199, 16202, 16207, 16237, 16244, 16250, 16264, 16279, 16291, 16333, 16340, 16341, 16353, 16366, 16428, 16449, 16454, 16466, 16485, 16499, 16573, 16574, 16622, 16625, 16654, 16723, 16738, 16754, 16761, 16762, 17052, 17071, 17096, 17121, 17128, 17129, 17137, 17213, 17226, 17231, 17276, 17306, 17308, 17394, 17397, 17398, 17422, 17435, 17438, 17440, 17443, 17445, 17458, 17467, 17487, 17597, 17605, 17608, 17616, 17625, 17657, 17672, 17795, 17796, 17797, 17798, 17805, 17806, 17808, 17811, 17812, 17813, 17816, 17817, 17820, 17823, 17835, 17867, 17872, 17873, 17876, 17907, 17913, 17939, 17941, 17942, 17947, 17948, 17960, 17980, 17981, 17982, 18002, 18003, 18006, 18019, 18037, 18038, 18039, 18047, 18070, 18079, 18099, 18101, 18113, 18133, 18141, 18146, 18166, 18208, 18215, 18241, 18272, 18275, 18280, 18294, 18311, 18315, 18346, 18408, 18417, 18419, 18467, 18516, 18529, 18540, 18557, 18569, 18575, 18626, 18627, 18658, 18748, 18785, 18798, 18852, 18867, 18936, 18945, 18959, 18962, 18992, 19010, 19153, 19159, 19174, 19183, 19189, 19208, 19224, 19240, 19310, 19363, 19369, 19371, 19372, 19373, 19374, 19375, 19379, 19381, 19386, 19389, 19394, 19399, 19401, 19404, 19413, 19414, 19415, 19417, 19419, 19424, 19432, 19439, 19440, 19444, 19452, 19453, 19459, 19462, 19465, 19472, 19478, 19488, 19497, 19504, 19512, 19589, 19598, 19707, 19714, 19721, 19735, 19756, 19777, 19780, 19795, 19820, 19876, 19903, 19908, 19916, 19920, 19922, 19923, 19951, 20030, 20068, 20070, 20077, 20078, 20089, 20129, 20157, 20171, 20173, 20175, 20182, 20183, 20184, 20188, 20194, 20196, 20200, 20201, 20203, 20209, 20211, 20212, 20226, 20248, 20278, 20279, 20292, 20321, 20323, 20355, 20363, 20364, 20376, 20381, 20384, 20412, 20418, 20424, 20425, 20433, 20450, 20491, 20492, 20494, 20505, 20527, 20562, 20587, 20594, 20679, 20700, 20749, 20818, 20947, 20966, 20967, 20982, 21032, 21038, 21043, 21061, 21072, 21121, 21194, 21238, 21329, 21397, 21398, 21408, 21414, 21420, 21422, 21533, 21570, 21577, 21585, 21588, 21591, 21595, 21596, 21620, 21622, 21644, 21666, 21688, 21698, 21699, 21701, 21702, 21705, 21726, 21772, 21918, 21919, 21958, 22071, 22100, 22230, 22255, 22259, 22264, 22541, 22545, 22612, 22656, 22664, 22778, 22822, 22827, 22832, 22843, 22882, 23034, 23077, 23114, 23142, 23160, 23226, 23248, 23331, 23346, 23355, 23356, 23366, 23372, 23458, 23498, 23502, 23613, 23620, 23630, 23633, 23659, 23671, 23689, 23725, 23729, 23774, 23780, 23835, 23842, 23875, 23877, 23882, 23888, 23889, 23892, 23893, 23897, 23904, 23910, 23923, 23927, 23928, 23933, 23937, 23945, 23949, 23950, 23951, 23954, 23955, 23959, 23995, 23999, 24085, 24091, 24121, 24289, 24291, 24336, 24400, 24404, 24509, 24512, 24513, 24515, 24563, 24564, 24567, 24568, 24593, 24595, 24605, 24606, 24610, 24611, 24618, 24629, 24632, 24636, 24637, 24638, 24656, 24712, 24753, 24931, 24956, 24959, 24964, 24969, 24978, 24998, 25005, 25007, 25022, 25025, 25026, 25029, 25042, 25043, 25044, 25069, 25254, 25255, 25256, 25268, 25305, 25355, 25405, 25585, 25589, 25611, 25612, 25759, 25762, 25810, 25817, 25862, 25876, 25878, 25930, 25974, 26025, 26059, 26138, 26140, 26144, 26233, 26256, 26312, 26358, 26387, 26392, 26474, 26477, 26490, 26496, 26498, 26539, 26566, 26582, 26643, 26644, 26646, 26722, 26884, 27024, 27197, 27199, 27211, 27217, 27255, 27303, 27321, 27333, 27338, 27339, 27477, 27564, 27588, 27589, 27603, 27618, 27631, 27648, 27683, 27709, 27710, 27768, 27774, 27799, 27847, 27864, 27868, 27895, 27914, 27947, 27982, 27991, 28006, 28020, 28029, 28144, 28165, 28168, 28173, 28176, 28236, 28335, 28338, 28461, 28480, 28482, 28575, 28577, 28580, 28616, 28621, 28714, 28729, 28775, 28783, 28858, 28859, 28860, 28902, 28905, 28909, 28910, 28915, 28917, 28919, 28940, 28953, 28959, 28974, 28975, 29003, 29018, 29062, 29118, 29130, 29161, 29179, 29217, 29223, 29248, 29290, 29318, 29319, 29324, 29326, 29328, 29329, 29388, 29437, 29535, 29539, 29541, 29554, 29596, 29602, 29604, 29608, 29613, 29615, 29619, 29644, 29779, 29791, 30003, 30005, 30006, 30367, 30372, 30385, 30393, 30395, 30418, 30455, 30457, 30521, 30548, 30549, 30644, 30652, 30690, 30712, 30713, 30767, 30908, 30945, 30999, 31004, 31005, 31016, 31017, 31131, 31155, 31258, 31302, 31421, 31473, 31525, 31572, 31626, 31628, 31633, 31660, 31662, 31709, 31720, 31734, 31742, 31828, 31830, 31840, 31850, 31905, 31940, 31951, 32015, 32038, 32059, 32061, 32077, 32187, 32189, 32217, 32220, 32222, 32371, 32396, 32402, 32439, 32514, 32526, 32747, 32751, 32795, 32827, 32875, 32876, 32878, 32996, 32999, 33004, 33073, 33158, 33328, 33330, 33333, 33398, 33465, 33474, 33488, 33595, 33598, 33617, 33682, 33747, 33749, 33796, 33877, 33941, 34086, 34147, 34182, 34287, 34312, 34313, 34394, 34458, 34503, 34565, 34807, 34811, 34886, 35119, 35213, 35530, 35531, 35532, 35599, 35735, 35828, 35890, 35903, 36101, 36102, 36104, 36106, 36301, 36302, 36573, 36895, 36918, 37206, 37207, 37258, 37471, 37532, 37535, 38002, 38004, 38005, 38006, 38194, 38217, 38255, 38295, 38617, 38695, 38897, 39026, 39075, 39077, 39088, 39111, 39122, 39124, 39149, 39200, 39316, 39340, 39519, 39842, 39843, 39892, 39962, 39985, 40241, 40257, 40331, 40423, 40843, 41369, 41711, 41782, 41843, 42068, 42073, 42087, 42324, 42405, 42408, 42481, 42491, 42783, 42828, 42873, 42897, 42937, 42938, 42939, 42944, 42974, 42976, 43073, 43242, 43700, 43715, 43716, 43719, 43818, 43821, 43838, 43841, 44144, 44146, 44613, 44648, 44841, 44876, 44880, 44924, 44925, 44949, 44951, 45507, 45550, 45758, 45805, 45806, 45991, 46226, 46730, 46766, 46926, 47281, 47541, 47892, 48062, 48063, 48077, 48140, 49414, 49545, 49553, 49785, 49786, 49787, 50852, 51024, 51076, 
rel: 1 k: 4 rho: 226.48 maxRV: 2, 3, 7, 9, 13, 15, 18, 20, 23, 29, 30, 34, 36, 44, 46, 47, 50, 61, 75, 80, 91, 92, 97, 101, 104, 105, 135, 137, 143, 146, 147, 153, 155, 157, 159, 170, 174, 175, 181, 189, 190, 191, 195, 199, 200, 207, 209, 210, 211, 212, 218, 229, 231, 246, 248, 252, 253, 256, 259, 262, 263, 267, 280, 281, 283, 298, 300, 317, 320, 324, 344, 348, 353, 378, 383, 384, 413, 415, 424, 431, 449, 457, 518, 527, 568, 590, 598, 626, 639, 642, 647, 648, 650, 652, 661, 666, 679, 686, 712, 718, 719, 721, 722, 836, 853, 854, 878, 883, 950, 962, 965, 966, 967, 969, 970, 971, 974, 976, 978, 990, 1003, 1006, 1009, 1027, 1035, 1037, 1038, 1039, 1047, 1050, 1051, 1055, 1061, 1077, 1079, 1082, 1093, 1109, 1142, 1156, 1158, 1163, 1164, 1168, 1170, 1177, 1179, 1192, 1213, 1220, 1228, 1241, 1280, 1302, 1304, 1307, 1308, 1309, 1310, 1314, 1315, 1320, 1324, 1350, 1361, 1445, 1446, 1452, 1453, 1459, 1502, 1507, 1510, 1515, 1516, 1523, 1525, 1528, 1531, 1570, 1587, 1592, 1604, 1632, 1660, 1668, 1692, 1698, 1720, 1758, 1766, 1772, 1780, 1785, 1815, 1817, 1861, 1864, 1868, 1872, 1892, 1898, 1917, 1961, 1973, 1989, 1994, 1996, 2009, 2020, 2057, 2059, 2076, 2077, 2097, 2106, 2131, 2133, 2136, 2149, 2152, 2175, 2180, 2197, 2206, 2222, 2234, 2236, 2238, 2244, 2261, 2267, 2305, 2312, 2315, 2322, 2339, 2356, 2364, 2377, 2380, 2385, 2394, 2408, 2421, 2432, 2443, 2455, 2477, 2495, 2507, 2535, 2538, 2548, 2557, 2601, 2618, 2664, 2670, 2701, 2726, 2740, 2742, 2778, 2810, 2811, 2812, 2813, 2814, 2815, 2817, 2821, 2825, 2826, 2829, 2835, 2840, 2843, 2847, 2849, 2850, 2868, 2881, 2883, 2892, 2894, 2896, 2903, 2904, 2905, 2906, 2908, 2917, 2919, 2920, 2929, 2942, 2948, 2949, 2953, 2957, 2958, 2977, 2990, 2993, 2998, 3036, 3049, 3052, 3060, 3065, 3069, 3072, 3075, 3085, 3093, 3109, 3131, 3148, 3151, 3154, 3181, 3186, 3222, 3263, 3352, 3373, 3379, 3399, 3417, 3419, 3438, 3479, 3525, 3527, 3540, 3583, 3596, 3618, 3645, 3663, 3721, 3742, 3757, 3796, 3883, 3924, 3938, 3948, 3989, 4045, 4111, 4200, 4392, 4417, 4429, 4533, 4546, 4568, 4573, 4622, 4627, 4629, 4642, 4657, 4689, 4723, 4729, 4841, 4843, 4854, 4871, 4886, 4890, 4902, 4932, 4981, 4991, 5033, 5039, 5055, 5067, 5078, 5111, 5161, 5196, 5259, 5326, 5331, 5355, 5404, 5419, 5422, 5450, 5486, 5532, 5555, 5594, 5618, 5651, 5652, 5656, 5696, 5704, 5708, 5730, 5731, 5734, 5808, 5828, 5850, 5920, 5938, 5968, 5998, 6001, 6017, 6046, 6142, 6205, 6214, 6222, 6229, 6234, 6241, 6300, 6304, 6318, 6325, 6344, 6352, 6365, 6500, 6523, 6585, 6586, 6587, 6588, 6591, 6593, 6594, 6598, 6605, 6618, 6619, 6621, 6623, 6625, 6629, 6631, 6632, 6636, 6639, 6641, 6647, 6650, 6661, 6663, 6665, 6685, 6690, 6694, 6729, 6730, 6734, 6735, 6737, 6743, 6746, 6753, 6782, 6825, 6833, 6843, 6846, 6849, 6862, 6863, 6870, 6872, 6873, 6879, 6885, 6886, 6907, 6921, 6929, 6933, 6951, 6980, 7013, 7015, 7027, 7037, 7039, 7052, 7059, 7071, 7113, 7114, 7115, 7116, 7122, 7131, 7155, 7187, 7189, 7195, 7207, 7216, 7220, 7224, 7255, 7319, 7345, 7355, 7375, 7379, 7387, 7415, 7419, 7477, 7518, 7526, 7528, 7569, 7602, 7603, 7618, 7704, 7735, 7814, 7888, 7897, 7900, 7981, 8024, 8130, 8131, 8134, 8241, 8247, 8255, 8258, 8272, 8279, 8297, 8298, 8308, 8317, 8331, 8385, 8398, 8467, 8469, 8480, 8485, 8493, 8564, 8572, 8589, 8593, 8602, 8653, 8754, 8895, 8907, 8924, 8926, 8950, 9000, 9003, 9018, 9027, 9101, 9130, 9153, 9241, 9265, 9268, 9548, 9575, 9577, 9578, 9604, 9630, 9661, 9707, 9727, 9740, 9782, 9799, 9801, 9804, 9813, 9822, 9869, 9870, 9888, 9895, 9898, 10039, 10069, 10198, 10210, 10344, 10355, 10356, 10357, 10358, 10360, 10373, 10375, 10376, 10380, 10410, 10420, 10430, 10442, 10457, 10548, 10606, 10610, 10612, 10613, 10619, 10621, 10623, 10627, 10632, 10637, 10653, 10666, 10668, 10671, 10681, 10685, 10687, 10707, 10713, 10718, 10720, 10732, 10734, 10738, 10744, 10747, 10765, 10768, 10775, 10809, 10849, 10851, 10880, 10888, 10889, 10950, 10951, 10959, 10963, 10964, 10975, 11009, 11020, 11194, 11310, 11346, 11409, 11635, 11643, 11666, 11737, 11738, 11972, 12064, 12140, 12142, 12194, 12223, 12569, 12613, 12733, 12739, 12741, 12800, 12819, 12822, 12861, 12862, 12867, 12947, 12959, 12973, 12979, 12982, 13032, 13035, 13039, 13048, 13056, 13117, 13138, 13219, 13362, 13401, 13535, 13597, 13675, 13677, 13686, 13689, 13690, 13702, 13717, 13725, 13826, 13852, 14011, 14081, 14228, 14230, 14235, 14351, 14388, 14399, 14431, 14440, 14738, 14763, 14907, 15199, 15228, 15407, 16090, 16130, 16250, 16279, 16353, 16454, 16466, 17306, 17308, 17397, 17422, 17435, 17440, 17443, 17445, 17795, 17797, 17805, 17808, 17811, 17812, 17813, 17816, 17817, 17820, 17867, 17872, 17907, 17913, 17939, 17941, 17948, 17960, 18003, 18079, 18101, 18215, 18294, 18346, 18575, 18658, 19371, 19372, 19373, 19375, 19379, 19381, 19389, 19394, 19399, 19401, 19404, 19413, 19414, 19417, 19419, 19424, 19432, 19439, 19444, 19452, 19453, 19462, 19465, 19472, 20226, 20323, 20412, 20491, 20527, 21329, 21585, 21588, 21591, 21595, 21596, 21620, 22255, 22259, 22882, 23021, 23882, 23888, 23889, 23893, 23897, 23910, 23933, 23937, 23949, 23950, 23955, 23959, 24291, 25355, 25759, 26025, 26042, 26496, 27603, 27768, 29324, 29326, 29329, 30767, 31940, 32061, 32876, 33682, 36101, 36102, 36104, 36106, 36573, 39149, 39519, 40241, 46730, 46766, 
rel: 1 k: 5 rho: 84.059 maxRV: 2, 3, 7, 13, 15, 18, 20, 29, 30, 36, 44, 47, 50, 61, 75, 80, 101, 104, 143, 146, 147, 153, 155, 157, 159, 170, 189, 191, 195, 200, 207, 209, 210, 212, 218, 229, 231, 246, 253, 256, 262, 263, 281, 283, 317, 324, 344, 348, 424, 449, 527, 626, 639, 648, 652, 661, 679, 686, 718, 719, 722, 836, 853, 878, 962, 969, 974, 978, 1003, 1006, 1027, 1035, 1037, 1038, 1039, 1047, 1050, 1051, 1055, 1061, 1077, 1082, 1093, 1142, 1156, 1158, 1163, 1164, 1168, 1177, 1179, 1213, 1220, 1280, 1304, 1308, 1309, 1310, 1314, 1324, 1445, 1446, 1452, 1453, 1502, 1531, 1587, 1632, 1692, 1772, 1785, 1815, 1864, 1868, 1872, 1892, 1961, 1973, 2009, 2020, 2057, 2059, 2077, 2106, 2133, 2149, 2175, 2244, 2267, 2339, 2380, 2408, 2432, 2443, 2455, 2495, 2548, 2601, 2701, 2810, 2811, 2812, 2814, 2815, 2817, 2821, 2825, 2829, 2835, 2840, 2847, 2849, 2850, 2868, 2881, 2883, 2892, 2894, 2896, 2903, 2904, 2905, 2906, 2908, 2917, 2920, 2929, 2942, 2948, 2949, 2953, 2958, 2990, 2993, 3036, 3060, 3065, 3072, 3093, 3109, 3154, 3181, 3186, 3222, 3352, 3419, 3583, 3596, 3757, 3796, 3883, 3938, 4045, 4533, 4546, 4902, 5033, 5055, 5404, 5594, 6300, 6325, 6585, 6586, 6587, 6588, 6590, 6591, 6593, 6594, 6598, 6605, 6618, 6619, 6623, 6625, 6629, 6632, 6636, 6639, 6647, 6650, 6661, 6663, 6665, 6685, 6690, 6694, 6729, 6734, 6735, 6737, 6746, 6753, 6782, 6825, 6833, 6843, 6849, 6863, 6870, 6872, 6873, 6907, 6913, 6921, 6929, 6933, 6951, 7015, 7039, 7071, 7114, 7115, 7155, 7216, 7220, 7255, 7319, 7355, 7387, 7415, 7419, 7526, 7602, 7603, 7814, 8130, 8131, 8241, 8247, 8467, 8469, 8480, 8924, 8926, 9018, 9182, 9241, 9577, 9604, 9707, 9740, 9869, 9870, 10198, 10344, 10355, 10356, 10357, 10360, 10373, 10375, 10376, 10380, 10401, 10410, 10414, 10420, 10422, 10430, 10442, 10457, 10606, 10607, 10610, 10612, 10613, 10619, 10620, 10621, 10623, 10627, 10637, 10653, 10666, 10668, 10681, 10685, 10687, 10707, 10720, 10734, 10744, 10747, 10765, 10775, 10809, 10849, 10880, 10959, 10963, 10964, 10974, 11020, 11310, 11666, 12668, 12800, 12982, 13219, 14351, 14431, 15199, 15228, 15856, 16130, 16361, 17308, 17907, 18003, 18215, 21585, 21588, 21591, 21595, 21596, 21620, 22255, 32061, 
rel: 1 k: 6 rho: 49.0272 maxRV: 3, 7, 20, 30, 36, 75, 80, 143, 146, 147, 153, 155, 157, 159, 170, 174, 189, 195, 207, 209, 210, 212, 218, 229, 231, 246, 253, 262, 263, 281, 283, 317, 348, 424, 449, 626, 648, 652, 661, 679, 718, 719, 836, 853, 962, 974, 1003, 1082, 1093, 1156, 1164, 1168, 1179, 1213, 1308, 1324, 1445, 1446, 1452, 1453, 1502, 1692, 1864, 1868, 1961, 1973, 2020, 2059, 2106, 2133, 2149, 2244, 2380, 2811, 2812, 2815, 2817, 2821, 2825, 2829, 2835, 2840, 2847, 2849, 2881, 2883, 2894, 2896, 2904, 2905, 2906, 2908, 2917, 2920, 2929, 2953, 2958, 2990, 2993, 3036, 3060, 3065, 3072, 3093, 3109, 3154, 3181, 3186, 3222, 3596, 3757, 3796, 4045, 4546, 4902, 5594, 6325, 6585, 6587, 6590, 6591, 6593, 6594, 6598, 6605, 6618, 6619, 6623, 6625, 6629, 6632, 6636, 6639, 6647, 6663, 6665, 6685, 6690, 6694, 6729, 6734, 6746, 6753, 6782, 6833, 6843, 6849, 6872, 6907, 6921, 6933, 7015, 7039, 7115, 7155, 7216, 7220, 7602, 7603, 7814, 8247, 8467, 8924, 8926, 9241, 9577, 9740, 9869, 10198, 10373, 10375, 10376, 10380, 10606, 10612, 10613, 10620, 10621, 10627, 10652, 10653, 10666, 10668, 10681, 10685, 10687, 10707, 10720, 10734, 10747, 10765, 10849, 10880, 10959, 10963, 11020, 13219, 15228, 15856, 21588, 21591, 21595, 21620, 
rel: 1 k: 7 rho: 37.7243 maxRV: 3, 7, 36, 143, 146, 147, 155, 159, 170, 174, 207, 209, 212, 218, 229, 231, 246, 253, 262, 263, 281, 283, 317, 344, 348, 626, 652, 661, 679, 718, 719, 853, 1077, 1082, 1093, 1445, 1446, 1453, 1502, 1692, 1864, 1868, 1973, 2020, 2059, 2133, 2244, 2811, 2812, 2815, 2817, 2821, 2825, 2829, 2835, 2840, 2847, 2850, 2881, 2883, 2892, 2894, 2896, 2904, 2905, 2906, 2908, 2917, 2919, 2920, 2929, 2948, 2953, 2958, 2990, 2993, 3060, 3065, 3109, 3154, 3181, 3186, 3222, 3796, 4546, 6585, 6587, 6591, 6593, 6594, 6598, 6605, 6609, 6618, 6636, 6647, 6663, 6665, 6685, 6694, 6729, 6734, 6746, 6753, 6782, 6849, 6863, 6872, 6907, 6913, 6921, 6929, 6933, 7115, 7155, 7216, 7220, 7602, 7603, 8130, 8247, 8467, 8480, 8485, 9577, 10198, 10344, 10355, 10356, 10357, 10373, 10375, 10376, 10380, 10398, 10410, 10414, 10606, 10610, 10612, 10613, 10620, 10621, 10627, 10632, 10635, 10637, 10640, 10642, 10644, 10652, 10653, 10655, 10662, 10663, 10666, 10681, 10682, 10684, 10685, 10687, 10707, 10710, 10712, 10720, 10725, 10732, 10734, 10741, 10747, 10748, 10755, 10765, 10768, 10778, 10805, 10809, 10810, 10849, 10880, 10963, 11020, 
rel: 1 k: 8 rho: 30.2083 maxRV: 262, 281, 1077, 2811, 2812, 2815, 2821, 2825, 2829, 2850, 2881, 2892, 2894, 2896, 2904, 2908, 2917, 2919, 2929, 2948, 2953, 3222, 6609, 6782, 6907, 6913, 6929, 6933, 7155, 8130, 8467, 8485, 9577, 10344, 10355, 10356, 10357, 10375, 10376, 10380, 10398, 10410, 10414, 10610, 10612, 10620, 10621, 10627, 10632, 10635, 10637, 10640, 10642, 10644, 10652, 10655, 10662, 10663, 10682, 10684, 10685, 10687, 10710, 10712, 10725, 10741, 10748, 10768, 10778, 10805, 10809, 
rel: 1 k: 9 rho: 28.4537 maxRV: 262, 281, 1077, 2811, 2812, 2815, 2821, 2825, 2829, 2850, 2881, 2892, 2894, 2896, 2904, 2908, 2917, 2919, 2929, 2948, 2953, 6609, 6636, 6782, 6907, 6913, 6921, 6929, 6933, 7155, 8130, 8467, 8485, 9577, 10198, 10344, 10355, 10356, 10357, 10373, 10375, 10376, 10380, 10398, 10410, 10414, 10606, 10610, 10612, 10620, 10621, 10627, 10632, 10635, 10637, 10640, 10642, 10644, 10652, 10655, 10662, 10663, 10666, 10681, 10682, 10684, 10685, 10687, 10707, 10710, 10712, 10720, 10725, 10734, 10741, 10747, 10748, 10765, 10768, 10778, 10805, 
rel: 1 k: 10 rho: 26.2025 maxRV: 262, 281, 1077, 2811, 2812, 2815, 2821, 2825, 2829, 2850, 2881, 2892, 2896, 2904, 2908, 2917, 2919, 2929, 2948, 2953, 6609, 6636, 6782, 6907, 6913, 6921, 6933, 7155, 8130, 8467, 8485, 10344, 10355, 10356, 10357, 10373, 10375, 10376, 10380, 10398, 10410, 10414, 10610, 10612, 10620, 10621, 10627, 10632, 10635, 10637, 10640, 10642, 10644, 10652, 10655, 10662, 10663, 10682, 10684, 10685, 10710, 10712, 10720, 10725, 10748, 10768, 10778, 10805, 
rel: 1 k: 11 rho: 23.3571 maxRV: 262, 281, 1077, 2811, 2812, 2815, 2821, 2825, 2829, 2850, 2881, 2892, 2896, 2904, 2919, 2929, 2948, 2953, 6609, 6636, 6907, 6913, 6921, 6933, 7155, 8467, 8485, 10344, 10356, 10357, 10373, 10375, 10376, 10380, 10398, 10410, 10414, 10606, 10610, 10612, 10620, 10621, 10627, 10632, 10635, 10637, 10640, 10642, 10644, 10652, 10655, 10662, 10663, 10682, 10684, 10685, 10710, 10712, 10725, 10748, 10768, 10778, 
rel: 1 k: 12 rho: 20.9063 maxRV: 262, 281, 1077, 2811, 2812, 2815, 2821, 2825, 2829, 2850, 2881, 2892, 2896, 2904, 2919, 2929, 2948, 2953, 6609, 6636, 6907, 6913, 6921, 6933, 8467, 10344, 10373, 10375, 10376, 10380, 10398, 10410, 10414, 10610, 10612, 10620, 10621, 10632, 10635, 10637, 10640, 10642, 10644, 10652, 10655, 10662, 10663, 10682, 10684, 10685, 10710, 10712, 10725, 10768, 
rel: 1 k: 13 rho: 19.5142 maxRV: 262, 281, 1077, 2811, 2812, 2815, 2821, 2825, 2829, 2850, 2881, 2892, 2896, 2904, 2919, 2929, 2948, 2953, 6609, 6636, 6907, 6913, 6921, 6933, 8467, 10344, 10373, 10375, 10376, 10380, 10398, 10410, 10414, 10610, 10612, 10620, 10621, 10632, 10635, 10637, 10640, 10642, 10652, 10655, 10662, 10663, 10684, 10710, 10712, 10725, 10768, 
rel: 1 k: 14 rho: 16.8256 maxRV: 262, 2811, 2812, 2815, 2821, 2825, 2829, 2850, 2881, 2892, 2896, 2904, 2919, 2929, 2948, 2953, 6609, 6907, 6913, 6921, 6933, 8467, 10344, 10373, 10375, 10380, 10398, 10606, 10610, 10612, 10620, 10621, 10627, 10632, 10635, 10637, 10640, 10642, 10652, 10655, 10662, 10663, 10707, 10710, 10712, 10720, 10725, 10734, 10765, 10768, 
rel: 1 k: 15 rho: 10.8424 maxRV: 2811, 2815, 2892, 2904, 2919, 6609, 6913, 10344, 10373, 10398, 10610, 10612, 10620, 10621, 10632, 10635, 10637, 10640, 10642, 10652, 10655, 10662, 10663, 10710, 10712, 10725, 
rel: 1 k: 16 rho: 10.3652 maxRV: 2815, 2892, 2904, 2919, 6609, 6913, 10344, 10373, 10398, 10610, 10612, 10620, 10621, 10627, 10632, 10635, 10637, 10640, 10642, 10652, 10655, 10662, 10663, 10710, 10712, 
rel: 1 k: 17 rho: 10.2567 maxRV: 2811, 2815, 2892, 2904, 2919, 6609, 6913, 10344, 10373, 10398, 10610, 10612, 10620, 10621, 10627, 10632, 10635, 10637, 10640, 10642, 10652, 10655, 10662, 10663, 10710, 10712, 
rel: 1 k: 18 rho: 8.4316 maxRV: 2815, 2892, 2904, 2919, 6609, 6913, 10344, 10373, 10398, 10610, 10612, 10620, 10621, 10627, 10632, 10635, 10637, 10642, 10652, 10663, 10710, 
rel: 1 k: 19 rho: 7.39298 maxRV: 2811, 2815, 2892, 2904, 2919, 6609, 10344, 10373, 10398, 10610, 10612, 10620, 10621, 10627, 10632, 10635, 10637, 10642, 10652, 10663, 
query: 91
Construct Successful.
query: 92
Construct Successful.
query: 93
Construct Successful.
rel: 1 k: 11 rho: 6.53412 maxRV: 0, 1, 2, 3, 4, 5, 6, 7, 8, 9, 10, 11, 12, 13, 14, 15, 16, 17, 18, 
rel: 1 k: 10 rho: 12.9194 maxRV: 0, 1, 2, 3, 4, 5, 6, 7, 8, 9, 10, 11, 12, 13, 14, 15, 16, 17, 18, 19, 20, 21, 22, 23, 24, 25, 26, 27, 28, 29, 30, 31, 32, 33, 34, 35, 36, 37, 38, 
rel: 1 k: 9 rho: 14.3392 maxRV: 0, 1, 2, 3, 4, 5, 6, 7, 8, 9, 10, 11, 12, 13, 14, 15, 16, 17, 18, 19, 20, 21, 22, 23, 24, 25, 26, 27, 28, 29, 30, 31, 32, 33, 34, 35, 36, 37, 38, 39, 40, 41, 42, 43, 44, 
rel: 1 k: 8 rho: 15.9807 maxRV: 0, 1, 2, 3, 4, 5, 6, 7, 8, 9, 10, 11, 12, 13, 14, 15, 16, 17, 18, 19, 20, 21, 22, 23, 24, 25, 26, 27, 28, 29, 30, 31, 32, 33, 34, 35, 36, 37, 38, 39, 40, 41, 42, 43, 44, 45, 54, 55, 56, 
rel: 1 k: 7 rho: 18.166 maxRV: 0, 1, 2, 3, 4, 5, 6, 7, 8, 9, 10, 11, 12, 13, 14, 15, 16, 17, 18, 19, 20, 21, 22, 23, 24, 25, 26, 27, 28, 29, 30, 31, 32, 33, 34, 35, 36, 37, 38, 39, 41, 42, 43, 44, 45, 54, 55, 56, 57, 58, 59, 60, 61, 
rel: 1 k: 6 rho: 20.466 maxRV: 0, 2, 3, 4, 5, 8, 9, 10, 11, 12, 13, 14, 15, 16, 17, 18, 19, 20, 21, 22, 23, 24, 25, 26, 27, 28, 29, 30, 31, 32, 33, 34, 35, 37, 38, 39, 41, 42, 45, 54, 55, 56, 57, 58, 59, 60, 61, 73, 74, 75, 76, 77, 
rel: 1 k: 5 rho: 22.2882 maxRV: 0, 1, 2, 3, 4, 5, 6, 7, 8, 9, 10, 11, 12, 13, 14, 15, 16, 17, 18, 19, 20, 21, 22, 23, 24, 25, 26, 27, 28, 29, 30, 31, 32, 33, 34, 35, 36, 37, 38, 39, 40, 41, 42, 43, 44, 45, 54, 55, 56, 57, 58, 59, 60, 61, 73, 74, 75, 76, 77, 93, 94, 95, 96, 97, 103, 132, 
rel: 1 k: 4 rho: 33.2663 maxRV: 0, 1, 2, 3, 4, 5, 6, 7, 8, 9, 10, 11, 12, 13, 14, 15, 16, 17, 18, 19, 20, 21, 22, 23, 24, 25, 26, 27, 28, 29, 30, 31, 32, 33, 34, 35, 36, 37, 38, 39, 40, 41, 42, 43, 44, 45, 46, 47, 48, 49, 50, 51, 52, 53, 54, 55, 56, 57, 58, 59, 60, 61, 62, 71, 72, 73, 74, 75, 76, 77, 78, 79, 80, 93, 94, 95, 96, 97, 98, 99, 100, 101, 102, 103, 125, 126, 132, 133, 134, 135, 136, 137, 138, 139, 140, 165, 166, 167, 168, 174, 175, 176, 177, 178, 201, 202, 210, 211, 212, 213, 214, 215, 216, 217, 218, 219, 220, 221, 222, 223, 224, 225, 226, 228, 229, 230, 257, 258, 259, 260, 265, 266, 276, 277, 278, 279, 280, 281, 282, 283, 284, 285, 286, 287, 288, 289, 290, 291, 297, 298, 322, 323, 345, 346, 
rel: 1 k: 3 rho: 179.318 maxRV: 1, 6, 7, 10, 16, 19, 21, 22, 23, 26, 29, 31, 32, 33, 34, 36, 40, 43, 44, 46, 47, 48, 49, 50, 51, 52, 53, 62, 71, 72, 73, 78, 79, 80, 88, 89, 90, 91, 92, 95, 96, 98, 99, 100, 101, 102, 103, 104, 105, 106, 107, 108, 109, 110, 111, 112, 113, 114, 125, 126, 127, 129, 130, 133, 134, 135, 136, 137, 138, 139, 140, 165, 166, 167, 168, 176, 177, 180, 181, 182, 183, 184, 185, 186, 187, 188, 189, 190, 192, 193, 194, 195, 196, 202, 203, 204, 205, 212, 214, 217, 219, 223, 224, 225, 226, 227, 231, 232, 233, 234, 235, 236, 237, 238, 239, 240, 241, 242, 243, 246, 247, 248, 249, 257, 258, 259, 260, 261, 262, 263, 264, 265, 266, 269, 270, 273, 274, 275, 276, 277, 278, 279, 280, 281, 282, 283, 284, 285, 286, 287, 288, 289, 290, 291, 292, 293, 294, 295, 296, 310, 312, 313, 315, 316, 317, 318, 319, 320, 321, 324, 325, 326, 327, 328, 329, 330, 331, 332, 333, 334, 335, 336, 337, 338, 339, 340, 341, 342, 343, 344, 345, 360, 361, 362, 363, 364, 365, 366, 367, 368, 369, 371, 380, 381, 382, 383, 384, 385, 389, 390, 391, 406, 407, 408, 409, 410, 411, 412, 413, 414, 415, 416, 417, 418, 423, 424, 425, 426, 427, 428, 429, 441, 442, 443, 444, 445, 447, 453, 454, 455, 456, 457, 458, 459, 460, 461, 462, 463, 464, 465, 466, 467, 468, 469, 470, 471, 473, 474, 475, 476, 477, 478, 479, 480, 481, 482, 483, 484, 485, 486, 489, 490, 491, 492, 493, 494, 495, 496, 497, 498, 509, 511, 515, 516, 524, 525, 529, 530, 531, 532, 533, 534, 535, 536, 537, 538, 539, 540, 541, 542, 543, 544, 545, 546, 547, 548, 549, 550, 551, 552, 553, 554, 555, 556, 557, 558, 560, 561, 562, 564, 565, 566, 567, 568, 569, 570, 571, 572, 573, 574, 575, 576, 577, 578, 579, 580, 581, 583, 584, 585, 586, 587, 588, 589, 590, 591, 592, 593, 594, 595, 596, 597, 598, 599, 603, 604, 605, 606, 607, 608, 609, 610, 611, 612, 613, 614, 615, 616, 617, 618, 623, 624, 625, 626, 627, 628, 629, 630, 631, 632, 633, 645, 646, 653, 654, 655, 656, 657, 658, 659, 660, 661, 662, 663, 669, 670, 674, 675, 676, 677, 678, 679, 680, 681, 682, 683, 684, 685, 686, 687, 688, 689, 692, 693, 694, 695, 696, 698, 699, 703, 704, 706, 710, 711, 712, 713, 714, 715, 716, 717, 721, 722, 723, 724, 725, 726, 727, 728, 729, 730, 731, 732, 733, 734, 735, 736, 737, 738, 739, 740, 741, 742, 743, 744, 745, 746, 747, 748, 749, 750, 751, 752, 753, 754, 755, 756, 757, 758, 759, 760, 761, 762, 763, 764, 765, 766, 767, 768, 772, 773, 774, 775, 776, 777, 779, 817, 818, 819, 820, 821, 822, 823, 824, 825, 834, 836, 837, 838, 839, 840, 841, 842, 843, 844, 845, 846, 847, 848, 849, 850, 854, 855, 856, 857, 858, 863, 864, 865, 866, 867, 868, 869, 870, 871, 884, 885, 886, 887, 888, 889, 890, 897, 898, 899, 900, 901, 902, 903, 904, 905, 906, 910, 911, 912, 913, 914, 915, 916, 929, 930, 931, 932, 933, 934, 935, 936, 937, 938, 939, 940, 941, 942, 948, 949, 950, 951, 952, 953, 954, 955, 956, 957, 969, 970, 974, 975, 976, 982, 989, 990, 991, 992, 995, 996, 1002, 1003, 1004, 1005, 1006, 1007, 1008, 1012, 1013, 1014, 1015, 1016, 1018, 1019, 1020, 1021, 1024, 1025, 1026, 1027, 1032, 1033, 1034, 1035, 1039, 1041, 1042, 1043, 1044, 1049, 1050, 1051, 1052, 1053, 1055, 1062, 1064, 1065, 1067, 1068, 1069, 1071, 1072, 1079, 1083, 1084, 1085, 1086, 1089, 1091, 1092, 1093, 1094, 1095, 1102, 1112, 1113, 1117, 1118, 1119, 1123, 1124, 
rel: 1 k: 3 rho: 178.906 maxRV: 20, 62, 80, 118, 146, 147, 153, 157, 170, 174, 176, 181, 183, 195, 202, 209, 210, 214, 229, 253, 262, 263, 280, 283, 304, 315, 319, 332, 341, 349, 353, 354, 387, 404, 413, 415, 427, 433, 436, 457, 489, 505, 568, 598, 626, 650, 663, 666, 686, 719, 736, 749, 833, 853, 969, 970, 981, 989, 1035, 1048, 1049, 1059, 1071, 1076, 1080, 1082, 1156, 1160, 1168, 1171, 1177, 1179, 1220, 1228, 1239, 1248, 1309, 1310, 1335, 1358, 1362, 1366, 1429, 1452, 1498, 1505, 1510, 1511, 1524, 1536, 1540, 1542, 1546, 1578, 1662, 1692, 1702, 1721, 1730, 1742, 1762, 1780, 1798, 1817, 1820, 1879, 1917, 1921, 1964, 1968, 1984, 1996, 1998, 2011, 2020, 2026, 2029, 2036, 2041, 2045, 2057, 2093, 2096, 2136, 2168, 2180, 2199, 2207, 2227, 2232, 2236, 2242, 2250, 2273, 2284, 2313, 2322, 2339, 2368, 2374, 2386, 2387, 2394, 2455, 2507, 2553, 2619, 2642, 2684, 2701, 2745, 2767, 2810, 2811, 2812, 2820, 2841, 2868, 2896, 2907, 2922, 2941, 2970, 3032, 3063, 3065, 3069, 3080, 3085, 3096, 3111, 3112, 3113, 3158, 3179, 3186, 3193, 3256, 3284, 3295, 3342, 3350, 3379, 3417, 3515, 3517, 3527, 3531, 3540, 3563, 3574, 3583, 3635, 3662, 3682, 3713, 3733, 3801, 3825, 3826, 3882, 3908, 3941, 4045, 4412, 4443, 4471, 4495, 4546, 4659, 4683, 4695, 4696, 4711, 4722, 4770, 4802, 4871, 4887, 4932, 4973, 4996, 5025, 5026, 5028, 5033, 5045, 5053, 5055, 5058, 5161, 5259, 5326, 5393, 5404, 5418, 5419, 5421, 5424, 5425, 5436, 5443, 5486, 5532, 5538, 5595, 5604, 5635, 5641, 5656, 5668, 5679, 5693, 5698, 5708, 5731, 5737, 5738, 5744, 5756, 5763, 5798, 5799, 5844, 5858, 5868, 5920, 5932, 5955, 5964, 5967, 5981, 5992, 6001, 6017, 6055, 6104, 6118, 6127, 6136, 6168, 6192, 6199, 6205, 6214, 6217, 6265, 6318, 6325, 6328, 6346, 6442, 6500, 6584, 6585, 6588, 6596, 6599, 6612, 6618, 6636, 6641, 6735, 6737, 6743, 6747, 6758, 6776, 6815, 6833, 6843, 6847, 6862, 6864, 6872, 6879, 6885, 6907, 6948, 6955, 6991, 7030, 7052, 7122, 7174, 7216, 7306, 7312, 7317, 7353, 7362, 7385, 7392, 7410, 7419, 7426, 7442, 7443, 7449, 7459, 7467, 7470, 7513, 7523, 7546, 7548, 7569, 7579, 7618, 7636, 7703, 7814, 7822, 7852, 7981, 7984, 8020, 8070, 8169, 8194, 8197, 8216, 8272, 8283, 8380, 8434, 8467, 8469, 8520, 8542, 8653, 8820, 8868, 8895, 8898, 8911, 8916, 8967, 8971, 8983, 9044, 9134, 9142, 9151, 9153, 9154, 9197, 9209, 9253, 9322, 9332, 9394, 9402, 9419, 9473, 9577, 9593, 9659, 9663, 9707, 9736, 9744, 9749, 9762, 9764, 9765, 9876, 9878, 10069, 10084, 10131, 10431, 10467, 10599, 10635, 10649, 10659, 10666, 10693, 10707, 10734, 10765, 10959, 10964, 11044, 11104, 11243, 11310, 11322, 11346, 11393, 11434, 11563, 11817, 11913, 11996, 12200, 12261, 12268, 12303, 12331, 12333, 12343, 12384, 12404, 12424, 12467, 12468, 12477, 12479, 12569, 12571, 12586, 12668, 12732, 12736, 12784, 12819, 12844, 12979, 13023, 13026, 13048, 13062, 13084, 13138, 13210, 13329, 13453, 13689, 13691, 13698, 13702, 13717, 13762, 13798, 13826, 13916, 13919, 13925, 13968, 13971, 14024, 14036, 14081, 14099, 14101, 14113, 14345, 14348, 14388, 14399, 14402, 14465, 14540, 14546, 14549, 14615, 14649, 14758, 14798, 14817, 14866, 14907, 15019, 15021, 15051, 15307, 15321, 15429, 15435, 15453, 15471, 15493, 15659, 15716, 15815, 15856, 16108, 16341, 16345, 16353, 16573, 16654, 17213, 17224, 17231, 17300, 17324, 17355, 17805, 17812, 17813, 17876, 17910, 17915, 17939, 18101, 18222, 18324, 18474, 18530, 18692, 18959, 19224, 19413, 19675, 19678, 19787, 20129, 20412, 20424, 20496, 20497, 20527, 20650, 21398, 21772, 21896, 21918, 22295, 22307, 22843, 22858, 22860, 23153, 23346, 23452, 23755, 23764, 23774, 23780, 23875, 23929, 23933, 23937, 23950, 23959, 24033, 24186, 24351, 24425, 25063, 25227, 25355, 25759, 25828, 25951, 26425, 26507, 26797, 27324, 27338, 27895, 27982, 28431, 29130, 29320, 29685, 29687, 29691, 29732, 29735, 29976, 30385, 30580, 30689, 30747, 30775, 30945, 31386, 31542, 31543, 31626, 31629, 31761, 31904, 32217, 32220, 32795, 32875, 33036, 33229, 33337, 33682, 33763, 34211, 34394, 34398, 34811, 35823, 35828, 36573, 37803, 38908, 39026, 39075, 40237, 41031, 41859, 42125, 42126, 42127, 42631, 44497, 44502, 46242, 49553, 
rel: 1 k: 4 rho: 33.2663 maxRV: 146, 147, 157, 170, 209, 214, 229, 253, 262, 263, 283, 341, 626, 638, 719, 736, 833, 853, 1071, 1076, 1082, 1692, 1964, 2020, 2041, 2168, 2810, 2811, 2812, 2814, 2815, 2820, 2821, 2825, 2829, 2892, 2896, 2904, 2913, 2922, 2970, 2975, 3032, 3065, 3080, 3158, 3179, 3186, 3419, 3682, 3882, 4045, 4546, 5404, 6325, 6584, 6585, 6596, 6618, 6636, 6641, 6735, 6758, 6843, 6864, 6872, 6903, 6907, 6914, 7216, 7306, 7419, 7443, 7523, 7546, 7651, 7814, 8467, 8469, 8898, 8902, 9577, 9593, 9707, 9749, 9764, 10339, 10345, 10355, 10359, 10360, 10368, 10370, 10375, 10383, 10400, 10414, 10423, 10430, 10435, 10436, 10457, 10458, 10554, 10607, 10611, 10616, 10621, 10622, 10635, 10637, 10640, 10649, 10652, 10659, 10662, 10666, 10682, 10685, 10693, 10699, 10707, 10717, 10728, 10734, 10744, 10748, 10762, 10765, 10773, 10802, 10805, 10959, 10964, 11009, 11042, 12979, 13503, 13798, 15296, 15307, 15407, 15628, 15815, 15855, 16573, 18366, 20424, 21825, 23153, 23774, 23780, 25999, 26042, 
rel: 1 k: 5 rho: 22.2882 maxRV: 262, 638, 1076, 2811, 2812, 2814, 2815, 2821, 2825, 2829, 2892, 2896, 2904, 2913, 2975, 3080, 4546, 6596, 6636, 6903, 6907, 6914, 8467, 8898, 9577, 9593, 10339, 10345, 10355, 10359, 10368, 10370, 10375, 10383, 10400, 10414, 10423, 10435, 10436, 10458, 10611, 10616, 10621, 10622, 10635, 10637, 10640, 10652, 10659, 10662, 10666, 10682, 10685, 10693, 10699, 10707, 10717, 10728, 10734, 10748, 10762, 10765, 10802, 10805, 13798, 15296, 
rel: 1 k: 6 rho: 20.466 maxRV: 262, 638, 1076, 2811, 2812, 2815, 2821, 2825, 2829, 2892, 2896, 2904, 2913, 2975, 3080, 6636, 6903, 6907, 6914, 8467, 8898, 9577, 10339, 10345, 10355, 10359, 10368, 10370, 10375, 10383, 10400, 10414, 10423, 10435, 10436, 10611, 10616, 10621, 10622, 10635, 10637, 10640, 10652, 10662, 10682, 10685, 10699, 10717, 10728, 10748, 10762, 10802, 
rel: 1 k: 7 rho: 18.166 maxRV: 262, 638, 1076, 2811, 2812, 2815, 2821, 2825, 2829, 2892, 2896, 2904, 2913, 2975, 3080, 6636, 6903, 6907, 6914, 8467, 8898, 10339, 10345, 10355, 10359, 10370, 10375, 10383, 10400, 10414, 10435, 10611, 10616, 10621, 10635, 10637, 10640, 10652, 10659, 10662, 10666, 10682, 10685, 10693, 10699, 10707, 10717, 10728, 10734, 10748, 10762, 10765, 10802, 
rel: 1 k: 8 rho: 15.9807 maxRV: 262, 638, 1076, 2811, 2812, 2815, 2821, 2825, 2829, 2892, 2896, 2904, 2913, 2975, 3080, 6596, 6636, 6903, 6907, 6914, 8467, 8898, 10339, 10345, 10359, 10370, 10375, 10414, 10616, 10621, 10635, 10637, 10640, 10652, 10659, 10662, 10666, 10682, 10685, 10693, 10699, 10707, 10717, 10728, 10734, 10748, 10762, 10765, 10802, 
rel: 1 k: 9 rho: 14.3392 maxRV: 262, 638, 1076, 2811, 2812, 2815, 2821, 2825, 2829, 2892, 2896, 2904, 2913, 2975, 3080, 6596, 6636, 6903, 6907, 6914, 8467, 8898, 10339, 10345, 10359, 10370, 10375, 10414, 10621, 10635, 10637, 10640, 10652, 10659, 10662, 10666, 10682, 10685, 10693, 10699, 10707, 10717, 10734, 10762, 10765, 
rel: 1 k: 10 rho: 12.9194 maxRV: 262, 638, 1076, 2811, 2812, 2815, 2821, 2825, 2829, 2892, 2896, 2904, 2913, 2975, 3080, 6636, 6903, 6907, 6914, 8467, 8898, 10345, 10359, 10370, 10375, 10621, 10635, 10637, 10640, 10652, 10659, 10662, 10682, 10693, 10699, 10707, 10717, 10734, 10762, 
rel: 1 k: 11 rho: 6.53412 maxRV: 2811, 2815, 2892, 2904, 6914, 10345, 10359, 10370, 10621, 10635, 10637, 10652, 10659, 10682, 10699, 10707, 10717, 10734, 10762, 
rel: 1 k: 3 rho: 186.359 maxRV: 20, 62, 80, 118, 146, 147, 153, 157, 170, 174, 176, 181, 183, 195, 202, 209, 210, 214, 229, 253, 262, 263, 280, 283, 304, 315, 319, 332, 341, 349, 353, 354, 387, 404, 413, 415, 433, 436, 457, 489, 505, 568, 598, 626, 638, 650, 666, 686, 719, 736, 749, 833, 853, 969, 970, 981, 989, 1035, 1048, 1049, 1059, 1071, 1076, 1080, 1082, 1156, 1160, 1168, 1171, 1177, 1179, 1220, 1228, 1239, 1248, 1309, 1310, 1335, 1358, 1362, 1366, 1429, 1452, 1498, 1505, 1510, 1511, 1524, 1536, 1540, 1542, 1546, 1578, 1662, 1692, 1702, 1721, 1730, 1742, 1762, 1780, 1798, 1817, 1820, 1879, 1917, 1921, 1964, 1968, 1984, 1996, 1998, 2011, 2020, 2026, 2029, 2036, 2041, 2045, 2057, 2075, 2093, 2096, 2136, 2168, 2180, 2199, 2207, 2227, 2232, 2236, 2242, 2250, 2273, 2313, 2322, 2339, 2368, 2374, 2386, 2387, 2394, 2455, 2507, 2553, 2619, 2642, 2684, 2701, 2745, 2767, 2810, 2811, 2812, 2820, 2841, 2868, 2896, 2922, 2941, 2970, 3032, 3063, 3065, 3069, 3080, 3085, 3096, 3111, 3112, 3113, 3158, 3179, 3186, 3193, 3256, 3284, 3295, 3342, 3350, 3379, 3417, 3515, 3517, 3527, 3531, 3540, 3563, 3583, 3635, 3662, 3682, 3713, 3733, 3801, 3825, 3826, 3882, 3908, 3941, 4045, 4412, 4443, 4471, 4495, 4546, 4659, 4683, 4695, 4696, 4711, 4722, 4770, 4802, 4871, 4887, 4932, 4973, 4996, 5025, 5026, 5028, 5033, 5045, 5053, 5055, 5058, 5161, 5259, 5326, 5393, 5404, 5418, 5419, 5421, 5424, 5425, 5436, 5443, 5486, 5532, 5538, 5595, 5604, 5635, 5641, 5656, 5668, 5679, 5693, 5698, 5708, 5731, 5737, 5738, 5744, 5756, 5763, 5798, 5799, 5844, 5858, 5868, 5920, 5932, 5955, 5964, 5967, 5981, 5992, 6001, 6017, 6055, 6104, 6118, 6127, 6136, 6168, 6192, 6199, 6205, 6214, 6265, 6318, 6325, 6328, 6346, 6442, 6584, 6585, 6588, 6596, 6599, 6612, 6618, 6636, 6641, 6735, 6737, 6743, 6747, 6758, 6776, 6815, 6833, 6843, 6847, 6862, 6864, 6872, 6879, 6885, 6907, 6948, 6955, 6991, 7030, 7052, 7122, 7174, 7216, 7306, 7312, 7317, 7353, 7362, 7385, 7392, 7410, 7419, 7426, 7442, 7443, 7449, 7467, 7470, 7523, 7546, 7548, 7569, 7579, 7618, 7636, 7814, 7822, 7852, 7981, 7984, 8020, 8070, 8169, 8197, 8216, 8272, 8283, 8380, 8434, 8469, 8520, 8542, 8653, 8820, 8868, 8895, 8911, 8916, 8967, 8971, 9044, 9134, 9142, 9151, 9153, 9154, 9197, 9209, 9253, 9322, 9332, 9394, 9402, 9419, 9473, 9593, 9707, 9736, 9744, 9749, 9762, 9764, 9765, 9876, 9878, 10069, 10084, 10131, 10557, 10659, 10666, 10693, 10707, 10717, 10734, 10765, 10959, 11104, 11243, 11346, 11393, 11434, 11563, 11913, 11996, 12200, 12261, 12268, 12303, 12331, 12333, 12343, 12384, 12404, 12424, 12467, 12468, 12477, 12479, 12569, 12571, 12586, 12668, 12732, 12736, 12784, 12819, 12844, 12979, 13023, 13026, 13048, 13062, 13084, 13138, 13329, 13689, 13691, 13698, 13702, 13717, 13762, 13798, 13826, 14024, 14036, 14081, 14099, 14113, 14345, 14348, 14388, 14399, 14402, 14465, 14540, 14546, 14549, 14615, 14649, 14758, 14798, 14817, 14866, 14907, 15019, 15021, 15051, 15659, 15716, 16108, 16341, 16345, 16353, 16573, 16654, 17213, 17224, 17231, 17300, 17324, 17355, 17805, 17812, 17813, 17876, 17910, 17915, 17939, 18101, 18222, 18324, 18474, 18530, 18692, 18959, 19224, 19413, 19596, 19675, 19678, 19787, 20129, 20412, 20424, 20496, 20497, 20527, 20650, 21398, 21772, 21918, 22295, 22307, 22843, 22858, 22860, 23153, 23313, 23346, 23755, 23764, 23780, 23875, 23929, 23933, 23937, 23950, 23959, 24033, 24186, 24351, 24425, 25063, 25355, 25759, 25828, 25951, 26425, 27324, 27338, 27895, 27982, 29130, 29320, 29685, 29687, 29691, 29732, 29735, 30385, 30580, 30689, 30747, 30945, 31386, 31542, 31543, 31626, 31629, 31761, 31904, 32217, 32220, 32795, 32875, 33036, 33337, 33682, 34211, 34394, 34398, 35823, 35828, 36573, 37803, 38908, 39026, 39075, 40237, 41031, 41859, 44497, 44502, 46242, 49553, 
rel: 1 k: 4 rho: 33.0102 maxRV: 262, 638, 1071, 1076, 2811, 2812, 2814, 2815, 2821, 2825, 2829, 2892, 2896, 2904, 2913, 2975, 3080, 3419, 5404, 6636, 6903, 6907, 6914, 7651, 8467, 8469, 8898, 8902, 9577, 9593, 10339, 10345, 10355, 10359, 10360, 10368, 10370, 10375, 10383, 10400, 10414, 10423, 10430, 10435, 10436, 10457, 10458, 10554, 10607, 10611, 10616, 10621, 10622, 10635, 10637, 10640, 10649, 10652, 10662, 10682, 10685, 10699, 10717, 10728, 10744, 10748, 10762, 10773, 10802, 10805, 10959, 10964, 11009, 11042, 13503, 13798, 15296, 15307, 15407, 15628, 15815, 15855, 18366, 21825, 25999, 26042, 
rel: 1 k: 5 rho: 22.2845 maxRV: 262, 638, 1076, 2811, 2812, 2814, 2815, 2821, 2825, 2829, 2892, 2896, 2904, 2913, 2975, 3080, 6903, 6907, 6914, 8467, 8898, 9577, 10339, 10345, 10355, 10359, 10368, 10370, 10375, 10383, 10400, 10414, 10423, 10435, 10436, 10458, 10611, 10616, 10621, 10622, 10635, 10637, 10640, 10652, 10659, 10662, 10682, 10685, 10699, 10717, 10728, 10748, 10762, 10802, 10805, 15296, 
rel: 1 k: 6 rho: 20.466 maxRV: 262, 638, 1076, 2811, 2812, 2815, 2821, 2825, 2829, 2892, 2896, 2904, 2913, 2975, 3080, 6636, 6903, 6907, 6914, 8467, 8898, 9577, 10339, 10345, 10355, 10359, 10368, 10370, 10375, 10383, 10400, 10414, 10423, 10435, 10436, 10611, 10616, 10621, 10622, 10635, 10637, 10640, 10652, 10662, 10682, 10685, 10699, 10717, 10728, 10748, 10762, 10802, 
rel: 1 k: 7 rho: 18.0557 maxRV: 262, 638, 1076, 2811, 2812, 2815, 2821, 2825, 2829, 2892, 2896, 2904, 2913, 2975, 3080, 6903, 6907, 6914, 8467, 8898, 10339, 10345, 10355, 10359, 10370, 10375, 10383, 10400, 10414, 10435, 10611, 10616, 10621, 10635, 10637, 10640, 10652, 10659, 10662, 10666, 10682, 10685, 10699, 10717, 10728, 10748, 10762, 10802, 
rel: 1 k: 8 rho: 15.8268 maxRV: 2811, 2812, 2815, 2821, 2825, 2829, 2892, 2896, 2904, 2913, 2975, 6903, 6907, 6914, 8467, 8898, 10339, 10345, 10359, 10370, 10375, 10414, 10616, 10621, 10635, 10637, 10640, 10652, 10659, 10662, 10666, 10682, 10685, 10699, 10717, 10728, 10748, 10762, 10802, 
rel: 1 k: 9 rho: 13.9373 maxRV: 262, 2811, 2812, 2815, 2821, 2825, 2829, 2892, 2896, 2904, 2913, 2975, 6636, 6903, 6907, 6914, 8467, 8898, 10339, 10345, 10359, 10370, 10375, 10414, 10621, 10635, 10637, 10640, 10652, 10659, 10662, 10682, 10685, 10699, 10717, 10762, 
rel: 1 k: 10 rho: 12.7265 maxRV: 262, 638, 2811, 2812, 2815, 2821, 2825, 2829, 2892, 2896, 2904, 2913, 2975, 3080, 6903, 6907, 6914, 8467, 8898, 10345, 10359, 10370, 10375, 10621, 10635, 10637, 10640, 10652, 10659, 10662, 10682, 10699, 10717, 10762, 
rel: 1 k: 11 rho: 6.53148 maxRV: 2811, 2815, 2892, 2904, 6914, 10345, 10359, 10370, 10621, 10635, 10637, 10652, 10659, 10682, 10699, 10707, 10717, 10762, 
query: 94
Construct Successful.
query: 95
Construct Successful.
query: 96
Construct Successful.
query: 97
Construct Successful.
query: 98
Construct Successful.
query: 99
Construct Successful.
Average basic: 154.84 milliseconds
Average improve: 217.84 milliseconds
Average best: 178.94 milliseconds
Average basic+qw: 155.75 milliseconds
Average improve+qw: 218.75 milliseconds
Average best+qw: 179.85 milliseconds
Average basic+qw+sim: 929.11 milliseconds
Average improve+qw+sim: 992.11 milliseconds
Average best+qw+sim: 953.21 milliseconds
simThreshold: 0.4
k: 3
query: 0
Construct Successful.
query: 1
Construct Successful.
query: 2
Construct Successful.
query: 3
Construct Successful.
query: 4
Construct Successful.
query: 5
Construct Successful.
query: 6
Construct Successful.
query: 7
Construct Successful.
query: 8
Construct Successful.
query: 9
Construct Successful.
query: 10
Construct Successful.
query: 11
Construct Successful.
query: 12
Construct Successful.
query: 13
Construct Successful.
query: 14
Construct Successful.
query: 15
Construct Successful.
query: 16
Construct Successful.
query: 17
Construct Successful.
query: 18
Construct Successful.
query: 19
Construct Successful.
query: 20
Construct Successful.
query: 21
Construct Successful.
query: 22
Construct Successful.
query: 23
Construct Successful.
query: 24
Construct Successful.
query: 25
Construct Successful.
query: 26
Construct Successful.
query: 27
Construct Successful.
query: 28
Construct Successful.
query: 29
Construct Successful.
query: 30
Construct Successful.
query: 31
Construct Successful.
query: 32
Construct Successful.
query: 33
Construct Successful.
query: 34
Construct Successful.
query: 35
Construct Successful.
query: 36
Construct Successful.
query: 37
Construct Successful.
query: 38
Construct Successful.
query: 39
Construct Successful.
query: 40
Construct Successful.
query: 41
Construct Successful.
query: 42
Construct Successful.
query: 43
Construct Successful.
query: 44
Construct Successful.
query: 45
Construct Successful.
query: 46
Construct Successful.
rel: 1 k: 5 rho: 1.9415 maxRV: 0, 1, 2, 3, 4, 5, 6, 7, 
rel: 1 k: 4 rho: 2.7807 maxRV: 0, 1, 2, 3, 4, 5, 6, 7, 8, 9, 
rel: 1 k: 3 rho: 7.86376 maxRV: 0, 1, 2, 3, 4, 6, 7, 8, 9, 31, 32, 34, 35, 36, 60, 72, 73, 74, 75, 83, 84, 85, 86, 
rel: 1 k: 3 rho: 7.86376 maxRV: 146, 157, 214, 229, 231, 246, 253, 317, 344, 970, 1093, 3036, 3038, 3181, 3256, 3805, 3946, 6746, 6758, 6861, 6879, 7222, 23875, 
rel: 1 k: 4 rho: 2.7807 maxRV: 146, 157, 214, 231, 246, 253, 1093, 3038, 3181, 6735, 
rel: 1 k: 5 rho: 1.9415 maxRV: 146, 214, 231, 246, 253, 1093, 3038, 6735, 
rel: 1 k: 3 rho: 7.86376 maxRV: 146, 157, 214, 229, 231, 246, 253, 317, 344, 970, 1093, 3036, 3038, 3181, 3256, 3805, 3946, 6746, 6758, 6861, 6879, 7222, 23875, 
rel: 1 k: 4 rho: 2.7807 maxRV: 146, 157, 214, 231, 246, 253, 1093, 3038, 3181, 6735, 
rel: 1 k: 5 rho: 1.9415 maxRV: 146, 214, 231, 246, 253, 1093, 3038, 6735, 
query: 47
Construct Successful.
query: 48
Construct Successful.
query: 49
Construct Successful.
query: 50
Construct Successful.
query: 51
Construct Successful.
rel: 1 k: 18 rho: 7.06241 maxRV: 0, 1, 3, 4, 5, 6, 7, 9, 10, 11, 12, 13, 14, 15, 16, 17, 18, 19, 20, 21, 22, 23, 
rel: 1 k: 17 rho: 7.25586 maxRV: 0, 1, 3, 4, 5, 6, 7, 9, 10, 11, 12, 13, 14, 15, 16, 17, 18, 19, 20, 22, 23, 
rel: 1 k: 16 rho: 12.8481 maxRV: 0, 1, 2, 3, 4, 5, 6, 7, 8, 10, 11, 12, 13, 14, 15, 16, 17, 18, 19, 20, 21, 22, 23, 25, 26, 27, 28, 29, 30, 31, 32, 33, 34, 35, 36, 37, 38, 39, 40, 41, 42, 43, 44, 45, 
rel: 1 k: 15 rho: 14.4048 maxRV: 0, 1, 3, 4, 5, 6, 7, 8, 10, 11, 12, 13, 14, 15, 16, 17, 18, 19, 20, 22, 23, 25, 26, 27, 28, 29, 30, 31, 32, 33, 34, 35, 36, 37, 38, 39, 40, 41, 42, 43, 44, 45, 46, 47, 48, 
rel: 1 k: 14 rho: 16.6392 maxRV: 0, 1, 3, 4, 5, 6, 7, 8, 10, 11, 12, 13, 14, 15, 16, 17, 18, 20, 22, 23, 25, 26, 27, 28, 29, 30, 31, 33, 34, 35, 36, 37, 38, 39, 41, 42, 44, 45, 46, 47, 48, 49, 50, 51, 
rel: 1 k: 13 rho: 17.7128 maxRV: 0, 1, 2, 3, 4, 5, 6, 7, 8, 9, 10, 11, 12, 13, 14, 15, 16, 17, 18, 19, 20, 22, 23, 25, 26, 27, 28, 29, 30, 31, 32, 33, 34, 35, 36, 37, 38, 39, 40, 41, 42, 43, 44, 45, 46, 47, 48, 49, 50, 51, 53, 54, 56, 58, 59, 
rel: 1 k: 12 rho: 19.2763 maxRV: 0, 1, 2, 3, 4, 5, 6, 7, 10, 11, 12, 13, 14, 15, 16, 17, 18, 19, 20, 22, 23, 25, 26, 27, 28, 29, 30, 31, 32, 33, 34, 35, 36, 37, 38, 39, 41, 42, 43, 44, 45, 46, 47, 48, 49, 50, 51, 53, 54, 55, 56, 58, 59, 60, 61, 62, 
rel: 1 k: 11 rho: 21.821 maxRV: 0, 1, 2, 3, 4, 5, 6, 7, 9, 10, 11, 12, 13, 14, 15, 16, 17, 18, 19, 20, 21, 22, 23, 25, 26, 27, 28, 29, 30, 31, 32, 33, 34, 35, 36, 37, 38, 39, 40, 41, 42, 43, 44, 45, 46, 47, 48, 49, 50, 51, 53, 54, 55, 56, 58, 59, 60, 61, 62, 63, 64, 65, 66, 67, 68, 69, 
rel: 1 k: 10 rho: 24.0561 maxRV: 0, 1, 2, 3, 4, 5, 6, 7, 10, 11, 12, 13, 14, 15, 16, 17, 18, 19, 20, 21, 22, 23, 25, 26, 27, 28, 29, 30, 31, 32, 33, 34, 35, 36, 37, 38, 39, 40, 41, 42, 43, 44, 45, 46, 47, 48, 49, 50, 51, 53, 54, 56, 58, 59, 60, 61, 62, 63, 64, 65, 66, 67, 68, 69, 71, 72, 73, 75, 
rel: 1 k: 9 rho: 26.6864 maxRV: 0, 1, 2, 3, 4, 5, 6, 7, 10, 11, 12, 13, 14, 15, 16, 17, 18, 20, 21, 22, 23, 25, 26, 27, 28, 29, 30, 31, 32, 33, 34, 35, 36, 37, 38, 39, 40, 41, 42, 43, 44, 45, 46, 47, 48, 49, 50, 51, 53, 54, 56, 58, 59, 60, 61, 62, 63, 64, 65, 66, 67, 68, 69, 71, 72, 73, 75, 77, 78, 79, 80, 81, 
rel: 1 k: 8 rho: 30.1495 maxRV: 0, 1, 3, 4, 5, 6, 7, 10, 11, 12, 13, 14, 15, 16, 17, 18, 20, 22, 23, 25, 26, 27, 28, 29, 30, 31, 32, 33, 34, 35, 36, 37, 38, 39, 40, 41, 42, 43, 44, 45, 46, 47, 48, 49, 50, 51, 53, 54, 56, 58, 59, 60, 61, 62, 63, 64, 65, 66, 67, 68, 69, 71, 72, 73, 75, 77, 78, 79, 80, 81, 82, 84, 85, 86, 87, 88, 
rel: 1 k: 7 rho: 30.6977 maxRV: 0, 1, 3, 4, 5, 6, 7, 8, 10, 11, 12, 13, 14, 15, 16, 17, 18, 20, 22, 23, 25, 26, 27, 28, 29, 30, 31, 32, 33, 34, 35, 36, 37, 38, 39, 41, 42, 43, 44, 45, 46, 47, 48, 49, 50, 51, 53, 54, 56, 58, 59, 60, 61, 62, 63, 64, 65, 66, 67, 68, 69, 71, 72, 73, 75, 77, 78, 79, 80, 81, 82, 84, 85, 86, 87, 88, 113, 114, 115, 116, 117, 118, 119, 130, 132, 133, 134, 
rel: 1 k: 6 rho: 33.0103 maxRV: 0, 1, 2, 3, 4, 5, 6, 7, 8, 10, 11, 12, 13, 14, 15, 16, 17, 18, 20, 22, 23, 25, 26, 27, 28, 29, 30, 31, 32, 33, 34, 35, 36, 37, 38, 39, 40, 41, 42, 43, 44, 45, 46, 47, 48, 49, 50, 51, 53, 54, 56, 57, 58, 59, 60, 61, 62, 63, 64, 65, 66, 67, 68, 69, 71, 72, 73, 74, 75, 77, 78, 79, 80, 81, 82, 83, 84, 85, 86, 87, 88, 113, 114, 115, 116, 117, 119, 120, 121, 122, 127, 128, 129, 130, 132, 133, 134, 142, 145, 146, 147, 148, 166, 171, 172, 176, 177, 178, 179, 180, 181, 182, 183, 184, 185, 186, 187, 188, 189, 214, 215, 218, 219, 
rel: 1 k: 5 rho: 44.2337 maxRV: 0, 1, 2, 3, 4, 5, 6, 7, 10, 11, 12, 13, 14, 15, 16, 17, 18, 20, 22, 23, 25, 26, 27, 28, 29, 30, 31, 33, 34, 35, 36, 37, 38, 39, 40, 41, 42, 43, 44, 45, 46, 47, 48, 49, 50, 51, 53, 54, 56, 58, 59, 60, 61, 62, 63, 64, 65, 66, 67, 68, 69, 71, 72, 73, 74, 75, 77, 78, 79, 80, 81, 82, 83, 84, 85, 86, 87, 88, 89, 90, 91, 92, 93, 94, 95, 96, 97, 98, 99, 100, 101, 102, 103, 104, 113, 114, 115, 116, 120, 121, 122, 123, 124, 125, 126, 127, 128, 129, 130, 132, 133, 134, 142, 143, 144, 145, 146, 147, 148, 149, 150, 164, 165, 166, 169, 170, 171, 172, 173, 174, 176, 177, 178, 179, 180, 181, 182, 183, 184, 185, 186, 187, 188, 189, 201, 202, 203, 204, 205, 206, 207, 208, 209, 213, 216, 217, 218, 243, 252, 253, 254, 255, 267, 268, 269, 270, 275, 282, 284, 285, 286, 287, 288, 289, 295, 296, 297, 298, 299, 300, 301, 302, 303, 304, 306, 307, 308, 309, 310, 311, 312, 313, 314, 315, 317, 324, 325, 326, 327, 328, 329, 335, 343, 344, 345, 346, 351, 352, 355, 356, 357, 358, 359, 360, 361, 362, 364, 365, 366, 367, 368, 369, 370, 376, 378, 379, 380, 381, 
rel: 1 k: 4 rho: 93.0782 maxRV: 26, 27, 28, 33, 34, 38, 39, 40, 41, 56, 75, 79, 82, 84, 89, 90, 91, 92, 93, 94, 95, 96, 97, 98, 99, 100, 101, 102, 103, 104, 114, 116, 119, 120, 121, 122, 123, 124, 125, 126, 127, 128, 129, 142, 143, 144, 145, 146, 147, 148, 150, 151, 153, 155, 156, 164, 165, 167, 169, 170, 172, 173, 174, 180, 201, 202, 203, 204, 205, 206, 207, 208, 209, 213, 214, 215, 216, 217, 218, 219, 243, 252, 253, 254, 255, 262, 263, 264, 265, 266, 267, 282, 283, 284, 285, 286, 287, 288, 289, 299, 319, 320, 321, 322, 323, 324, 325, 326, 327, 328, 329, 330, 331, 332, 333, 334, 335, 343, 344, 345, 346, 347, 348, 349, 350, 351, 355, 356, 357, 358, 359, 360, 361, 362, 364, 365, 366, 367, 368, 370, 376, 378, 379, 380, 381, 397, 398, 400, 403, 407, 414, 415, 416, 417, 418, 419, 420, 421, 422, 432, 462, 463, 467, 468, 469, 484, 485, 486, 487, 488, 489, 496, 497, 498, 499, 503, 504, 505, 506, 514, 515, 516, 517, 519, 520, 522, 523, 524, 525, 526, 533, 534, 535, 536, 537, 544, 546, 547, 548, 549, 550, 551, 552, 558, 563, 564, 566, 568, 591, 595, 596, 597, 598, 599, 600, 615, 616, 617, 618, 619, 620, 627, 628, 629, 630, 631, 632, 634, 635, 636, 637, 638, 639, 668, 669, 670, 677, 678, 679, 680, 681, 682, 683, 684, 685, 686, 687, 692, 693, 694, 696, 697, 698, 699, 700, 702, 703, 704, 705, 706, 707, 708, 709, 710, 711, 712, 713, 719, 720, 722, 723, 724, 725, 726, 727, 728, 729, 731, 732, 733, 734, 735, 736, 737, 738, 739, 740, 741, 742, 745, 746, 747, 748, 749, 752, 753, 754, 755, 757, 758, 759, 760, 761, 762, 775, 797, 798, 799, 800, 801, 802, 803, 804, 805, 806, 812, 813, 819, 820, 821, 826, 827, 
rel: 1 k: 3 rho: 398.168 maxRV: 10, 11, 26, 32, 33, 34, 39, 40, 41, 56, 60, 62, 79, 82, 89, 90, 91, 92, 93, 94, 95, 96, 97, 98, 99, 100, 101, 102, 103, 104, 105, 106, 107, 108, 114, 115, 117, 118, 119, 120, 121, 122, 123, 124, 125, 126, 127, 128, 129, 135, 136, 137, 138, 139, 140, 141, 142, 143, 144, 145, 146, 147, 148, 149, 150, 151, 154, 155, 156, 164, 165, 169, 170, 171, 172, 173, 174, 180, 190, 191, 192, 193, 194, 195, 196, 197, 198, 201, 202, 203, 204, 205, 206, 207, 208, 209, 210, 211, 212, 213, 214, 216, 217, 218, 219, 220, 221, 223, 225, 231, 232, 240, 242, 243, 245, 250, 252, 253, 254, 255, 257, 258, 259, 260, 261, 262, 263, 264, 265, 266, 267, 269, 273, 282, 283, 284, 285, 286, 287, 288, 289, 290, 291, 292, 293, 294, 318, 319, 320, 321, 322, 323, 324, 325, 326, 327, 328, 329, 330, 331, 332, 333, 334, 335, 343, 344, 345, 346, 347, 348, 349, 350, 351, 352, 355, 356, 357, 358, 359, 360, 361, 362, 364, 365, 366, 367, 368, 370, 371, 372, 373, 374, 375, 376, 377, 378, 379, 380, 381, 403, 405, 414, 415, 416, 418, 419, 420, 421, 422, 432, 434, 435, 436, 437, 438, 441, 442, 443, 444, 445, 447, 448, 449, 450, 451, 452, 453, 454, 461, 462, 463, 467, 468, 469, 470, 474, 476, 479, 480, 481, 482, 483, 485, 486, 487, 488, 489, 494, 495, 496, 497, 498, 499, 501, 503, 504, 505, 506, 507, 510, 511, 515, 516, 519, 520, 521, 522, 523, 524, 525, 526, 530, 531, 532, 533, 534, 535, 537, 538, 539, 544, 546, 547, 548, 549, 550, 551, 552, 553, 554, 555, 558, 568, 578, 579, 580, 583, 591, 597, 598, 599, 600, 601, 602, 603, 608, 609, 610, 611, 612, 613, 614, 615, 616, 617, 618, 619, 620, 621, 623, 624, 625, 626, 627, 628, 629, 630, 631, 632, 634, 635, 636, 637, 638, 639, 642, 643, 645, 647, 648, 649, 650, 651, 652, 653, 654, 655, 656, 657, 658, 660, 661, 662, 663, 664, 665, 666, 667, 668, 669, 670, 677, 678, 679, 680, 681, 682, 683, 684, 685, 686, 687, 692, 693, 694, 696, 697, 698, 699, 700, 702, 703, 704, 705, 706, 707, 708, 709, 710, 711, 712, 713, 714, 718, 719, 720, 721, 722, 723, 724, 725, 726, 727, 728, 729, 731, 732, 733, 734, 735, 736, 737, 738, 739, 740, 741, 742, 745, 746, 747, 748, 749, 750, 751, 752, 753, 754, 755, 757, 758, 759, 760, 761, 762, 768, 769, 770, 771, 775, 776, 777, 778, 779, 780, 781, 792, 793, 794, 795, 796, 797, 798, 799, 800, 801, 802, 803, 804, 805, 806, 807, 808, 809, 810, 811, 812, 813, 814, 815, 816, 817, 819, 820, 821, 822, 823, 824, 825, 826, 827, 868, 869, 870, 871, 872, 878, 880, 881, 884, 885, 886, 888, 889, 890, 891, 896, 898, 900, 905, 906, 907, 908, 925, 926, 927, 928, 929, 932, 933, 934, 935, 936, 937, 938, 939, 940, 944, 945, 946, 947, 948, 949, 950, 951, 952, 953, 954, 957, 958, 959, 960, 961, 962, 963, 964, 965, 966, 967, 968, 971, 972, 973, 974, 975, 979, 982, 983, 986, 987, 988, 995, 996, 997, 1001, 1002, 1003, 1005, 1006, 1007, 1008, 1009, 1010, 1011, 1012, 1013, 1014, 1015, 1016, 1017, 1018, 1019, 1024, 1025, 1026, 1027, 1028, 1032, 1033, 1034, 1035, 1036, 1037, 1038, 1040, 1041, 1042, 1043, 1045, 1046, 1047, 1048, 1052, 1053, 1054, 1058, 1059, 1060, 1064, 1065, 1066, 1067, 1098, 1100, 1101, 1102, 1103, 1104, 1105, 1106, 1107, 1108, 1109, 1110, 1115, 1116, 1117, 1118, 1119, 1120, 1125, 1126, 1127, 1128, 1129, 1130, 1131, 1132, 1136, 1137, 1138, 1139, 1140, 1142, 1143, 1144, 1145, 1146, 1147, 1148, 1149, 1152, 1153, 1155, 1156, 1157, 1158, 1161, 1162, 1163, 1166, 1169, 1170, 1171, 1172, 1174, 1176, 1178, 1179, 1180, 1181, 1182, 1183, 1184, 1185, 1190, 1191, 1192, 1193, 1194, 1195, 1196, 1197, 1198, 1199, 1200, 1201, 1202, 1203, 1204, 1211, 1212, 1213, 1214, 1215, 1216, 1218, 1219, 1220, 1221, 1222, 1223, 1224, 1226, 1227, 1228, 1229, 1230, 1232, 1233, 1234, 1236, 1238, 1241, 1242, 1243, 1245, 1246, 1255, 1256, 1259, 1263, 1264, 1265, 1266, 1267, 1268, 1269, 1270, 1271, 1272, 1273, 1274, 1275, 1276, 1277, 1278, 1279, 1280, 1281, 1282, 1283, 1284, 1285, 1286, 1287, 1288, 1289, 1290, 1291, 1292, 1293, 1294, 1295, 1296, 1304, 1305, 1311, 1312, 1313, 1318, 1319, 1327, 1328, 1329, 1343, 1344, 1345, 1346, 1354, 1355, 1356, 1357, 1358, 1359, 1360, 1361, 1362, 1363, 1367, 1369, 1374, 1375, 1376, 1377, 1378, 1379, 1380, 1381, 1386, 1387, 1388, 1389, 1390, 1391, 1393, 1394, 1395, 1397, 1398, 1399, 1400, 1401, 1403, 1404, 1407, 1411, 1416, 1417, 1418, 1419, 1420, 1421, 1422, 1423, 1424, 1425, 1426, 1427, 1428, 1429, 1433, 1434, 1435, 1436, 1437, 1438, 1439, 1440, 1441, 1442, 1443, 1444, 1445, 1446, 1450, 1451, 1452, 1469, 1470, 1471, 1475, 1476, 1477, 1478, 1481, 1482, 1498, 1499, 1505, 1506, 1514, 1517, 1518, 1519, 1521, 1525, 1526, 1527, 1528, 1529, 1530, 1531, 1532, 1533, 1534, 1535, 1536, 1537, 1538, 1544, 1545, 1546, 1547, 1550, 1551, 1552, 1553, 1557, 1558, 1559, 1560, 1561, 1562, 1566, 1567, 1568, 1569, 1571, 1572, 1573, 1574, 1575, 1576, 1577, 1578, 1579, 1580, 1583, 1584, 1585, 1586, 1587, 1588, 1589, 1590, 1591, 1592, 1593, 1594, 1595, 1604, 1605, 1606, 1607, 1608, 1609, 1610, 1611, 1612, 1613, 1614, 1615, 1616, 1617, 1618, 1624, 1628, 1629, 1638, 1639, 1640, 1641, 1642, 1643, 1644, 1645, 1646, 1647, 1651, 1660, 1662, 1663, 1664, 1665, 1666, 1667, 1668, 1669, 1671, 1672, 1673, 1674, 1675, 1676, 1677, 1678, 1679, 1680, 1681, 1682, 1683, 1684, 1691, 1692, 1693, 1694, 1695, 1696, 1697, 1698, 1699, 1700, 1701, 1702, 1703, 1704, 1705, 1706, 1716, 1717, 1718, 1719, 1720, 1721, 1722, 1723, 1725, 1726, 1727, 1729, 1730, 1731, 1732, 1733, 1734, 1735, 1736, 1737, 1739, 1740, 1741, 1742, 1743, 1744, 1745, 1746, 1747, 1748, 1749, 1750, 1751, 1752, 1753, 1754, 1755, 1756, 1757, 1758, 1759, 1760, 1761, 1762, 1763, 1764, 1765, 1766, 1767, 1771, 1772, 1773, 1774, 1775, 1776, 1778, 1779, 1782, 1783, 1786, 1793, 1794, 1795, 1796, 1797, 1798, 1799, 1802, 1803, 1805, 1806, 1807, 1808, 1809, 1810, 1811, 1812, 1813, 1814, 1816, 1817, 1818, 1819, 1820, 1821, 1822, 1823, 1824, 1825, 1826, 1827, 1828, 1829, 1830, 1831, 1832, 1833, 1834, 1835, 1836, 1837, 1846, 1847, 1848, 1850, 1851, 1852, 1853, 1854, 1855, 1856, 1857, 1858, 1859, 1860, 1861, 1862, 1863, 1864, 1865, 1866, 1867, 1868, 1869, 1870, 1871, 1872, 1873, 1874, 1875, 1876, 1877, 1878, 1879, 1880, 1881, 1882, 1883, 1884, 1885, 1886, 1887, 1888, 1889, 1890, 1891, 1892, 1893, 1894, 1895, 1896, 1897, 1898, 1899, 1900, 1901, 1902, 1904, 1905, 1906, 1907, 1908, 1909, 1910, 1911, 1912, 1913, 1914, 1915, 1916, 1917, 1918, 1919, 1920, 1921, 1922, 1923, 1924, 1925, 1926, 1927, 1928, 1930, 1931, 1932, 1934, 1935, 1936, 1937, 1943, 1944, 1945, 1946, 1947, 1948, 1949, 1950, 1951, 1952, 1953, 1955, 1956, 1957, 1958, 1959, 1960, 1961, 1962, 1963, 1964, 1965, 1966, 1967, 1968, 1969, 1970, 1971, 1972, 1973, 1974, 1975, 1976, 1977, 1978, 1980, 1981, 1982, 1983, 1984, 1985, 1986, 1987, 1988, 1989, 1990, 1991, 1992, 1993, 1994, 1995, 1996, 1998, 2007, 2008, 2009, 2013, 2014, 2015, 2021, 2022, 2029, 2030, 2031, 2032, 2033, 2034, 2035, 2036, 2037, 2038, 2039, 2040, 2041, 2042, 2043, 2044, 2045, 2046, 2054, 2055, 2056, 2057, 2061, 2065, 2066, 2077, 2078, 2083, 2084, 2085, 2087, 2088, 2089, 2090, 2091, 2092, 2093, 2097, 2098, 2104, 2105, 2106, 2107, 2108, 2109, 2110, 2111, 2112, 2113, 2114, 2122, 2123, 2126, 2130, 2132, 2140, 2141, 2142, 2143, 2144, 2145, 2146, 2147, 2153, 2154, 2155, 2156, 2158, 2159, 2160, 2161, 2162, 2163, 2164, 2165, 2166, 2167, 2169, 2170, 2171, 2172, 2184, 2185, 2186, 2187, 2188, 2193, 2194, 2195, 2196, 2197, 2198, 2202, 2203, 2204, 2210, 2211, 2215, 2216, 2217, 2218, 2219, 2220, 2221, 2223, 2227, 2228, 2229, 2230, 2231, 2232, 2234, 2235, 2243, 2244, 2245, 2246, 2247, 2248, 2250, 2251, 2252, 2253, 2254, 2255, 2256, 2257, 2258, 2259, 2268, 2269, 2270, 2271, 2272, 2274, 2275, 2276, 2277, 2278, 2279, 2280, 2281, 2287, 2288, 2291, 2292, 2293, 2299, 2306, 2314, 2315, 2322, 2329, 2330, 
rel: 1 k: 3 rho: 397.071 maxRV: 1, 6, 7, 9, 10, 11, 16, 18, 25, 27, 28, 30, 32, 34, 43, 46, 47, 58, 66, 68, 70, 74, 77, 79, 103, 104, 106, 110, 116, 118, 129, 131, 133, 135, 138, 140, 147, 149, 150, 153, 155, 158, 160, 168, 169, 170, 175, 178, 183, 190, 200, 202, 208, 211, 214, 218, 226, 235, 236, 246, 253, 271, 277, 280, 295, 301, 319, 320, 321, 325, 354, 362, 378, 412, 413, 414, 415, 427, 439, 444, 449, 457, 463, 467, 481, 491, 493, 501, 505, 516, 527, 531, 539, 553, 558, 562, 568, 573, 575, 612, 613, 630, 634, 636, 647, 650, 652, 655, 659, 680, 682, 683, 685, 686, 687, 696, 707, 712, 717, 718, 721, 729, 731, 736, 740, 745, 753, 757, 786, 792, 797, 802, 842, 851, 853, 883, 893, 894, 898, 900, 902, 905, 909, 910, 914, 916, 921, 934, 944, 945, 950, 967, 970, 979, 980, 981, 985, 986, 989, 990, 994, 996, 1004, 1005, 1011, 1014, 1024, 1039, 1068, 1073, 1076, 1082, 1085, 1087, 1088, 1099, 1109, 1128, 1129, 1139, 1143, 1150, 1158, 1159, 1160, 1162, 1164, 1168, 1170, 1179, 1182, 1187, 1190, 1199, 1206, 1213, 1214, 1220, 1233, 1239, 1244, 1253, 1258, 1278, 1300, 1307, 1310, 1318, 1320, 1322, 1326, 1329, 1343, 1345, 1346, 1369, 1436, 1458, 1498, 1505, 1506, 1508, 1511, 1515, 1516, 1521, 1523, 1524, 1528, 1536, 1538, 1540, 1541, 1544, 1546, 1549, 1552, 1572, 1581, 1582, 1584, 1588, 1592, 1603, 1609, 1610, 1617, 1641, 1644, 1654, 1655, 1660, 1671, 1686, 1690, 1717, 1720, 1721, 1772, 1775, 1781, 1786, 1805, 1806, 1832, 1862, 1864, 1867, 1875, 1878, 1879, 1887, 1890, 1891, 1897, 1921, 1924, 1925, 1959, 1973, 1979, 1986, 1989, 1994, 1995, 2003, 2004, 2008, 2015, 2017, 2020, 2030, 2036, 2039, 2053, 2057, 2066, 2072, 2075, 2077, 2079, 2100, 2101, 2106, 2135, 2136, 2139, 2145, 2151, 2176, 2190, 2192, 2199, 2201, 2224, 2235, 2244, 2248, 2260, 2297, 2312, 2315, 2318, 2339, 2345, 2360, 2368, 2378, 2385, 2387, 2394, 2396, 2399, 2406, 2408, 2421, 2425, 2428, 2436, 2443, 2449, 2475, 2477, 2508, 2510, 2515, 2520, 2566, 2594, 2613, 2615, 2618, 2619, 2623, 2626, 2660, 2664, 2675, 2722, 2726, 2767, 2789, 2791, 2819, 2820, 2826, 2835, 2836, 2840, 2841, 2842, 2849, 2858, 2868, 2874, 2880, 2896, 2905, 2911, 2919, 2921, 2922, 2928, 2943, 2944, 2957, 2958, 2988, 2990, 2993, 3032, 3036, 3059, 3060, 3063, 3064, 3067, 3080, 3081, 3084, 3108, 3109, 3111, 3145, 3151, 3159, 3164, 3179, 3189, 3193, 3209, 3220, 3227, 3241, 3247, 3256, 3305, 3309, 3328, 3336, 3337, 3342, 3349, 3357, 3363, 3366, 3368, 3373, 3380, 3384, 3389, 3395, 3409, 3427, 3430, 3436, 3446, 3450, 3458, 3459, 3465, 3496, 3518, 3523, 3566, 3580, 3583, 3642, 3645, 3662, 3663, 3668, 3675, 3682, 3687, 3692, 3713, 3730, 3732, 3750, 3753, 3757, 3762, 3786, 3792, 3818, 3826, 3867, 3880, 3881, 3883, 3924, 3926, 3941, 3949, 3950, 4012, 4028, 4045, 4046, 4148, 4178, 4203, 4232, 4244, 4249, 4298, 4300, 4304, 4306, 4319, 4367, 4417, 4442, 4447, 4469, 4495, 4512, 4547, 4568, 4576, 4578, 4618, 4629, 4633, 4646, 4647, 4656, 4659, 4690, 4692, 4695, 4700, 4804, 4819, 4825, 4826, 4841, 4871, 4875, 4939, 4942, 4948, 4982, 4987, 4994, 4996, 4997, 5006, 5011, 5012, 5019, 5026, 5028, 5033, 5035, 5039, 5055, 5077, 5099, 5155, 5168, 5220, 5221, 5259, 5270, 5274, 5294, 5331, 5404, 5411, 5415, 5424, 5425, 5437, 5440, 5450, 5460, 5532, 5566, 5594, 5612, 5637, 5641, 5643, 5644, 5648, 5657, 5658, 5664, 5667, 5689, 5693, 5704, 5705, 5708, 5719, 5723, 5730, 5733, 5742, 5748, 5754, 5760, 5773, 5785, 5801, 5848, 5856, 5857, 5858, 5872, 5896, 5911, 5920, 5932, 5933, 5957, 5967, 5977, 5981, 5987, 5992, 5994, 5998, 6001, 6012, 6018, 6021, 6032, 6035, 6038, 6067, 6083, 6085, 6097, 6100, 6102, 6110, 6115, 6120, 6121, 6123, 6158, 6187, 6192, 6208, 6215, 6222, 6227, 6228, 6244, 6252, 6262, 6265, 6269, 6294, 6298, 6300, 6304, 6310, 6312, 6318, 6327, 6339, 6341, 6344, 6346, 6381, 6385, 6410, 6425, 6440, 6448, 6473, 6487, 6488, 6489, 6500, 6526, 6582, 6588, 6591, 6595, 6612, 6618, 6619, 6663, 6701, 6708, 6729, 6737, 6740, 6743, 6776, 6785, 6826, 6833, 6835, 6863, 6869, 6873, 6880, 6894, 6921, 6940, 6951, 6954, 6961, 6972, 6991, 7016, 7026, 7051, 7052, 7079, 7122, 7210, 7212, 7216, 7217, 7248, 7299, 7301, 7312, 7317, 7322, 7339, 7341, 7362, 7374, 7375, 7385, 7387, 7406, 7407, 7419, 7442, 7449, 7470, 7488, 7520, 7546, 7603, 7613, 7618, 7630, 7639, 7672, 7710, 7723, 7727, 7735, 7774, 7811, 7813, 7825, 7836, 7895, 7900, 7927, 7960, 7971, 7984, 7987, 8017, 8024, 8029, 8031, 8033, 8037, 8046, 8060, 8065, 8127, 8131, 8143, 8167, 8175, 8261, 8272, 8279, 8297, 8342, 8377, 8380, 8385, 8388, 8390, 8434, 8450, 8457, 8465, 8506, 8520, 8531, 8553, 8564, 8572, 8583, 8588, 8589, 8592, 8595, 8611, 8631, 8653, 8699, 8704, 8705, 8727, 8766, 8775, 8800, 8843, 8846, 8874, 8880, 8885, 8890, 8896, 8910, 8922, 8923, 8926, 8934, 8944, 8949, 8950, 8962, 8972, 9000, 9022, 9023, 9030, 9042, 9117, 9188, 9189, 9209, 9226, 9239, 9285, 9309, 9311, 9313, 9318, 9319, 9332, 9335, 9338, 9379, 9408, 9511, 9528, 9534, 9548, 9553, 9610, 9615, 9654, 9656, 9661, 9664, 9719, 9720, 9723, 9738, 9744, 9749, 9760, 9765, 9772, 9792, 9798, 9799, 9822, 9826, 9827, 9835, 9869, 9870, 9887, 9895, 9897, 9989, 10039, 10042, 10076, 10132, 10136, 10137, 10146, 10163, 10217, 10243, 10256, 10365, 10378, 10408, 10414, 10489, 10529, 10557, 10719, 10849, 10877, 10964, 10971, 11104, 11152, 11156, 11175, 11177, 11190, 11194, 11208, 11217, 11221, 11243, 11249, 11260, 11328, 11346, 11382, 11409, 11428, 11429, 11450, 11452, 11457, 11473, 11479, 11496, 11583, 11599, 11614, 11647, 11666, 11676, 11698, 11708, 11817, 11910, 11913, 11975, 11987, 12028, 12042, 12097, 12109, 12141, 12181, 12218, 12247, 12260, 12261, 12269, 12272, 12343, 12351, 12383, 12428, 12432, 12467, 12468, 12471, 12477, 12480, 12481, 12607, 12649, 12666, 12671, 12733, 12739, 12748, 12752, 12753, 12756, 12788, 12797, 12800, 12819, 12821, 12838, 12862, 12863, 12867, 12877, 12885, 12896, 12898, 12902, 12906, 12922, 12947, 12973, 12982, 13048, 13056, 13084, 13132, 13138, 13342, 13443, 13468, 13474, 13483, 13535, 13545, 13550, 13646, 13659, 13686, 13689, 13699, 13701, 13717, 13770, 13824, 13907, 13908, 13909, 13919, 13925, 13929, 13936, 13968, 13975, 14004, 14011, 14088, 14095, 14101, 14115, 14154, 14198, 14200, 14226, 14227, 14228, 14230, 14235, 14244, 14247, 14258, 14261, 14274, 14275, 14277, 14294, 14304, 14318, 14322, 14326, 14360, 14379, 14388, 14448, 14489, 14513, 14546, 14549, 14553, 14578, 14598, 14613, 14624, 14628, 14641, 14755, 14763, 14768, 14772, 14779, 14798, 14814, 14815, 14866, 14874, 14907, 14949, 14950, 14954, 14958, 14981, 14988, 15055, 15075, 15190, 15199, 15290, 15378, 15382, 15441, 15459, 15569, 15570, 15744, 15756, 15828, 15868, 15968, 16086, 16095, 16103, 16138, 16284, 16294, 16353, 16453, 16462, 16472, 16591, 16625, 16742, 16754, 16761, 17045, 17167, 17200, 17213, 17226, 17330, 17422, 17514, 17575, 17579, 17582, 17597, 17658, 17796, 17798, 17802, 17804, 17807, 17808, 17812, 17813, 17819, 17903, 17907, 17912, 17939, 18005, 18058, 18059, 18093, 18113, 18128, 18175, 18398, 18408, 18427, 18876, 18924, 18932, 19036, 19044, 19072, 19133, 19224, 19245, 19252, 19323, 19363, 19366, 19379, 19401, 19415, 19419, 19434, 19443, 19450, 19453, 19456, 19478, 19486, 19603, 19610, 19656, 19666, 19675, 19731, 19735, 19751, 19760, 19820, 19953, 20226, 20332, 20376, 20384, 20412, 20424, 20425, 20481, 20491, 20492, 20493, 20494, 20531, 20591, 20678, 20679, 20950, 21032, 21044, 21061, 21137, 21240, 21248, 21326, 21329, 21369, 21396, 21422, 21591, 21595, 21597, 21621, 21686, 21695, 21698, 21699, 21707, 21709, 21728, 21731, 21868, 21896, 21923, 21958, 21978, 21982, 22002, 22155, 22166, 22344, 22555, 22772, 23000, 23037, 23077, 23141, 23142, 23226, 23249, 23251, 23346, 23404, 23502, 23548, 23619, 23689, 23763, 23774, 23841, 23850, 23875, 23904, 23905, 23929, 23949, 23950, 23955, 24085, 24178, 24187, 24278, 24337, 24351, 24438, 24454, 24478, 24597, 24606, 24618, 24621, 24629, 24712, 24722, 24724, 24814, 24968, 24998, 25034, 25044, 25256, 25345, 25373, 25405, 25662, 25762, 25810, 25817, 26004, 26075, 26296, 26312, 26416, 26489, 26496, 26963, 27301, 27521, 27580, 27631, 27868, 27883, 27999, 28011, 28016, 28019, 28024, 28027, 28059, 28084, 28088, 28340, 28432, 28435, 28949, 29103, 29277, 29352, 29353, 29437, 29490, 29509, 29554, 29630, 29644, 29890, 30373, 30691, 30775, 30999, 31006, 31019, 31053, 31302, 31589, 31590, 31624, 31627, 31628, 31629, 31630, 31662, 31802, 31824, 31904, 32061, 32077, 32261, 32425, 32427, 32511, 32592, 33060, 33162, 33307, 33605, 34054, 35071, 35089, 35405, 35406, 35824, 36715, 36830, 37024, 37095, 37110, 37459, 37527, 38090, 38092, 38949, 39242, 39245, 39316, 39518, 40103, 40889, 42127, 42482, 42786, 42807, 42810, 42934, 43245, 44587, 45144, 46231, 49399, 49926, 49928, 
rel: 1 k: 4 rho: 92.3471 maxRV: 1, 7, 9, 11, 16, 18, 27, 30, 46, 47, 58, 68, 74, 103, 116, 129, 131, 133, 135, 140, 147, 149, 150, 153, 155, 158, 168, 170, 183, 200, 208, 214, 218, 226, 235, 246, 253, 262, 277, 280, 295, 301, 319, 362, 378, 412, 415, 427, 444, 457, 467, 516, 527, 562, 634, 636, 652, 655, 659, 680, 682, 683, 685, 686, 687, 712, 718, 721, 729, 736, 797, 802, 894, 898, 900, 910, 921, 944, 981, 986, 989, 1068, 1073, 1076, 1082, 1085, 1087, 1088, 1139, 1143, 1158, 1160, 1164, 1168, 1179, 1182, 1187, 1213, 1220, 1244, 1253, 1310, 1343, 1345, 1436, 1453, 1498, 1505, 1506, 1508, 1515, 1516, 1523, 1524, 1528, 1536, 1540, 1544, 1546, 1549, 1572, 1582, 1592, 1609, 1641, 1720, 1805, 1862, 1864, 1875, 1878, 1897, 1924, 1935, 1973, 1979, 1994, 2003, 2004, 2075, 2244, 2260, 2387, 2428, 2613, 2767, 2789, 2820, 2835, 2840, 2842, 2880, 2896, 2921, 2957, 2958, 2990, 2993, 3036, 3060, 3063, 3108, 3109, 3151, 3159, 3179, 3209, 3328, 3384, 3458, 3642, 3732, 3757, 3762, 3792, 3883, 4300, 4568, 4633, 4646, 4695, 4700, 4804, 4871, 5012, 5028, 5039, 5259, 5331, 5460, 5594, 5648, 5658, 5733, 5760, 5773, 5920, 5933, 5998, 6001, 6012, 6115, 6262, 6582, 6591, 6595, 6612, 6618, 6619, 6663, 6729, 6737, 6740, 6743, 6835, 6894, 6921, 6933, 6951, 7052, 7079, 7212, 7217, 7301, 7317, 7322, 7334, 7387, 7406, 7407, 7419, 7449, 7470, 7513, 7546, 7602, 7900, 8031, 8037, 8065, 8175, 8247, 8450, 8465, 8506, 8631, 8704, 8926, 8934, 8949, 8950, 8962, 9309, 9311, 9332, 9338, 9379, 9511, 9719, 9723, 9738, 9749, 9772, 9792, 10039, 10136, 10344, 10355, 10359, 10365, 10649, 10801, 10971, 11208, 11260, 11263, 11429, 11666, 12261, 12471, 12800, 12819, 12896, 12969, 13032, 13035, 13048, 13056, 13686, 13701, 13717, 13909, 13925, 13952, 14088, 14095, 14228, 14258, 14322, 14388, 14395, 15337, 15378, 15429, 15441, 15453, 16095, 19731, 20376, 20491, 20493, 21456, 21591, 21595, 21621, 21820, 21923, 22555, 23502, 23548, 26489, 28011, 28020, 35071, 35089, 36810, 
rel: 1 k: 5 rho: 44.2337 maxRV: 1, 7, 9, 11, 18, 27, 30, 38, 58, 68, 74, 103, 116, 129, 131, 133, 135, 140, 147, 149, 150, 155, 158, 170, 214, 218, 226, 235, 246, 253, 262, 277, 301, 319, 362, 412, 415, 444, 630, 634, 636, 659, 680, 683, 687, 712, 718, 736, 853, 1068, 1073, 1076, 1082, 1139, 1143, 1160, 1220, 1506, 1508, 1515, 1516, 1523, 1524, 1540, 1546, 1549, 1572, 1582, 1592, 1609, 1864, 1875, 1878, 1906, 1935, 1973, 1994, 2387, 2806, 2811, 2812, 2814, 2815, 2819, 2820, 2821, 2822, 2825, 2842, 2874, 2880, 2893, 2894, 2896, 2907, 2919, 2947, 2958, 2990, 3040, 3060, 3109, 3159, 3352, 3419, 6115, 6582, 6591, 6595, 6618, 6663, 6729, 6737, 6863, 6894, 6903, 6907, 6914, 6921, 6933, 7079, 7103, 7170, 7449, 7602, 7603, 8037, 8170, 8175, 8704, 8888, 8917, 8924, 8935, 8950, 8962, 9604, 9723, 9749, 9792, 10336, 10340, 10342, 10344, 10346, 10355, 10357, 10359, 10360, 10363, 10376, 10394, 10395, 10401, 10414, 10422, 10423, 10430, 10431, 10435, 10439, 10442, 10457, 10607, 10610, 10612, 10613, 10616, 10619, 10621, 10623, 10632, 10635, 10637, 10640, 10645, 10646, 10649, 10662, 10663, 10675, 10676, 10683, 10685, 10691, 10695, 10709, 10710, 10728, 10729, 10741, 10744, 10754, 10755, 10760, 10773, 10781, 10809, 10827, 10964, 10966, 10980, 10986, 11002, 11016, 11042, 11044, 11207, 11208, 11260, 11310, 11320, 11666, 12471, 12819, 13117, 13717, 15282, 15284, 15296, 15340, 15377, 15392, 15488, 16095, 21792, 23548, 35071, 
rel: 1 k: 6 rho: 33.1901 maxRV: 7, 147, 149, 150, 155, 214, 246, 253, 262, 277, 301, 634, 652, 680, 736, 853, 1073, 1076, 1453, 1875, 1878, 1906, 1935, 2806, 2811, 2812, 2814, 2815, 2819, 2821, 2822, 2825, 2842, 2874, 2880, 2893, 2894, 2896, 2919, 2947, 2990, 2993, 3080, 3109, 3352, 3419, 6903, 6907, 6914, 6921, 6933, 7103, 7170, 7602, 7603, 8888, 8917, 10336, 10340, 10342, 10344, 10346, 10355, 10357, 10359, 10360, 10363, 10376, 10394, 10395, 10414, 10422, 10423, 10430, 10435, 10439, 10442, 10457, 10607, 10610, 10612, 10613, 10616, 10619, 10621, 10623, 10632, 10635, 10637, 10640, 10645, 10646, 10662, 10663, 10675, 10676, 10683, 10685, 10691, 10695, 10709, 10710, 10720, 10728, 10729, 10741, 10743, 10754, 10755, 10760, 10773, 10781, 10809, 10849, 10966, 11016, 11042, 11208, 11260, 13117, 15282, 15377, 
rel: 1 k: 7 rho: 30.6977 maxRV: 262, 634, 1073, 1875, 1878, 1906, 1935, 2806, 2811, 2812, 2814, 2815, 2819, 2821, 2822, 2825, 2842, 2874, 2880, 2893, 2894, 2896, 2905, 2919, 2947, 2993, 3080, 3109, 3419, 6903, 6907, 6914, 6921, 6933, 7103, 7170, 7602, 7603, 8888, 10336, 10340, 10344, 10346, 10355, 10357, 10359, 10363, 10376, 10394, 10395, 10414, 10423, 10435, 10439, 10610, 10612, 10616, 10621, 10632, 10635, 10637, 10640, 10645, 10646, 10662, 10663, 10675, 10676, 10683, 10685, 10691, 10695, 10709, 10710, 10728, 10729, 10743, 10754, 10755, 10760, 10781, 10809, 10849, 10966, 11016, 11260, 15377, 
rel: 1 k: 8 rho: 30.1495 maxRV: 262, 634, 1073, 1076, 1875, 1878, 1906, 1935, 2806, 2811, 2812, 2815, 2819, 2821, 2822, 2825, 2842, 2874, 2880, 2893, 2894, 2896, 2919, 2947, 3080, 3419, 6903, 6907, 6914, 6921, 6933, 7103, 7170, 8888, 10336, 10344, 10346, 10355, 10357, 10359, 10376, 10394, 10395, 10414, 10423, 10435, 10439, 10610, 10612, 10616, 10621, 10632, 10635, 10637, 10640, 10645, 10646, 10662, 10663, 10675, 10676, 10683, 10685, 10691, 10695, 10709, 10710, 10728, 10729, 10754, 10760, 10781, 10809, 10966, 11016, 11260, 
rel: 1 k: 9 rho: 26.6864 maxRV: 262, 634, 1073, 1076, 1875, 1878, 1935, 2806, 2811, 2812, 2815, 2819, 2821, 2822, 2825, 2874, 2880, 2893, 2894, 2896, 2919, 2947, 3080, 3419, 6903, 6907, 6914, 6921, 6933, 7103, 7170, 8888, 10336, 10342, 10344, 10346, 10357, 10359, 10376, 10394, 10395, 10414, 10435, 10439, 10610, 10612, 10616, 10621, 10632, 10635, 10637, 10640, 10645, 10646, 10662, 10663, 10675, 10676, 10683, 10685, 10695, 10709, 10710, 10724, 10728, 10729, 10754, 10760, 10781, 10809, 11016, 11260, 
rel: 1 k: 10 rho: 24.0561 maxRV: 262, 634, 1073, 1076, 1875, 1878, 1935, 2806, 2811, 2812, 2815, 2819, 2821, 2822, 2825, 2874, 2880, 2893, 2894, 2896, 2919, 2947, 3080, 6903, 6907, 6914, 6921, 6933, 7103, 7170, 8888, 10336, 10342, 10344, 10346, 10357, 10359, 10376, 10394, 10395, 10414, 10435, 10610, 10612, 10616, 10621, 10632, 10635, 10637, 10640, 10645, 10646, 10659, 10662, 10663, 10675, 10676, 10683, 10685, 10695, 10709, 10710, 10724, 10728, 10729, 10754, 10760, 11016, 
rel: 1 k: 11 rho: 21.821 maxRV: 262, 634, 1073, 1076, 1875, 1878, 2806, 2811, 2812, 2815, 2819, 2821, 2822, 2825, 2874, 2880, 2893, 2894, 2896, 2919, 2947, 3080, 6636, 6903, 6907, 6914, 6921, 6933, 7103, 7170, 10336, 10342, 10344, 10346, 10357, 10359, 10376, 10394, 10395, 10414, 10610, 10612, 10616, 10621, 10632, 10635, 10637, 10640, 10645, 10646, 10659, 10662, 10663, 10676, 10683, 10685, 10695, 10708, 10709, 10710, 10724, 10728, 10729, 10754, 10760, 11016, 
rel: 1 k: 12 rho: 19.2763 maxRV: 262, 634, 1073, 1875, 1878, 2806, 2811, 2812, 2815, 2819, 2821, 2822, 2825, 2874, 2880, 2893, 2894, 2896, 2919, 2947, 3080, 6636, 6903, 6907, 6914, 6921, 6933, 7170, 10336, 10342, 10344, 10346, 10359, 10376, 10394, 10395, 10414, 10610, 10612, 10621, 10632, 10635, 10637, 10640, 10645, 10646, 10659, 10662, 10663, 10676, 10683, 10685, 10709, 10710, 10728, 10729, 
rel: 1 k: 13 rho: 17.7128 maxRV: 262, 634, 1073, 1076, 1875, 1878, 2806, 2811, 2812, 2815, 2819, 2821, 2822, 2825, 2880, 2893, 2894, 2896, 2919, 2947, 3080, 6903, 6907, 6914, 6921, 6933, 7170, 10342, 10344, 10346, 10359, 10376, 10394, 10395, 10610, 10612, 10621, 10632, 10635, 10637, 10640, 10645, 10646, 10659, 10662, 10663, 10676, 10683, 10685, 10708, 10709, 10710, 10728, 10729, 10743, 
rel: 1 k: 14 rho: 16.6392 maxRV: 634, 1073, 1875, 2806, 2811, 2812, 2815, 2819, 2821, 2822, 2825, 2880, 2893, 2896, 2919, 2947, 6903, 6907, 6914, 6921, 6933, 7170, 10344, 10346, 10359, 10376, 10394, 10395, 10610, 10612, 10621, 10632, 10635, 10637, 10640, 10645, 10662, 10663, 10676, 10683, 10710, 10728, 10729, 10743, 
rel: 1 k: 15 rho: 14.4048 maxRV: 262, 634, 1073, 1076, 1875, 2806, 2811, 2812, 2815, 2819, 2821, 2822, 2825, 2880, 2893, 2896, 2919, 2947, 3080, 6903, 6907, 6914, 6921, 6933, 7170, 10344, 10346, 10359, 10376, 10610, 10612, 10621, 10632, 10635, 10637, 10640, 10645, 10659, 10662, 10663, 10676, 10683, 10710, 10729, 10743, 
rel: 1 k: 16 rho: 12.8481 maxRV: 262, 634, 1073, 1076, 1875, 2806, 2811, 2812, 2815, 2819, 2821, 2825, 2880, 2893, 2896, 2919, 3080, 6903, 6914, 6921, 6933, 7170, 10342, 10344, 10346, 10359, 10376, 10610, 10612, 10621, 10632, 10635, 10637, 10640, 10645, 10659, 10662, 10663, 10676, 10683, 10710, 10724, 10729, 10743, 
rel: 1 k: 17 rho: 7.25586 maxRV: 2811, 2815, 2819, 2919, 6914, 10344, 10359, 10610, 10612, 10621, 10632, 10635, 10637, 10645, 10659, 10662, 10663, 10676, 10683, 10708, 10729, 
rel: 1 k: 18 rho: 7.06241 maxRV: 2811, 2815, 2819, 2919, 6914, 10344, 10359, 10610, 10612, 10621, 10632, 10635, 10637, 10645, 10659, 10662, 10663, 10676, 10683, 10708, 10724, 10729, 
rel: 1 k: 3 rho: 402.667 maxRV: 1, 6, 7, 9, 11, 16, 18, 25, 27, 30, 32, 34, 43, 46, 47, 58, 66, 68, 70, 74, 103, 104, 106, 110, 116, 118, 129, 131, 133, 135, 138, 140, 147, 149, 150, 153, 155, 158, 160, 168, 169, 170, 175, 178, 183, 190, 200, 202, 208, 211, 214, 218, 226, 235, 236, 246, 253, 262, 267, 271, 277, 280, 295, 301, 319, 320, 321, 325, 354, 362, 378, 412, 413, 414, 415, 427, 439, 444, 449, 457, 463, 467, 481, 491, 493, 501, 505, 516, 527, 539, 553, 554, 558, 562, 568, 573, 575, 612, 613, 630, 634, 636, 650, 652, 655, 659, 680, 682, 683, 685, 686, 687, 696, 707, 712, 717, 718, 721, 729, 731, 736, 740, 745, 753, 757, 786, 792, 797, 802, 851, 853, 883, 893, 894, 898, 900, 902, 905, 909, 910, 914, 916, 921, 934, 944, 945, 950, 967, 970, 979, 980, 981, 985, 986, 989, 990, 994, 996, 1004, 1005, 1011, 1014, 1024, 1039, 1068, 1073, 1076, 1082, 1085, 1087, 1088, 1099, 1109, 1128, 1129, 1139, 1143, 1150, 1158, 1159, 1160, 1162, 1164, 1168, 1170, 1179, 1182, 1187, 1190, 1195, 1199, 1206, 1213, 1214, 1220, 1233, 1239, 1244, 1253, 1258, 1278, 1300, 1307, 1310, 1318, 1320, 1322, 1326, 1329, 1343, 1345, 1346, 1369, 1409, 1436, 1458, 1498, 1505, 1506, 1508, 1511, 1515, 1516, 1521, 1523, 1524, 1528, 1536, 1538, 1540, 1541, 1544, 1546, 1549, 1552, 1572, 1581, 1582, 1584, 1588, 1592, 1603, 1609, 1610, 1617, 1641, 1644, 1654, 1655, 1660, 1671, 1717, 1720, 1721, 1772, 1775, 1781, 1786, 1805, 1806, 1832, 1862, 1864, 1867, 1875, 1878, 1879, 1887, 1890, 1891, 1897, 1906, 1921, 1924, 1925, 1959, 1973, 1979, 1986, 1989, 1994, 1995, 2003, 2004, 2008, 2009, 2015, 2020, 2030, 2036, 2039, 2053, 2057, 2066, 2072, 2077, 2079, 2101, 2106, 2135, 2136, 2139, 2151, 2176, 2190, 2192, 2199, 2201, 2224, 2235, 2244, 2248, 2260, 2304, 2312, 2315, 2324, 2339, 2345, 2360, 2368, 2378, 2385, 2387, 2394, 2396, 2399, 2406, 2408, 2421, 2425, 2428, 2436, 2443, 2449, 2475, 2477, 2508, 2510, 2515, 2520, 2566, 2594, 2613, 2615, 2618, 2619, 2623, 2626, 2660, 2664, 2675, 2722, 2726, 2767, 2789, 2791, 2806, 2811, 2812, 2819, 2820, 2822, 2826, 2835, 2836, 2840, 2841, 2842, 2849, 2858, 2866, 2868, 2896, 2905, 2907, 2911, 2919, 2921, 2922, 2928, 2943, 2944, 2951, 2957, 2958, 2988, 2990, 2993, 3003, 3032, 3036, 3060, 3063, 3067, 3080, 3081, 3084, 3108, 3109, 3111, 3135, 3145, 3151, 3159, 3179, 3189, 3209, 3227, 3241, 3247, 3256, 3328, 3336, 3337, 3342, 3349, 3352, 3357, 3363, 3368, 3373, 3380, 3384, 3395, 3409, 3427, 3430, 3436, 3446, 3450, 3458, 3459, 3465, 3496, 3504, 3518, 3566, 3580, 3583, 3642, 3645, 3662, 3663, 3668, 3675, 3682, 3692, 3732, 3750, 3753, 3757, 3762, 3786, 3792, 3818, 3826, 3880, 3881, 3883, 3924, 3926, 3941, 3949, 3950, 4012, 4028, 4045, 4046, 4148, 4178, 4190, 4203, 4232, 4244, 4249, 4298, 4300, 4304, 4306, 4319, 4367, 4417, 4442, 4447, 4469, 4495, 4512, 4547, 4568, 4578, 4618, 4629, 4633, 4646, 4647, 4656, 4659, 4690, 4692, 4695, 4700, 4804, 4819, 4825, 4826, 4841, 4871, 4875, 4939, 4942, 4948, 4982, 4987, 4996, 4997, 5006, 5011, 5012, 5019, 5026, 5028, 5033, 5035, 5039, 5055, 5077, 5099, 5155, 5168, 5220, 5221, 5259, 5270, 5274, 5294, 5331, 5415, 5424, 5425, 5437, 5440, 5450, 5460, 5532, 5566, 5571, 5594, 5612, 5637, 5641, 5643, 5644, 5648, 5657, 5658, 5664, 5667, 5689, 5693, 5704, 5705, 5708, 5719, 5723, 5730, 5733, 5742, 5748, 5754, 5760, 5773, 5785, 5801, 5848, 5856, 5857, 5858, 5872, 5896, 5911, 5920, 5932, 5933, 5957, 5967, 5977, 5981, 5987, 5992, 5994, 5998, 6001, 6012, 6018, 6021, 6032, 6035, 6038, 6067, 6083, 6085, 6097, 6100, 6102, 6110, 6115, 6120, 6121, 6123, 6158, 6187, 6192, 6193, 6197, 6208, 6215, 6222, 6227, 6228, 6244, 6262, 6265, 6269, 6294, 6298, 6300, 6304, 6310, 6312, 6318, 6327, 6339, 6341, 6344, 6346, 6366, 6381, 6385, 6410, 6425, 6440, 6448, 6473, 6487, 6488, 6489, 6500, 6526, 6582, 6588, 6591, 6595, 6596, 6612, 6618, 6619, 6636, 6663, 6701, 6708, 6729, 6737, 6740, 6743, 6776, 6826, 6833, 6835, 6863, 6869, 6873, 6880, 6894, 6907, 6921, 6940, 6951, 6954, 6961, 6972, 6991, 7006, 7016, 7026, 7051, 7052, 7079, 7103, 7122, 7170, 7210, 7212, 7216, 7217, 7248, 7299, 7301, 7312, 7317, 7322, 7339, 7341, 7362, 7374, 7375, 7385, 7386, 7387, 7406, 7407, 7419, 7442, 7449, 7459, 7470, 7488, 7520, 7546, 7602, 7603, 7613, 7618, 7630, 7639, 7672, 7710, 7723, 7727, 7735, 7774, 7811, 7813, 7836, 7895, 7900, 7927, 7960, 7971, 7984, 7987, 8017, 8024, 8029, 8031, 8033, 8037, 8046, 8060, 8065, 8127, 8131, 8167, 8175, 8247, 8272, 8279, 8297, 8342, 8377, 8380, 8385, 8388, 8390, 8434, 8450, 8457, 8465, 8506, 8520, 8531, 8553, 8564, 8572, 8583, 8588, 8589, 8592, 8595, 8611, 8631, 8653, 8699, 8704, 8705, 8766, 8775, 8800, 8843, 8874, 8880, 8885, 8888, 8890, 8896, 8910, 8917, 8926, 8934, 8950, 8962, 9000, 9022, 9023, 9117, 9188, 9189, 9209, 9226, 9239, 9285, 9309, 9311, 9313, 9318, 9319, 9332, 9335, 9338, 9379, 9511, 9528, 9534, 9548, 9553, 9604, 9610, 9615, 9654, 9656, 9663, 9664, 9707, 9719, 9720, 9723, 9738, 9744, 9749, 9760, 9765, 9772, 9792, 9798, 9799, 9822, 9826, 9827, 9835, 9869, 9870, 9887, 9897, 9989, 10039, 10042, 10076, 10132, 10136, 10137, 10146, 10163, 10198, 10217, 10243, 10256, 10336, 10342, 10344, 10346, 10355, 10378, 10431, 10489, 10529, 10548, 10557, 10613, 10659, 10708, 10720, 10724, 10734, 10743, 10765, 10848, 10849, 10876, 10877, 10880, 10971, 10983, 11016, 11042, 11104, 11152, 11156, 11175, 11177, 11190, 11194, 11208, 11217, 11221, 11243, 11249, 11382, 11409, 11428, 11429, 11450, 11452, 11457, 11473, 11479, 11496, 11550, 11647, 11666, 11708, 11817, 11913, 11975, 11987, 12025, 12042, 12097, 12109, 12141, 12181, 12218, 12247, 12260, 12261, 12269, 12272, 12351, 12378, 12383, 12428, 12432, 12465, 12467, 12468, 12471, 12477, 12480, 12481, 12607, 12649, 12666, 12671, 12733, 12739, 12748, 12752, 12753, 12756, 12788, 12797, 12800, 12819, 12821, 12838, 12862, 12863, 12867, 12877, 12885, 12896, 12898, 12902, 12906, 12922, 12947, 12969, 12973, 12982, 13056, 13084, 13138, 13443, 13474, 13535, 13646, 13659, 13686, 13689, 13699, 13701, 13717, 13795, 13823, 13907, 13908, 13909, 13911, 13925, 13929, 13930, 13936, 13945, 13952, 13963, 13964, 13968, 13975, 14004, 14011, 14088, 14095, 14101, 14115, 14154, 14198, 14200, 14226, 14227, 14228, 14230, 14235, 14244, 14247, 14258, 14261, 14274, 14277, 14304, 14318, 14322, 14326, 14360, 14388, 14489, 14513, 14546, 14549, 14553, 14578, 14598, 14613, 14624, 14628, 14755, 14763, 14768, 14772, 14779, 14798, 14815, 14866, 14874, 14907, 14949, 14950, 14954, 14958, 14981, 14988, 15055, 15075, 15190, 15193, 15199, 15305, 15337, 15382, 15424, 15453, 15469, 15570, 15968, 16086, 16095, 16103, 16121, 16138, 16234, 16284, 16294, 16345, 16353, 16453, 16462, 16472, 16591, 16625, 16742, 16754, 16761, 17045, 17167, 17200, 17213, 17226, 17330, 17422, 17575, 17579, 17582, 17597, 17658, 17796, 17798, 17802, 17804, 17807, 17808, 17812, 17813, 17819, 17903, 17907, 17912, 17939, 18005, 18058, 18059, 18093, 18113, 18128, 18175, 18398, 18652, 18876, 18924, 18932, 19036, 19044, 19072, 19133, 19224, 19245, 19252, 19323, 19363, 19366, 19379, 19401, 19415, 19419, 19434, 19443, 19450, 19453, 19456, 19478, 19486, 19610, 19656, 19666, 19675, 19731, 19735, 19751, 19760, 19820, 19953, 20157, 20226, 20376, 20384, 20412, 20424, 20425, 20481, 20491, 20492, 20493, 20494, 20531, 20591, 20678, 20679, 20950, 21032, 21044, 21137, 21240, 21248, 21326, 21329, 21369, 21422, 21570, 21591, 21595, 21597, 21621, 21686, 21695, 21698, 21699, 21707, 21709, 21728, 21868, 21958, 21978, 21982, 22002, 22155, 22344, 22555, 22772, 23077, 23141, 23142, 23249, 23251, 23346, 23452, 23458, 23459, 23502, 23548, 23619, 23689, 23763, 23774, 23841, 23850, 23875, 23955, 24085, 24178, 24187, 24278, 24337, 24351, 24478, 24597, 24606, 24618, 24621, 24629, 24712, 24968, 24998, 25034, 25044, 25224, 25234, 25238, 25242, 25243, 25244, 25256, 25373, 25405, 25597, 25810, 25817, 26075, 26138, 26296, 26312, 26416, 26489, 26496, 26772, 26963, 27301, 27580, 27999, 28011, 28016, 28019, 28020, 28024, 28027, 28377, 29103, 29277, 29352, 29353, 29437, 29490, 29509, 29630, 29644, 30653, 30691, 30775, 30999, 31006, 31019, 31053, 31302, 31589, 31590, 31624, 31627, 31628, 31629, 31630, 31662, 31802, 32061, 32261, 32425, 32427, 32511, 32592, 33162, 33307, 33605, 33789, 34054, 35071, 35089, 35405, 35406, 35735, 35824, 36715, 36830, 37095, 37110, 37527, 39316, 39518, 40103, 42631, 42786, 42810, 42934, 43245, 46231, 49399, 
rel: 1 k: 4 rho: 99.0188 maxRV: 1, 7, 9, 11, 16, 18, 27, 30, 46, 47, 58, 68, 74, 103, 116, 129, 131, 133, 135, 140, 147, 149, 150, 153, 155, 158, 168, 170, 183, 200, 208, 214, 218, 226, 235, 246, 253, 277, 280, 295, 301, 319, 362, 378, 412, 415, 444, 457, 467, 516, 527, 562, 630, 636, 652, 655, 659, 680, 682, 683, 685, 686, 687, 712, 718, 721, 736, 797, 802, 853, 894, 898, 900, 910, 921, 944, 981, 986, 989, 1068, 1082, 1085, 1087, 1088, 1139, 1143, 1158, 1160, 1164, 1168, 1179, 1182, 1187, 1213, 1220, 1244, 1253, 1310, 1343, 1345, 1436, 1453, 1498, 1505, 1506, 1508, 1515, 1516, 1523, 1524, 1528, 1536, 1540, 1544, 1546, 1549, 1572, 1582, 1592, 1609, 1641, 1692, 1720, 1805, 1862, 1864, 1897, 1924, 1973, 1979, 1994, 2003, 2004, 2244, 2260, 2387, 2428, 2613, 2767, 2789, 2820, 2835, 2840, 2866, 2893, 2921, 2957, 2958, 2990, 3036, 3060, 3063, 3108, 3159, 3179, 3209, 3328, 3384, 3458, 3642, 3732, 3757, 3762, 3792, 3883, 4300, 4568, 4633, 4646, 4695, 4700, 4804, 4871, 5012, 5028, 5039, 5259, 5331, 5460, 5594, 5658, 5733, 5760, 5773, 5920, 5933, 5998, 6001, 6012, 6115, 6262, 6582, 6591, 6595, 6612, 6618, 6619, 6663, 6729, 6737, 6740, 6743, 6835, 6863, 6894, 6907, 6921, 7052, 7079, 7212, 7217, 7301, 7317, 7322, 7334, 7387, 7406, 7407, 7419, 7449, 7470, 7546, 7900, 8031, 8037, 8065, 8175, 8450, 8465, 8506, 8631, 8704, 8926, 8934, 8950, 8962, 9309, 9311, 9332, 9338, 9379, 9511, 9719, 9723, 9738, 9749, 9772, 9792, 10039, 10136, 11429, 12261, 12471, 12800, 12819, 13686, 13701, 13717, 14088, 14095, 14228, 14258, 14322, 16095, 19731, 20376, 20491, 20493, 21591, 21595, 21621, 22555, 23548, 35071, 35089, 
rel: 1 k: 5 rho: 47.445 maxRV: 147, 262, 634, 1073, 1076, 1875, 1878, 1906, 1935, 2806, 2811, 2812, 2814, 2815, 2819, 2821, 2822, 2825, 2842, 2874, 2880, 2893, 2894, 2896, 2907, 2919, 2947, 2993, 3040, 3080, 3109, 3419, 6903, 6907, 6914, 6921, 6933, 7103, 7170, 7602, 7603, 8170, 8247, 8888, 8917, 8924, 8935, 10336, 10340, 10342, 10344, 10346, 10355, 10357, 10359, 10360, 10363, 10376, 10394, 10395, 10401, 10414, 10422, 10423, 10430, 10431, 10435, 10439, 10442, 10457, 10607, 10610, 10612, 10613, 10616, 10619, 10621, 10623, 10632, 10635, 10637, 10640, 10645, 10646, 10649, 10662, 10663, 10675, 10676, 10683, 10685, 10691, 10695, 10709, 10710, 10728, 10729, 10741, 10744, 10754, 10755, 10760, 10773, 10781, 10809, 10827, 10849, 10880, 10964, 10966, 10980, 10986, 11002, 11016, 11042, 11044, 11207, 11208, 11260, 11310, 11320, 11666, 13117, 15282, 15284, 15296, 15340, 15377, 15392, 15488, 21792, 
rel: 1 k: 6 rho: 37.9693 maxRV: 262, 634, 1073, 1076, 1875, 1878, 1906, 1935, 2806, 2811, 2812, 2814, 2815, 2819, 2821, 2822, 2825, 2842, 2874, 2880, 2893, 2894, 2896, 2919, 2947, 3080, 3352, 3419, 6903, 6907, 6914, 6921, 6933, 7103, 7170, 8888, 8917, 10336, 10340, 10342, 10344, 10346, 10355, 10357, 10359, 10360, 10363, 10376, 10394, 10395, 10414, 10422, 10423, 10430, 10435, 10439, 10442, 10457, 10607, 10610, 10612, 10613, 10616, 10619, 10621, 10623, 10632, 10635, 10637, 10640, 10645, 10646, 10662, 10663, 10675, 10676, 10683, 10685, 10691, 10695, 10709, 10710, 10720, 10728, 10729, 10741, 10743, 10754, 10755, 10760, 10773, 10781, 10809, 10966, 11016, 11042, 11208, 11260, 13117, 15282, 15377, 
rel: 1 k: 7 rho: 31.6244 maxRV: 262, 634, 1073, 1076, 1875, 1878, 1906, 1935, 2806, 2811, 2812, 2814, 2815, 2819, 2821, 2822, 2825, 2842, 2874, 2880, 2893, 2894, 2896, 2919, 2947, 3419, 6903, 6907, 6914, 6933, 7103, 7170, 8888, 10336, 10340, 10342, 10344, 10346, 10355, 10357, 10359, 10363, 10376, 10394, 10395, 10414, 10423, 10435, 10439, 10610, 10612, 10616, 10621, 10632, 10635, 10637, 10640, 10645, 10646, 10659, 10662, 10663, 10675, 10676, 10683, 10685, 10691, 10695, 10708, 10709, 10710, 10724, 10728, 10729, 10743, 10754, 10755, 10760, 10781, 10809, 10966, 11016, 11260, 15377, 
rel: 1 k: 8 rho: 27.6643 maxRV: 262, 634, 1073, 1076, 1875, 1878, 1906, 1935, 2806, 2811, 2812, 2815, 2819, 2821, 2822, 2825, 2842, 2874, 2880, 2893, 2894, 2896, 2919, 2947, 3080, 3352, 3419, 6636, 6903, 6907, 6914, 6921, 6933, 7103, 7170, 8888, 10198, 10336, 10342, 10344, 10346, 10355, 10357, 10359, 10376, 10394, 10395, 10414, 10423, 10435, 10439, 10610, 10612, 10613, 10616, 10621, 10632, 10635, 10637, 10640, 10645, 10646, 10659, 10662, 10663, 10675, 10676, 10683, 10685, 10691, 10695, 10708, 10709, 10710, 10720, 10724, 10728, 10729, 10734, 10743, 10754, 10760, 10765, 10781, 10809, 10966, 11016, 11260, 
rel: 1 k: 9 rho: 25.2102 maxRV: 262, 634, 1073, 1076, 1875, 1878, 1935, 2806, 2811, 2812, 2815, 2819, 2821, 2822, 2825, 2874, 2880, 2893, 2894, 2896, 2919, 2947, 3080, 3419, 6636, 6903, 6907, 6914, 6921, 6933, 7103, 7170, 8888, 10336, 10342, 10344, 10346, 10357, 10359, 10376, 10394, 10395, 10414, 10435, 10439, 10610, 10612, 10613, 10616, 10621, 10632, 10635, 10637, 10640, 10645, 10646, 10659, 10662, 10663, 10675, 10676, 10683, 10685, 10695, 10708, 10709, 10710, 10720, 10724, 10728, 10729, 10734, 10743, 10754, 10760, 10765, 10781, 10809, 11016, 11260, 
rel: 1 k: 10 rho: 24.1322 maxRV: 262, 634, 1073, 1875, 1878, 1935, 2806, 2811, 2812, 2815, 2819, 2821, 2822, 2825, 2874, 2880, 2893, 2894, 2896, 2919, 2947, 3080, 6636, 6903, 6907, 6914, 6933, 7103, 7170, 8888, 10336, 10342, 10344, 10346, 10357, 10359, 10376, 10394, 10395, 10414, 10435, 10610, 10612, 10616, 10621, 10632, 10635, 10637, 10640, 10645, 10646, 10659, 10662, 10663, 10675, 10676, 10683, 10685, 10695, 10708, 10709, 10710, 10724, 10728, 10729, 10754, 10760, 11016, 
rel: 1 k: 11 rho: 22.1928 maxRV: 262, 634, 1073, 1076, 1875, 1878, 2806, 2811, 2812, 2815, 2819, 2821, 2822, 2825, 2874, 2880, 2893, 2894, 2896, 2919, 2947, 6636, 6903, 6907, 6914, 6921, 6933, 7103, 7170, 10336, 10342, 10344, 10346, 10357, 10359, 10376, 10394, 10395, 10414, 10610, 10612, 10616, 10621, 10632, 10635, 10637, 10640, 10645, 10646, 10659, 10662, 10663, 10676, 10683, 10685, 10695, 10708, 10709, 10710, 10728, 10729, 10754, 10760, 11016, 
rel: 1 k: 12 rho: 19.2763 maxRV: 262, 634, 1073, 1875, 1878, 2806, 2811, 2812, 2815, 2819, 2821, 2822, 2825, 2874, 2880, 2893, 2894, 2896, 2919, 2947, 3080, 6636, 6903, 6907, 6914, 6921, 6933, 7170, 10336, 10342, 10344, 10346, 10359, 10376, 10394, 10395, 10414, 10610, 10612, 10621, 10632, 10635, 10637, 10640, 10645, 10646, 10659, 10662, 10663, 10676, 10683, 10685, 10709, 10710, 10728, 10729, 
rel: 1 k: 13 rho: 17.8663 maxRV: 262, 634, 1073, 1076, 1875, 1878, 2806, 2811, 2812, 2815, 2819, 2821, 2822, 2825, 2880, 2893, 2894, 2896, 2919, 2947, 3080, 6903, 6907, 6914, 6921, 6933, 7170, 10342, 10344, 10346, 10359, 10376, 10394, 10395, 10610, 10612, 10621, 10632, 10635, 10637, 10640, 10645, 10646, 10659, 10662, 10663, 10676, 10683, 10685, 10708, 10709, 10710, 10728, 10729, 
rel: 1 k: 14 rho: 15.2443 maxRV: 262, 634, 1073, 1076, 1875, 2806, 2811, 2812, 2815, 2819, 2821, 2822, 2825, 2880, 2893, 2896, 2919, 2947, 3080, 6903, 6907, 6914, 6921, 6933, 7170, 10342, 10344, 10346, 10359, 10376, 10394, 10395, 10610, 10612, 10621, 10632, 10635, 10637, 10640, 10645, 10659, 10662, 10663, 10676, 10683, 10708, 10710, 10724, 10728, 10729, 10734, 10743, 10765, 
rel: 1 k: 15 rho: 14.2748 maxRV: 262, 634, 1073, 1076, 1875, 2806, 2811, 2812, 2815, 2819, 2821, 2822, 2825, 2880, 2893, 2896, 2919, 2947, 3080, 6903, 6907, 6914, 6921, 6933, 7170, 10342, 10344, 10346, 10359, 10376, 10610, 10612, 10621, 10632, 10635, 10637, 10640, 10645, 10659, 10662, 10663, 10676, 10683, 10710, 10724, 10729, 
rel: 1 k: 16 rho: 12.7645 maxRV: 262, 634, 1073, 1076, 1875, 2806, 2811, 2812, 2815, 2819, 2821, 2825, 2880, 2893, 2896, 2919, 3080, 6903, 6914, 6921, 6933, 7170, 10342, 10344, 10346, 10359, 10376, 10610, 10612, 10621, 10632, 10635, 10637, 10640, 10645, 10659, 10662, 10663, 10676, 10683, 10708, 10710, 10724, 10729, 10734, 10743, 
rel: 1 k: 17 rho: 7.25586 maxRV: 2811, 2815, 2819, 2919, 6914, 10344, 10359, 10610, 10612, 10621, 10632, 10635, 10637, 10645, 10659, 10662, 10663, 10676, 10683, 10724, 10729, 
rel: 1 k: 18 rho: 7.06241 maxRV: 2811, 2815, 2819, 2919, 6914, 10344, 10359, 10610, 10612, 10621, 10632, 10635, 10637, 10645, 10659, 10662, 10663, 10676, 10683, 10708, 10724, 10729, 
query: 52
Construct Successful.
query: 53
Construct Successful.
query: 54
Construct Successful.
query: 55
Construct Successful.
query: 56
Construct Successful.
query: 57
Construct Successful.
query: 58
Construct Successful.
query: 59
Construct Successful.
query: 60
Construct Successful.
query: 61
Construct Successful.
query: 62
Construct Successful.
query: 63
Construct Successful.
query: 64
Construct Successful.
query: 65
Construct Successful.
query: 66
Construct Successful.
query: 67
Construct Successful.
query: 68
Construct Successful.
query: 69
Construct Successful.
query: 70
Construct Successful.
query: 71
Construct Successful.
query: 72
Construct Successful.
query: 73
Construct Successful.
query: 74
Construct Successful.
query: 75
Construct Successful.
query: 76
Construct Successful.
query: 77
Construct Successful.
query: 78
Construct Successful.
query: 79
Construct Successful.
query: 80
Construct Successful.
rel: 1 k: 5 rho: 1.12933 maxRV: 0, 1, 2, 3, 4, 
rel: 1 k: 4 rho: 1.5875 maxRV: 0, 1, 2, 3, 4, 9, 
rel: 1 k: 3 rho: 2.04853 maxRV: 0, 1, 2, 3, 4, 9, 12, 
rel: 1 k: 3 rho: 2.04853 maxRV: 2812, 2821, 2874, 2896, 6907, 7108, 10619, 
rel: 1 k: 4 rho: 1.5875 maxRV: 2812, 2821, 2874, 2896, 6907, 7108, 
rel: 1 k: 5 rho: 1.12933 maxRV: 2812, 2821, 2874, 2896, 6907, 
rel: 1 k: 3 rho: 2.04853 maxRV: 2812, 2821, 2874, 2896, 6907, 7108, 10619, 
rel: 1 k: 4 rho: 1.5875 maxRV: 2812, 2821, 2874, 2896, 6907, 7108, 
rel: 1 k: 5 rho: 1.12933 maxRV: 2812, 2821, 2874, 2896, 6907, 
query: 81
Construct Successful.
query: 82
Construct Successful.
query: 83
Construct Successful.
query: 84
Construct Successful.
query: 85
Construct Successful.
query: 86
Construct Successful.
query: 87
Construct Successful.
query: 88
Construct Successful.
query: 89
Construct Successful.
query: 90
Construct Successful.
rel: 1 k: 19 rho: 6.77742 maxRV: 0, 1, 2, 3, 4, 5, 6, 7, 8, 9, 10, 11, 12, 13, 14, 15, 16, 17, 18, 19, 
rel: 1 k: 18 rho: 7.99556 maxRV: 0, 1, 2, 3, 4, 5, 6, 7, 8, 9, 10, 11, 12, 13, 14, 15, 16, 17, 18, 20, 21, 
rel: 1 k: 17 rho: 9.61705 maxRV: 0, 1, 2, 3, 4, 5, 6, 7, 8, 9, 10, 11, 12, 13, 14, 15, 16, 17, 18, 19, 20, 21, 22, 23, 24, 25, 
rel: 1 k: 16 rho: 9.92173 maxRV: 0, 1, 2, 3, 4, 5, 6, 7, 8, 9, 10, 11, 12, 13, 14, 15, 16, 17, 18, 20, 21, 22, 23, 24, 25, 
rel: 1 k: 15 rho: 10.397 maxRV: 0, 1, 2, 3, 4, 5, 6, 7, 8, 9, 10, 11, 13, 14, 15, 16, 17, 18, 19, 20, 21, 22, 23, 24, 25, 30, 
rel: 1 k: 14 rho: 15.7468 maxRV: 0, 1, 2, 3, 4, 5, 6, 7, 8, 9, 10, 11, 12, 13, 14, 15, 16, 17, 18, 19, 20, 21, 22, 23, 24, 25, 30, 32, 34, 35, 36, 37, 38, 39, 40, 41, 42, 43, 44, 45, 46, 47, 48, 49, 
rel: 1 k: 13 rho: 18.5188 maxRV: 0, 1, 2, 3, 4, 5, 6, 7, 8, 9, 10, 11, 13, 14, 15, 16, 17, 18, 19, 20, 21, 22, 23, 24, 25, 30, 32, 33, 34, 35, 36, 37, 38, 39, 40, 41, 42, 43, 44, 45, 46, 47, 48, 49, 50, 53, 54, 55, 57, 58, 
rel: 1 k: 12 rho: 19.9136 maxRV: 0, 1, 2, 3, 4, 5, 6, 7, 8, 9, 10, 11, 13, 14, 15, 16, 17, 18, 19, 20, 21, 22, 23, 24, 25, 30, 32, 33, 34, 35, 36, 37, 38, 39, 40, 41, 42, 43, 44, 45, 46, 47, 48, 49, 50, 53, 54, 55, 57, 58, 59, 61, 62, 
rel: 1 k: 11 rho: 22.1827 maxRV: 0, 1, 2, 3, 4, 5, 6, 7, 8, 9, 10, 11, 12, 13, 14, 15, 16, 17, 18, 19, 20, 21, 22, 23, 24, 25, 29, 30, 32, 33, 34, 35, 36, 37, 38, 39, 40, 41, 42, 43, 44, 45, 46, 48, 49, 50, 53, 54, 55, 57, 58, 59, 61, 62, 86, 87, 88, 89, 90, 91, 
rel: 1 k: 10 rho: 24.7674 maxRV: 0, 1, 2, 3, 4, 5, 6, 7, 8, 9, 10, 11, 12, 13, 14, 15, 16, 17, 18, 19, 20, 21, 22, 23, 24, 25, 26, 30, 32, 33, 34, 35, 36, 37, 38, 39, 40, 41, 42, 43, 44, 45, 46, 47, 48, 49, 50, 53, 54, 55, 57, 58, 59, 61, 62, 86, 87, 88, 89, 90, 91, 98, 99, 100, 101, 102, 103, 
rel: 1 k: 9 rho: 27.119 maxRV: 0, 1, 2, 3, 4, 5, 6, 7, 8, 9, 10, 11, 12, 13, 14, 15, 16, 17, 18, 19, 20, 21, 22, 23, 24, 25, 30, 32, 33, 34, 35, 36, 37, 38, 39, 40, 41, 42, 43, 44, 45, 46, 47, 48, 49, 50, 53, 54, 55, 56, 57, 58, 59, 61, 62, 86, 87, 88, 89, 90, 91, 98, 99, 100, 101, 102, 103, 123, 124, 125, 126, 127, 
rel: 1 k: 8 rho: 28.7028 maxRV: 0, 1, 2, 3, 4, 5, 6, 7, 8, 9, 10, 11, 13, 14, 15, 16, 17, 18, 19, 20, 21, 22, 23, 24, 25, 30, 32, 33, 34, 35, 36, 37, 38, 39, 40, 41, 42, 43, 44, 45, 46, 47, 48, 49, 50, 53, 54, 55, 57, 58, 59, 61, 62, 86, 87, 88, 89, 90, 91, 98, 99, 100, 101, 102, 103, 123, 124, 125, 126, 127, 150, 151, 
rel: 1 k: 7 rho: 30.7437 maxRV: 0, 1, 2, 3, 4, 5, 6, 7, 8, 9, 10, 11, 12, 13, 14, 15, 16, 17, 18, 19, 20, 21, 22, 23, 24, 25, 26, 27, 28, 29, 30, 31, 32, 33, 34, 35, 36, 37, 38, 39, 40, 41, 42, 43, 44, 45, 46, 47, 48, 49, 50, 51, 52, 53, 54, 55, 56, 57, 58, 59, 60, 61, 62, 63, 64, 65, 66, 67, 68, 69, 70, 71, 72, 73, 74, 75, 76, 77, 78, 79, 80, 81, 82, 83, 84, 85, 86, 87, 88, 89, 90, 91, 92, 93, 94, 95, 96, 97, 98, 99, 100, 101, 102, 103, 104, 105, 106, 107, 108, 109, 110, 111, 112, 113, 114, 115, 116, 117, 118, 119, 120, 121, 122, 123, 124, 125, 126, 127, 128, 129, 130, 131, 141, 142, 143, 144, 145, 146, 147, 148, 149, 150, 151, 152, 161, 162, 163, 164, 165, 166, 170, 171, 172, 173, 174, 175, 177, 178, 179, 180, 181, 182, 183, 184, 185, 186, 187, 188, 192, 193, 194, 195, 196, 197, 198, 199, 200, 201, 202, 203, 204, 
rel: 1 k: 6 rho: 43.827 maxRV: 0, 1, 2, 3, 4, 5, 6, 7, 8, 9, 10, 11, 12, 13, 14, 15, 16, 17, 18, 19, 20, 21, 22, 23, 24, 25, 26, 27, 28, 29, 30, 31, 32, 33, 34, 35, 36, 37, 38, 39, 40, 41, 42, 43, 44, 45, 46, 47, 48, 49, 50, 51, 52, 53, 54, 55, 56, 57, 58, 59, 60, 61, 62, 63, 64, 65, 66, 67, 68, 69, 70, 71, 72, 73, 74, 75, 76, 77, 78, 79, 80, 81, 82, 83, 84, 85, 86, 87, 88, 89, 90, 91, 92, 93, 94, 95, 96, 97, 98, 99, 100, 101, 102, 103, 104, 105, 106, 107, 108, 109, 110, 111, 112, 113, 114, 115, 116, 117, 118, 119, 120, 121, 122, 123, 124, 125, 126, 127, 128, 129, 130, 131, 141, 142, 143, 144, 145, 146, 147, 148, 149, 150, 151, 152, 162, 163, 164, 165, 166, 170, 171, 172, 173, 174, 175, 177, 178, 179, 180, 181, 182, 183, 184, 185, 186, 187, 188, 192, 193, 194, 195, 196, 197, 198, 199, 200, 201, 202, 203, 204, 205, 206, 207, 208, 209, 210, 211, 251, 265, 266, 267, 268, 269, 270, 271, 272, 273, 274, 275, 276, 277, 278, 279, 280, 281, 282, 283, 285, 286, 287, 288, 289, 296, 297, 298, 299, 300, 301, 302, 303, 304, 305, 306, 307, 308, 309, 310, 311, 318, 319, 320, 338, 339, 340, 341, 342, 343, 344, 345, 347, 348, 349, 350, 351, 352, 359, 360, 361, 362, 363, 364, 365, 
rel: 1 k: 5 rho: 75.9261 maxRV: 0, 16, 19, 32, 33, 34, 36, 37, 39, 40, 42, 44, 45, 46, 47, 48, 56, 57, 63, 64, 65, 66, 67, 68, 69, 70, 71, 72, 73, 74, 75, 76, 77, 78, 79, 80, 81, 82, 83, 84, 85, 88, 92, 93, 94, 95, 96, 97, 105, 106, 107, 108, 109, 110, 111, 112, 113, 114, 115, 117, 118, 119, 120, 121, 130, 131, 141, 142, 143, 144, 145, 148, 149, 152, 162, 163, 164, 165, 166, 171, 172, 173, 175, 176, 177, 179, 185, 187, 192, 193, 194, 195, 196, 197, 198, 199, 200, 201, 202, 203, 204, 205, 206, 207, 208, 209, 210, 211, 212, 213, 214, 215, 216, 217, 218, 251, 262, 263, 264, 265, 266, 267, 268, 269, 270, 272, 273, 274, 276, 277, 279, 280, 281, 282, 283, 285, 286, 287, 288, 289, 299, 305, 306, 307, 308, 309, 310, 318, 319, 320, 338, 339, 340, 341, 342, 343, 344, 345, 347, 348, 349, 351, 359, 360, 361, 362, 363, 364, 365, 382, 388, 479, 480, 481, 482, 488, 490, 491, 494, 495, 496, 498, 499, 500, 501, 502, 503, 504, 505, 506, 507, 508, 517, 518, 519, 520, 521, 530, 537, 545, 546, 552, 553, 554, 555, 556, 557, 558, 575, 576, 577, 578, 579, 580, 582, 583, 584, 585, 586, 587, 588, 594, 595, 596, 598, 599, 600, 601, 608, 609, 610, 611, 612, 613, 614, 615, 616, 617, 618, 624, 627, 628, 630, 631, 632, 633, 634, 635, 636, 637, 639, 640, 641, 642, 645, 646, 647, 648, 649, 650, 651, 652, 653, 654, 655, 656, 657, 675, 676, 677, 678, 
rel: 1 k: 4 rho: 213.106 maxRV: 2, 16, 19, 26, 36, 37, 40, 42, 46, 47, 48, 56, 63, 64, 65, 66, 67, 68, 69, 70, 71, 72, 73, 74, 75, 76, 77, 78, 79, 80, 81, 82, 83, 84, 85, 88, 90, 92, 93, 94, 95, 96, 97, 100, 105, 106, 107, 108, 109, 111, 112, 113, 114, 115, 116, 117, 118, 119, 120, 121, 126, 130, 131, 141, 142, 143, 144, 145, 146, 148, 149, 152, 162, 163, 164, 165, 166, 170, 172, 174, 175, 177, 179, 187, 188, 192, 193, 194, 195, 196, 197, 198, 199, 200, 201, 202, 203, 204, 205, 206, 207, 208, 209, 210, 211, 212, 213, 214, 215, 216, 217, 218, 222, 224, 225, 234, 237, 238, 251, 252, 255, 262, 263, 264, 265, 266, 267, 268, 269, 270, 272, 273, 274, 278, 280, 281, 282, 283, 285, 286, 287, 288, 289, 299, 305, 306, 307, 308, 309, 310, 318, 319, 320, 321, 322, 323, 324, 325, 326, 327, 328, 329, 330, 331, 332, 333, 334, 338, 339, 340, 341, 342, 343, 344, 345, 346, 347, 348, 349, 351, 359, 360, 361, 362, 363, 364, 365, 366, 367, 368, 369, 370, 371, 381, 382, 383, 384, 385, 386, 387, 388, 395, 396, 397, 398, 399, 403, 404, 406, 407, 411, 412, 429, 430, 433, 434, 435, 436, 438, 439, 440, 441, 442, 443, 444, 446, 448, 450, 451, 452, 453, 455, 456, 457, 458, 459, 460, 461, 462, 463, 464, 465, 466, 467, 468, 479, 480, 481, 482, 488, 490, 491, 496, 498, 501, 502, 504, 505, 506, 507, 508, 519, 520, 521, 530, 537, 538, 539, 540, 541, 542, 543, 544, 545, 546, 552, 553, 554, 555, 556, 557, 558, 559, 560, 561, 562, 563, 564, 565, 566, 567, 568, 569, 570, 571, 572, 573, 574, 575, 576, 577, 578, 579, 580, 582, 583, 584, 585, 586, 587, 588, 594, 595, 596, 598, 599, 600, 601, 602, 603, 604, 605, 606, 607, 608, 609, 610, 611, 612, 613, 614, 615, 616, 617, 618, 619, 620, 621, 622, 623, 624, 627, 628, 630, 631, 632, 633, 634, 635, 636, 637, 639, 640, 641, 642, 643, 644, 645, 646, 647, 648, 649, 650, 651, 653, 654, 655, 656, 657, 663, 664, 665, 666, 667, 668, 675, 676, 677, 678, 706, 707, 708, 737, 738, 739, 740, 741, 742, 743, 744, 745, 746, 747, 748, 749, 751, 757, 758, 759, 760, 761, 762, 763, 764, 765, 770, 771, 776, 777, 778, 779, 792, 794, 799, 801, 802, 803, 804, 805, 806, 809, 810, 819, 820, 821, 822, 830, 831, 832, 833, 841, 842, 843, 844, 845, 846, 847, 848, 853, 856, 857, 858, 859, 860, 867, 868, 869, 870, 885, 886, 887, 889, 901, 902, 904, 906, 907, 908, 915, 916, 922, 923, 924, 925, 926, 927, 928, 936, 937, 941, 942, 943, 944, 946, 947, 948, 950, 951, 952, 953, 957, 962, 963, 964, 965, 966, 967, 968, 969, 970, 971, 972, 973, 974, 975, 982, 984, 985, 986, 987, 988, 989, 990, 996, 998, 1000, 1001, 1002, 1003, 1004, 1005, 1006, 1014, 1015, 1016, 1017, 1018, 1019, 1020, 1021, 1022, 1023, 1024, 1025, 1026, 1027, 1028, 1029, 1030, 1031, 1032, 1033, 1034, 1035, 1036, 1037, 1038, 1039, 1040, 1041, 1042, 1043, 1052, 1053, 1054, 1071, 1072, 1073, 1074, 1075, 1079, 1080, 1081, 1082, 1083, 1084, 1094, 1095, 1096, 1097, 1098, 1099, 1100, 1101, 1102, 1103, 1104, 1105, 1106, 1107, 1108, 1109, 1110, 1111, 1112, 1113, 1114, 1115, 1116, 1117, 1118, 1119, 1120, 1121, 1122, 1123, 1125, 1127, 1128, 1129, 1132, 1133, 1134, 1135, 1136, 1137, 1138, 1139, 1140, 1141, 1142, 1146, 1150, 1151, 1152, 1153, 1154, 1155, 1156, 1157, 1158, 1159, 1160, 1165, 1166, 1167, 1168, 1169, 1170, 1171, 1173, 1174, 1176, 1177, 1178, 1179, 1180, 1181, 1182, 1183, 1184, 1185, 1186, 1187, 1188, 1189, 1190, 1191, 1192, 1193, 1194, 1195, 1196, 1197, 1198, 1199, 1200, 1201, 1202, 1203, 1204, 1205, 1210, 1211, 1212, 1214, 1215, 1216, 1217, 1218, 1219, 1220, 1221, 1222, 1223, 1224, 1225, 1226, 1227, 1232, 1233, 1234, 1235, 1236, 1237, 1242, 1243, 1244, 1245, 1247, 1264, 1265, 1266, 1267, 1268, 1269, 1270, 1277, 1285, 1300, 1301, 1306, 1307, 1309, 1310, 1311, 1312, 1313, 1314, 1315, 1316, 1317, 1318, 1319, 
rel: 1 k: 3 rho: 677.233 maxRV: 2, 19, 26, 27, 33, 36, 37, 41, 44, 45, 46, 47, 49, 57, 63, 64, 65, 66, 67, 68, 69, 70, 71, 72, 73, 74, 75, 76, 77, 78, 79, 80, 81, 82, 83, 84, 85, 90, 92, 93, 94, 95, 96, 97, 103, 105, 106, 107, 108, 109, 111, 112, 113, 114, 115, 118, 119, 120, 121, 122, 126, 129, 130, 131, 141, 142, 143, 144, 145, 146, 148, 149, 152, 153, 155, 157, 158, 159, 161, 162, 163, 164, 165, 166, 170, 171, 172, 175, 177, 179, 187, 188, 192, 193, 194, 195, 196, 197, 198, 199, 200, 201, 202, 203, 204, 205, 206, 207, 208, 209, 210, 211, 212, 213, 214, 215, 216, 217, 218, 224, 225, 226, 227, 228, 229, 230, 231, 232, 234, 237, 238, 247, 249, 251, 255, 262, 263, 264, 265, 266, 267, 268, 269, 270, 271, 272, 273, 274, 279, 280, 281, 282, 283, 285, 286, 287, 288, 289, 299, 302, 305, 306, 307, 308, 309, 310, 311, 312, 313, 314, 315, 316, 317, 318, 319, 320, 321, 322, 323, 324, 325, 326, 327, 328, 329, 330, 331, 332, 333, 334, 338, 339, 340, 341, 342, 343, 344, 345, 346, 347, 348, 349, 351, 353, 354, 355, 356, 357, 358, 359, 360, 361, 362, 363, 364, 365, 366, 367, 368, 369, 370, 371, 372, 373, 374, 375, 376, 377, 378, 379, 381, 382, 383, 384, 385, 386, 387, 388, 389, 390, 391, 392, 393, 394, 395, 396, 397, 398, 399, 402, 403, 404, 406, 408, 410, 412, 413, 414, 415, 416, 417, 418, 419, 420, 421, 422, 423, 430, 433, 434, 435, 436, 437, 438, 439, 440, 441, 442, 443, 444, 448, 450, 451, 454, 455, 456, 457, 458, 459, 460, 461, 462, 463, 464, 465, 466, 467, 468, 469, 471, 477, 479, 480, 481, 482, 484, 486, 488, 490, 491, 496, 498, 501, 504, 505, 506, 507, 508, 512, 521, 523, 530, 535, 537, 538, 539, 540, 541, 542, 543, 544, 545, 546, 547, 548, 549, 550, 551, 552, 553, 554, 555, 556, 557, 558, 559, 560, 561, 562, 563, 564, 565, 566, 567, 568, 569, 570, 571, 572, 573, 574, 575, 576, 577, 578, 579, 580, 581, 582, 583, 584, 585, 586, 587, 588, 589, 590, 591, 592, 593, 594, 595, 596, 598, 599, 600, 601, 602, 603, 604, 605, 606, 607, 608, 609, 610, 611, 612, 613, 614, 615, 616, 617, 618, 619, 620, 621, 622, 623, 624, 626, 627, 628, 630, 631, 632, 633, 634, 635, 636, 637, 639, 640, 641, 642, 643, 644, 645, 646, 647, 648, 649, 650, 651, 652, 653, 654, 655, 656, 657, 658, 661, 662, 663, 664, 665, 666, 667, 668, 669, 670, 671, 673, 674, 675, 676, 677, 678, 689, 691, 692, 693, 694, 699, 701, 702, 703, 704, 705, 706, 707, 717, 718, 719, 720, 721, 722, 733, 734, 735, 736, 737, 738, 739, 740, 741, 742, 743, 744, 745, 746, 747, 748, 749, 751, 752, 753, 754, 755, 756, 757, 758, 759, 760, 761, 762, 763, 764, 765, 766, 767, 768, 769, 770, 771, 772, 773, 774, 775, 776, 777, 778, 779, 790, 795, 797, 798, 801, 802, 803, 804, 805, 806, 807, 808, 809, 810, 815, 816, 817, 818, 819, 820, 821, 822, 823, 824, 825, 826, 827, 828, 829, 830, 831, 832, 833, 834, 838, 839, 841, 842, 843, 844, 845, 846, 847, 848, 849, 851, 852, 853, 857, 858, 859, 860, 867, 868, 871, 873, 874, 875, 878, 885, 886, 887, 889, 891, 897, 902, 904, 906, 907, 908, 915, 916, 920, 922, 923, 924, 925, 926, 927, 928, 941, 942, 943, 944, 945, 946, 947, 948, 949, 950, 951, 952, 953, 955, 956, 957, 962, 963, 964, 965, 966, 967, 968, 969, 970, 971, 972, 973, 974, 975, 976, 977, 978, 979, 980, 981, 982, 983, 984, 985, 986, 987, 988, 989, 990, 996, 998, 1000, 1001, 1002, 1004, 1005, 1006, 1007, 1008, 1009, 1010, 1013, 1014, 1015, 1016, 1017, 1018, 1019, 1020, 1021, 1022, 1023, 1024, 1025, 1026, 1027, 1028, 1029, 1030, 1031, 1032, 1033, 1034, 1035, 1036, 1037, 1038, 1039, 1040, 1041, 1042, 1043, 1044, 1048, 1049, 1050, 1051, 1052, 1053, 1054, 1055, 1056, 1057, 1058, 1059, 1060, 1061, 1062, 1063, 1064, 1065, 1066, 1067, 1068, 1069, 1071, 1072, 1073, 1074, 1075, 1076, 1077, 1078, 1079, 1080, 1081, 1082, 1083, 1084, 1085, 1086, 1087, 1088, 1089, 1090, 1091, 1092, 1093, 1094, 1095, 1096, 1097, 1098, 1099, 1100, 1101, 1102, 1103, 1104, 1105, 1106, 1107, 1108, 1109, 1110, 1111, 1112, 1113, 1114, 1115, 1116, 1117, 1118, 1119, 1120, 1121, 1122, 1123, 1125, 1127, 1128, 1129, 1130, 1131, 1132, 1133, 1134, 1135, 1136, 1137, 1138, 1139, 1140, 1141, 1142, 1146, 1147, 1150, 1151, 1152, 1153, 1154, 1155, 1156, 1157, 1158, 1159, 1160, 1161, 1162, 1163, 1164, 1165, 1166, 1167, 1168, 1169, 1170, 1171, 1172, 1173, 1174, 1175, 1176, 1177, 1178, 1179, 1180, 1181, 1182, 1183, 1184, 1185, 1186, 1187, 1188, 1189, 1190, 1191, 1192, 1193, 1194, 1195, 1196, 1197, 1198, 1199, 1200, 1201, 1202, 1203, 1204, 1205, 1206, 1207, 1208, 1209, 1210, 1211, 1212, 1213, 1214, 1215, 1216, 1217, 1218, 1219, 1220, 1221, 1222, 1223, 1224, 1225, 1226, 1227, 1228, 1229, 1230, 1232, 1233, 1234, 1235, 1236, 1237, 1238, 1239, 1240, 1241, 1242, 1243, 1244, 1245, 1246, 1247, 1250, 1255, 1256, 1257, 1259, 1261, 1263, 1264, 1265, 1266, 1267, 1268, 1269, 1270, 1276, 1277, 1279, 1285, 1286, 1287, 1288, 1290, 1291, 1292, 1293, 1294, 1295, 1300, 1301, 1302, 1303, 1304, 1307, 1309, 1312, 1313, 1314, 1315, 1316, 1317, 1318, 1319, 1321, 1322, 1323, 1358, 1359, 1360, 1361, 1362, 1370, 1381, 1382, 1389, 1390, 1391, 1392, 1393, 1394, 1395, 1396, 1403, 1404, 1405, 1406, 1407, 1419, 1423, 1424, 1425, 1429, 1430, 1432, 1435, 1436, 1445, 1459, 1460, 1461, 1462, 1463, 1464, 1465, 1466, 1467, 1468, 1470, 1473, 1474, 1475, 1476, 1492, 1495, 1522, 1523, 1524, 1525, 1526, 1529, 1530, 1531, 1532, 1533, 1534, 1535, 1536, 1543, 1545, 1546, 1552, 1554, 1555, 1556, 1562, 1571, 1572, 1573, 1574, 1575, 1576, 1577, 1578, 1579, 1580, 1581, 1582, 1583, 1584, 1585, 1586, 1587, 1588, 1589, 1590, 1591, 1598, 1599, 1600, 1601, 1603, 1604, 1608, 1609, 1610, 1611, 1612, 1613, 1614, 1621, 1622, 1623, 1624, 1625, 1626, 1627, 1628, 1629, 1633, 1634, 1635, 1636, 1637, 1638, 1639, 1640, 1641, 1642, 1647, 1648, 1649, 1650, 1651, 1652, 1653, 1654, 1655, 1656, 1657, 1658, 1659, 1660, 1661, 1662, 1663, 1665, 1666, 1667, 1668, 1673, 1675, 1676, 1677, 1678, 1679, 1683, 1684, 1685, 1686, 1687, 1706, 1709, 1710, 1711, 1713, 1718, 1719, 1726, 1727, 1728, 1729, 1730, 1731, 1732, 1735, 1736, 1737, 1738, 1740, 1741, 1742, 1743, 1750, 1751, 1756, 1757, 1758, 1759, 1760, 1761, 1762, 1763, 1764, 1765, 1766, 1767, 1768, 1769, 1770, 1771, 1772, 1774, 1780, 1781, 1782, 1783, 1784, 1785, 1786, 1787, 1788, 1789, 1790, 1791, 1792, 1793, 1794, 1795, 1796, 1797, 1799, 1800, 1801, 1803, 1804, 1805, 1809, 1810, 1811, 1812, 1813, 1814, 1815, 1816, 1817, 1818, 1824, 1825, 1826, 1827, 1828, 1829, 1830, 1831, 1832, 1833, 1834, 1835, 1836, 1837, 1838, 1839, 1840, 1841, 1842, 1843, 1844, 1845, 1849, 1852, 1853, 1854, 1855, 1856, 1860, 1861, 1863, 1864, 1865, 1866, 1867, 1868, 1869, 1870, 1871, 1872, 1873, 1874, 1876, 1877, 1879, 1880, 1881, 1882, 1883, 1884, 1885, 1887, 1889, 1890, 1891, 1892, 1894, 1897, 1899, 1902, 1903, 1905, 1907, 1909, 1913, 1914, 1915, 1916, 1926, 1927, 1928, 1932, 1933, 1934, 1935, 1936, 1937, 1938, 1940, 1941, 1942, 1944, 1945, 1946, 1947, 1948, 1949, 1950, 1951, 1952, 1953, 1955, 1958, 1960, 1963, 1964, 1965, 1966, 1967, 1968, 1971, 1972, 1973, 1974, 1975, 1976, 1978, 1979, 1980, 1981, 1982, 1983, 1984, 2005, 2006, 2007, 2008, 2009, 2010, 2011, 2012, 2013, 2014, 2015, 2016, 2017, 2018, 2019, 2020, 2024, 2025, 2026, 2027, 2034, 2035, 2036, 2037, 2038, 2039, 2040, 2041, 2042, 2043, 2044, 2045, 2046, 2048, 2049, 2050, 2051, 2054, 2055, 2061, 2062, 2069, 2083, 2085, 2086, 2087, 2088, 2089, 2090, 2091, 2093, 2094, 2095, 2096, 2097, 2099, 2100, 2101, 2102, 2103, 2104, 2105, 2106, 2107, 2108, 2109, 2110, 2111, 2112, 2113, 2114, 2115, 2116, 2117, 2118, 2119, 2120, 2121, 2123, 2124, 2127, 2128, 2138, 2139, 2146, 2147, 2148, 2149, 2151, 2154, 2159, 2160, 2161, 2162, 2164, 2165, 2169, 2170, 2171, 2172, 2173, 2177, 2178, 2179, 2180, 2185, 2186, 2187, 2188, 2189, 2190, 2191, 2192, 2193, 2194, 2195, 2196, 2197, 2198, 2199, 2200, 2201, 2202, 2203, 2204, 2205, 2206, 2207, 2208, 2209, 2210, 2211, 2212, 2213, 2214, 2215, 2216, 2217, 2218, 2219, 2220, 2221, 2224, 2226, 2227, 2228, 2229, 2230, 2231, 2232, 2233, 2234, 2235, 2236, 2237, 2240, 2241, 2242, 2243, 2244, 2245, 2246, 2247, 2248, 2249, 2250, 2251, 2252, 2253, 2254, 2255, 2256, 2257, 2258, 2259, 2260, 2261, 2263, 2264, 2265, 2266, 2267, 2268, 2269, 2270, 2271, 2272, 2273, 2274, 2275, 2276, 2277, 2278, 2280, 2281, 2282, 2283, 2284, 2285, 2286, 2287, 2288, 2289, 2290, 2291, 2292, 2293, 2294, 2295, 2296, 2297, 2298, 2299, 2300, 2301, 2302, 2303, 2304, 2306, 2307, 2308, 2309, 2310, 2311, 2318, 2319, 2320, 2321, 2322, 2323, 2324, 2325, 2326, 2327, 2328, 2329, 2330, 2332, 2342, 2343, 2344, 2345, 2346, 2347, 2348, 2349, 2350, 2351, 2352, 2357, 2358, 2359, 2360, 2361, 2362, 2363, 2364, 2365, 2366, 2367, 2368, 2369, 2370, 2371, 2372, 2373, 2374, 2375, 2376, 2377, 2378, 2381, 2382, 2383, 2384, 2385, 2386, 2387, 2389, 2397, 2398, 2399, 2400, 2401, 2402, 2403, 2404, 2405, 2406, 2407, 2408, 2409, 2410, 2411, 2412, 2413, 2417, 2418, 2419, 2421, 2423, 2424, 2425, 2426, 2427, 2428, 2429, 2430, 2432, 2433, 2434, 2435, 2436, 2437, 2438, 2439, 2440, 2441, 2444, 2445, 2446, 2447, 2448, 2449, 2450, 2451, 2452, 2454, 2455, 2456, 2457, 2458, 2460, 2461, 2462, 2463, 2464, 2465, 2471, 2472, 2473, 2474, 2475, 2476, 2477, 2485, 2486, 2487, 2488, 2489, 2490, 2491, 2492, 2493, 2494, 2495, 2496, 2497, 2498, 2499, 2500, 2501, 2502, 2509, 2510, 2514, 2515, 2516, 2517, 2518, 2519, 2521, 2522, 2523, 2524, 2525, 2526, 2527, 2528, 2529, 2530, 2531, 2532, 2533, 2534, 2535, 2536, 2537, 2538, 2539, 2540, 2541, 2542, 2544, 2545, 2546, 2547, 2548, 2549, 2551, 2553, 2555, 2556, 2557, 2558, 2559, 2560, 2561, 2562, 2564, 2565, 2566, 2568, 2570, 2573, 2574, 2575, 2576, 2577, 2578, 2579, 2580, 2581, 2582, 2584, 2585, 2586, 2587, 2588, 2589, 2590, 2591, 2592, 2594, 2597, 2598, 2600, 2601, 2602, 2603, 2604, 2605, 2606, 2607, 2608, 2610, 2611, 2612, 2613, 2615, 2617, 2618, 2619, 2621, 2622, 2623, 2626, 2630, 2631, 2632, 2633, 2634, 2635, 2636, 2637, 2638, 2639, 2640, 2641, 2643, 2644, 2645, 2646, 2647, 2648, 2649, 2650, 2651, 2652, 2653, 2654, 2655, 2656, 2657, 2658, 2659, 2660, 2661, 2662, 2663, 2664, 2665, 2666, 2667, 2668, 2669, 2670, 2671, 2672, 2673, 2674, 2675, 2676, 2677, 2678, 2679, 2680, 2681, 2683, 2685, 2686, 2687, 2688, 2689, 2690, 2691, 2692, 2693, 2694, 2695, 2700, 2701, 2702, 2703, 2704, 2705, 2706, 2707, 2708, 2709, 2711, 2712, 2713, 2714, 2715, 2717, 2718, 2719, 2721, 2722, 2723, 2725, 2726, 2727, 2728, 2730, 2731, 2732, 2733, 2734, 2735, 2736, 2737, 2738, 2739, 2740, 2741, 2742, 2743, 2744, 2746, 2747, 2748, 2749, 2750, 2751, 2752, 2754, 2755, 2756, 2757, 2758, 2759, 2760, 2763, 2764, 2765, 2766, 2767, 2768, 2769, 2770, 2771, 2772, 2773, 2775, 2776, 2777, 2778, 2779, 2780, 2781, 2782, 2783, 2784, 2785, 2786, 2787, 2788, 2789, 2790, 2791, 2792, 2793, 2794, 2795, 2796, 2797, 2798, 2799, 2800, 2801, 2802, 2803, 2804, 2805, 2807, 2808, 2810, 2811, 2812, 2813, 2814, 2815, 2816, 2817, 2818, 2819, 2820, 2821, 2823, 2828, 2829, 2830, 2831, 2832, 2833, 2834, 2835, 2836, 2838, 2839, 2840, 2841, 2842, 2843, 2844, 2845, 2846, 2847, 2848, 2849, 2850, 2851, 2852, 2853, 2854, 2855, 2856, 2857, 2858, 2859, 2860, 2861, 2862, 2863, 2864, 2865, 2866, 2867, 2868, 2869, 2870, 2871, 2872, 2873, 2875, 2876, 2877, 2878, 2879, 2880, 2881, 2882, 2883, 2884, 2885, 2886, 2887, 2888, 2889, 2891, 2892, 2893, 2894, 2895, 2896, 2897, 2898, 2899, 2900, 2901, 2902, 2903, 2904, 2905, 2906, 2907, 2908, 2909, 2910, 2911, 2912, 2913, 2914, 2915, 2916, 2917, 2921, 2922, 2923, 2924, 2925, 2926, 2927, 2929, 2930, 2931, 2932, 2933, 2934, 2935, 2936, 2937, 2938, 2939, 2940, 2941, 2942, 2943, 2944, 2945, 2946, 2947, 2948, 2949, 2950, 2951, 2952, 2953, 2954, 2955, 2956, 2957, 2958, 2959, 2960, 2961, 2962, 2963, 2964, 2965, 2967, 2968, 2969, 2970, 2971, 2972, 2973, 2974, 2975, 2976, 2977, 2978, 2979, 2980, 2981, 2982, 2983, 2984, 2985, 2986, 2987, 2988, 2989, 2991, 2992, 2993, 2995, 2997, 2998, 2999, 3000, 3001, 3002, 3003, 3004, 3005, 3006, 3007, 3009, 3010, 3011, 3012, 3013, 3015, 3016, 3017, 3018, 3021, 3022, 3023, 3025, 3030, 3031, 3032, 3033, 3037, 3038, 3039, 3040, 3041, 3043, 3044, 3045, 3052, 3053, 3057, 3058, 3059, 3060, 3061, 3068, 3070, 3074, 3075, 3076, 3077, 3078, 3079, 3080, 3081, 3082, 3083, 3084, 3085, 3086, 3087, 3088, 3089, 3090, 3093, 3094, 3095, 3096, 3111, 3112, 3113, 3114, 3115, 3116, 3117, 3121, 3122, 3125, 3126, 3129, 3130, 3131, 3132, 3134, 3135, 3136, 3137, 3138, 3139, 3140, 3141, 3142, 3143, 3144, 3153, 3154, 3158, 3159, 3160, 3161, 3164, 3165, 3166, 3167, 3169, 3173, 3174, 3175, 3176, 3177, 3179, 3180, 3181, 3185, 3187, 3189, 3190, 3191, 3193, 3194, 3195, 3196, 3198, 3199, 3200, 3201, 3202, 3203, 3209, 3210, 3211, 3212, 3213, 3214, 3216, 3217, 3221, 3222, 3228, 3230, 3231, 3233, 3234, 3235, 3236, 3237, 3238, 3239, 3247, 3248, 3249, 3250, 3251, 3252, 3253, 3254, 3255, 3256, 3257, 3258, 3259, 3260, 3261, 3262, 3263, 3264, 3268, 3269, 3273, 3274, 3275, 3276, 3284, 3285, 3286, 3287, 3288, 3289, 3290, 3291, 3292, 3293, 3294, 3295, 3297, 3298, 3299, 3300, 3301, 3302, 3303, 3307, 3308, 3309, 3313, 3314, 3317, 3318, 3319, 3326, 3330, 3331, 3332, 3336, 3337, 3338, 3342, 3343, 3344, 3345, 3346, 3347, 3348, 3349, 3351, 3352, 3359, 3360, 3364, 3368, 3369, 3370, 3371, 3377, 3378, 3379, 3383, 3384, 3385, 3386, 3387, 3388, 3396, 3397, 
rel: 1 k: 3 rho: 677.451 maxRV: 2, 3, 7, 9, 13, 15, 18, 20, 23, 29, 30, 34, 36, 43, 44, 46, 47, 50, 61, 64, 70, 75, 80, 84, 88, 91, 92, 95, 97, 101, 104, 105, 120, 135, 136, 137, 139, 142, 143, 146, 147, 153, 155, 157, 159, 162, 170, 174, 175, 176, 181, 189, 190, 191, 192, 195, 199, 200, 204, 207, 209, 210, 211, 212, 218, 225, 229, 231, 246, 252, 253, 259, 260, 262, 263, 278, 280, 281, 283, 298, 300, 304, 306, 307, 309, 315, 317, 320, 321, 324, 325, 343, 344, 347, 348, 349, 353, 354, 368, 378, 381, 383, 384, 387, 407, 413, 415, 424, 427, 431, 436, 437, 445, 449, 455, 457, 470, 492, 502, 511, 512, 518, 527, 529, 558, 568, 576, 577, 590, 593, 597, 598, 599, 608, 609, 626, 639, 642, 647, 648, 650, 652, 661, 666, 674, 679, 682, 684, 686, 696, 707, 711, 712, 714, 718, 719, 721, 722, 725, 735, 740, 767, 791, 792, 836, 853, 854, 875, 878, 879, 881, 883, 893, 894, 908, 912, 921, 924, 950, 962, 965, 966, 967, 969, 970, 971, 974, 976, 978, 990, 992, 994, 997, 1003, 1006, 1009, 1020, 1027, 1032, 1035, 1036, 1037, 1038, 1039, 1042, 1047, 1050, 1051, 1052, 1055, 1061, 1077, 1079, 1082, 1093, 1109, 1122, 1123, 1124, 1126, 1133, 1142, 1150, 1156, 1158, 1162, 1163, 1164, 1168, 1170, 1177, 1179, 1192, 1210, 1213, 1220, 1228, 1230, 1236, 1239, 1240, 1241, 1243, 1255, 1256, 1258, 1260, 1263, 1265, 1267, 1270, 1271, 1280, 1302, 1304, 1307, 1308, 1309, 1310, 1313, 1314, 1315, 1320, 1324, 1335, 1350, 1351, 1356, 1358, 1359, 1361, 1393, 1412, 1414, 1416, 1417, 1419, 1430, 1435, 1436, 1445, 1452, 1458, 1459, 1489, 1491, 1502, 1504, 1505, 1507, 1510, 1512, 1515, 1516, 1521, 1523, 1525, 1528, 1531, 1545, 1554, 1566, 1570, 1583, 1587, 1592, 1604, 1632, 1639, 1659, 1660, 1662, 1665, 1668, 1670, 1673, 1676, 1698, 1710, 1715, 1720, 1725, 1729, 1730, 1748, 1752, 1758, 1759, 1760, 1769, 1772, 1780, 1781, 1785, 1798, 1801, 1803, 1815, 1816, 1817, 1818, 1820, 1845, 1859, 1861, 1862, 1864, 1866, 1867, 1868, 1871, 1872, 1879, 1892, 1898, 1905, 1917, 1947, 1954, 1973, 1986, 1989, 1994, 1996, 2020, 2024, 2025, 2030, 2037, 2039, 2042, 2046, 2057, 2058, 2059, 2066, 2076, 2077, 2081, 2087, 2090, 2093, 2097, 2103, 2106, 2131, 2133, 2136, 2149, 2156, 2157, 2173, 2180, 2187, 2197, 2199, 2201, 2206, 2222, 2225, 2231, 2232, 2234, 2235, 2236, 2237, 2238, 2242, 2244, 2247, 2252, 2259, 2261, 2267, 2275, 2282, 2288, 2299, 2305, 2311, 2312, 2313, 2315, 2317, 2318, 2321, 2322, 2324, 2328, 2334, 2338, 2339, 2341, 2356, 2364, 2369, 2377, 2380, 2383, 2385, 2387, 2391, 2394, 2396, 2397, 2406, 2408, 2411, 2421, 2432, 2443, 2455, 2460, 2463, 2467, 2475, 2477, 2478, 2484, 2495, 2497, 2503, 2507, 2510, 2519, 2529, 2531, 2532, 2533, 2535, 2538, 2545, 2548, 2554, 2556, 2557, 2561, 2566, 2580, 2601, 2613, 2617, 2618, 2623, 2626, 2630, 2635, 2639, 2641, 2659, 2660, 2664, 2670, 2680, 2690, 2696, 2700, 2701, 2713, 2720, 2726, 2738, 2740, 2742, 2761, 2778, 2791, 2804, 2810, 2813, 2817, 2821, 2825, 2835, 2837, 2840, 2841, 2843, 2847, 2849, 2850, 2868, 2871, 2883, 2887, 2888, 2896, 2901, 2907, 2920, 2921, 2929, 2933, 2944, 2949, 2953, 2957, 2958, 2977, 2990, 2993, 2998, 3004, 3029, 3036, 3045, 3049, 3052, 3060, 3063, 3065, 3075, 3081, 3085, 3093, 3096, 3097, 3108, 3109, 3111, 3112, 3131, 3145, 3148, 3151, 3154, 3180, 3181, 3186, 3198, 3220, 3239, 3247, 3251, 3256, 3259, 3263, 3284, 3294, 3307, 3314, 3328, 3337, 3342, 3349, 3350, 3351, 3352, 3357, 3368, 3373, 3379, 3380, 3384, 3389, 3398, 3399, 3405, 3417, 3427, 3430, 3452, 3456, 3495, 3511, 3525, 3540, 3566, 3580, 3583, 3596, 3618, 3626, 3631, 3635, 3639, 3645, 3655, 3663, 3680, 3687, 3689, 3692, 3703, 3706, 3721, 3732, 3733, 3742, 3744, 3750, 3753, 3757, 3773, 3781, 3786, 3796, 3806, 3818, 3846, 3861, 3871, 3873, 3880, 3883, 3889, 3905, 3914, 3920, 3924, 3932, 3938, 3941, 3946, 3948, 3949, 3950, 3979, 3985, 3989, 4015, 4028, 4045, 4057, 4065, 4069, 4086, 4096, 4111, 4112, 4129, 4140, 4166, 4172, 4181, 4197, 4200, 4201, 4203, 4218, 4271, 4283, 4297, 4305, 4313, 4320, 4325, 4332, 4334, 4380, 4381, 4382, 4383, 4392, 4403, 4406, 4417, 4426, 4429, 4433, 4449, 4471, 4474, 4512, 4533, 4568, 4573, 4583, 4611, 4616, 4617, 4618, 4622, 4627, 4629, 4632, 4642, 4653, 4657, 4658, 4659, 4660, 4669, 4673, 4689, 4690, 4696, 4700, 4710, 4711, 4723, 4728, 4729, 4740, 4767, 4784, 4791, 4825, 4826, 4841, 4843, 4845, 4854, 4863, 4867, 4871, 4878, 4881, 4885, 4887, 4890, 4902, 4932, 4973, 4981, 4986, 4991, 4993, 5033, 5036, 5039, 5049, 5055, 5056, 5067, 5078, 5085, 5094, 5101, 5104, 5108, 5111, 5132, 5150, 5152, 5161, 5196, 5202, 5210, 5215, 5220, 5252, 5254, 5259, 5285, 5291, 5321, 5325, 5331, 5339, 5343, 5376, 5380, 5395, 5398, 5415, 5419, 5421, 5422, 5425, 5439, 5443, 5450, 5465, 5486, 5488, 5518, 5532, 5544, 5578, 5579, 5591, 5594, 5595, 5598, 5604, 5627, 5634, 5637, 5643, 5651, 5652, 5653, 5656, 5658, 5664, 5665, 5676, 5693, 5696, 5704, 5705, 5708, 5710, 5719, 5720, 5721, 5729, 5730, 5731, 5733, 5734, 5740, 5753, 5754, 5756, 5758, 5760, 5768, 5769, 5773, 5774, 5778, 5797, 5801, 5803, 5808, 5819, 5821, 5828, 5842, 5844, 5850, 5852, 5853, 5858, 5859, 5871, 5896, 5920, 5938, 5950, 5968, 5973, 5981, 5982, 5988, 5992, 5993, 5995, 5998, 5999, 6001, 6017, 6018, 6021, 6035, 6046, 6054, 6055, 6097, 6107, 6115, 6118, 6125, 6134, 6142, 6154, 6180, 6187, 6192, 6194, 6198, 6199, 6205, 6214, 6222, 6227, 6228, 6229, 6232, 6234, 6240, 6241, 6244, 6249, 6264, 6265, 6269, 6275, 6280, 6300, 6303, 6304, 6310, 6318, 6321, 6325, 6327, 6335, 6336, 6344, 6345, 6346, 6352, 6365, 6368, 6406, 6410, 6417, 6437, 6440, 6442, 6468, 6473, 6487, 6490, 6500, 6523, 6580, 6585, 6586, 6587, 6588, 6591, 6593, 6594, 6598, 6599, 6605, 6618, 6619, 6621, 6625, 6629, 6632, 6639, 6641, 6661, 6662, 6663, 6665, 6679, 6685, 6691, 6692, 6694, 6699, 6710, 6729, 6730, 6734, 6737, 6740, 6741, 6743, 6746, 6753, 6774, 6782, 6785, 6804, 6805, 6825, 6828, 6833, 6843, 6845, 6846, 6847, 6848, 6849, 6862, 6863, 6870, 6872, 6873, 6879, 6885, 6886, 6887, 6893, 6907, 6918, 6921, 6951, 6955, 6957, 6961, 6980, 6988, 6991, 7013, 7015, 7026, 7027, 7032, 7039, 7052, 7059, 7071, 7082, 7093, 7113, 7116, 7118, 7122, 7127, 7131, 7174, 7183, 7187, 7189, 7207, 7216, 7220, 7224, 7255, 7257, 7259, 7278, 7281, 7302, 7317, 7319, 7324, 7335, 7345, 7355, 7356, 7374, 7375, 7379, 7383, 7385, 7387, 7396, 7410, 7415, 7419, 7422, 7424, 7426, 7435, 7445, 7449, 7469, 7477, 7479, 7490, 7518, 7523, 7526, 7528, 7534, 7549, 7553, 7555, 7569, 7575, 7603, 7604, 7610, 7618, 7642, 7647, 7656, 7657, 7665, 7670, 7683, 7685, 7697, 7699, 7702, 7704, 7710, 7711, 7712, 7715, 7723, 7735, 7751, 7785, 7791, 7797, 7803, 7814, 7818, 7824, 7825, 7836, 7843, 7855, 7865, 7870, 7887, 7888, 7897, 7900, 7924, 7928, 7930, 7932, 7940, 7942, 7945, 7948, 7951, 7960, 7967, 7981, 7984, 7987, 7992, 8016, 8021, 8024, 8027, 8046, 8057, 8060, 8081, 8127, 8131, 8139, 8140, 8150, 8179, 8187, 8197, 8198, 8204, 8212, 8216, 8217, 8228, 8238, 8258, 8265, 8272, 8279, 8293, 8297, 8298, 8303, 8308, 8315, 8317, 8331, 8360, 8366, 8380, 8385, 8391, 8398, 8408, 8434, 8452, 8467, 8469, 8485, 8487, 8493, 8531, 8544, 8553, 8564, 8572, 8589, 8602, 8604, 8625, 8653, 8715, 8716, 8754, 8761, 8799, 8800, 8820, 8840, 8874, 8880, 8885, 8896, 8903, 8904, 8907, 8911, 8925, 8926, 8933, 8950, 8951, 8952, 8965, 8972, 8973, 8974, 8983, 8989, 8996, 9000, 9001, 9003, 9009, 9018, 9025, 9027, 9028, 9044, 9058, 9069, 9070, 9073, 9083, 9089, 9101, 9118, 9120, 9121, 9125, 9130, 9142, 9151, 9153, 9159, 9165, 9175, 9184, 9198, 9220, 9240, 9241, 9244, 9252, 9253, 9261, 9264, 9265, 9268, 9282, 9284, 9285, 9326, 9332, 9381, 9384, 9389, 9396, 9398, 9408, 9416, 9485, 9497, 9501, 9503, 9504, 9515, 9523, 9531, 9534, 9542, 9546, 9548, 9561, 9571, 9575, 9577, 9578, 9587, 9605, 9611, 9622, 9661, 9684, 9700, 9704, 9712, 9716, 9717, 9738, 9740, 9746, 9749, 9764, 9765, 9767, 9782, 9799, 9801, 9803, 9804, 9813, 9817, 9822, 9834, 9869, 9870, 9872, 9887, 9888, 9895, 9903, 9911, 9919, 9951, 9973, 9982, 10039, 10067, 10069, 10082, 10084, 10103, 10116, 10131, 10135, 10175, 10186, 10210, 10240, 10341, 10401, 10445, 10450, 10467, 10474, 10477, 10491, 10495, 10543, 10548, 10550, 10613, 10849, 10877, 10888, 10889, 10892, 10950, 10951, 10963, 10974, 11015, 11042, 11044, 11047, 11065, 11087, 11104, 11122, 11123, 11176, 11194, 11215, 11221, 11233, 11240, 11243, 11287, 11333, 11382, 11409, 11422, 11439, 11457, 11477, 11487, 11549, 11563, 11571, 11629, 11643, 11652, 11655, 11666, 11675, 11676, 11730, 11737, 11746, 11765, 11782, 11813, 11840, 11846, 11873, 11875, 11912, 11920, 11950, 11954, 11972, 11983, 11996, 11998, 12012, 12028, 12042, 12071, 12098, 12109, 12121, 12123, 12124, 12126, 12140, 12141, 12142, 12194, 12209, 12215, 12218, 12220, 12223, 12233, 12247, 12268, 12298, 12317, 12337, 12348, 12378, 12422, 12425, 12444, 12459, 12463, 12468, 12479, 12480, 12481, 12520, 12545, 12569, 12613, 12645, 12651, 12658, 12671, 12693, 12694, 12732, 12733, 12736, 12739, 12741, 12753, 12756, 12784, 12788, 12800, 12808, 12819, 12822, 12829, 12830, 12833, 12839, 12842, 12844, 12849, 12861, 12862, 12867, 12890, 12896, 12906, 12932, 12936, 12947, 12959, 12973, 12979, 12982, 13005, 13014, 13018, 13039, 13048, 13056, 13084, 13138, 13139, 13177, 13210, 13219, 13356, 13401, 13433, 13535, 13540, 13552, 13580, 13640, 13654, 13675, 13677, 13686, 13689, 13690, 13699, 13702, 13717, 13725, 13730, 13768, 13770, 13812, 13819, 13826, 13852, 13907, 13929, 13932, 13933, 13948, 13968, 14011, 14013, 14015, 14033, 14059, 14081, 14088, 14090, 14099, 14122, 14125, 14137, 14174, 14226, 14228, 14230, 14235, 14251, 14253, 14258, 14265, 14269, 14294, 14312, 14322, 14325, 14346, 14351, 14379, 14388, 14399, 14401, 14404, 14413, 14431, 14440, 14489, 14490, 14535, 14537, 14540, 14563, 14573, 14579, 14595, 14602, 14608, 14610, 14615, 14616, 14619, 14628, 14738, 14763, 14770, 14781, 14782, 14783, 14792, 14798, 14815, 14836, 14852, 14866, 14896, 14897, 14901, 14907, 14921, 14924, 14937, 14947, 14963, 14980, 14981, 14986, 14988, 15039, 15159, 15199, 15228, 15349, 15364, 15428, 15443, 15493, 15511, 15704, 15723, 15724, 15727, 15738, 15741, 15791, 15792, 15800, 15856, 15948, 15995, 16055, 16090, 16103, 16108, 16130, 16132, 16138, 16142, 16156, 16166, 16171, 16199, 16202, 16207, 16279, 16291, 16333, 16340, 16341, 16353, 16366, 16428, 16449, 16454, 16466, 16485, 16573, 16574, 16622, 16625, 16654, 16738, 16754, 16761, 17071, 17096, 17121, 17128, 17129, 17137, 17213, 17226, 17231, 17276, 17306, 17308, 17394, 17397, 17398, 17422, 17435, 17438, 17440, 17441, 17443, 17445, 17458, 17467, 17487, 17597, 17605, 17608, 17616, 17625, 17672, 17795, 17796, 17797, 17798, 17805, 17806, 17808, 17811, 17812, 17813, 17816, 17817, 17820, 17823, 17835, 17867, 17872, 17873, 17876, 17907, 17913, 17939, 17941, 17942, 17947, 17948, 17960, 17980, 17981, 17982, 18002, 18003, 18006, 18019, 18037, 18038, 18039, 18047, 18070, 18079, 18099, 18101, 18113, 18133, 18141, 18146, 18166, 18208, 18215, 18241, 18272, 18275, 18294, 18311, 18315, 18346, 18419, 18467, 18516, 18529, 18540, 18557, 18575, 18626, 18627, 18655, 18658, 18661, 18748, 18785, 18798, 18852, 18867, 18936, 18945, 18959, 18992, 19010, 19153, 19159, 19174, 19183, 19189, 19208, 19224, 19240, 19310, 19363, 19369, 19371, 19372, 19373, 19374, 19375, 19379, 19381, 19386, 19389, 19394, 19399, 19401, 19404, 19413, 19414, 19415, 19417, 19419, 19424, 19432, 19439, 19440, 19444, 19452, 19453, 19459, 19462, 19465, 19472, 19478, 19488, 19497, 19589, 19707, 19714, 19721, 19735, 19756, 19777, 19780, 19795, 19820, 19876, 19903, 19908, 19916, 19920, 19922, 19923, 20030, 20070, 20078, 20157, 20175, 20188, 20201, 20212, 20226, 20278, 20279, 20323, 20355, 20363, 20364, 20376, 20381, 20384, 20412, 20418, 20424, 20425, 20433, 20450, 20491, 20492, 20494, 20505, 20527, 20562, 20587, 20594, 20679, 20700, 20749, 20818, 20947, 20966, 20967, 20982, 21032, 21038, 21043, 21061, 21072, 21121, 21238, 21329, 21397, 21398, 21408, 21414, 21420, 21422, 21456, 21533, 21577, 21585, 21588, 21591, 21595, 21596, 21620, 21622, 21644, 21666, 21688, 21698, 21699, 21701, 21702, 21705, 21726, 21772, 21800, 21837, 21896, 21958, 22071, 22100, 22230, 22541, 22545, 22612, 22656, 22664, 22778, 22822, 22827, 22832, 22843, 22882, 23008, 23034, 23077, 23142, 23160, 23226, 23248, 23346, 23355, 23356, 23366, 23372, 23452, 23498, 23502, 23620, 23659, 23671, 23689, 23725, 23729, 23774, 23780, 23835, 23842, 23875, 23877, 23892, 23897, 23928, 23933, 23995, 23999, 24085, 24095, 24121, 24289, 24291, 24336, 24400, 24404, 24509, 24512, 24513, 24515, 24563, 24564, 24567, 24568, 24593, 24605, 24610, 24618, 24629, 24636, 24637, 24638, 24656, 24696, 24712, 24753, 24931, 24956, 24959, 24969, 24978, 24998, 25005, 25007, 25022, 25025, 25026, 25029, 25042, 25043, 25044, 25069, 25254, 25255, 25256, 25268, 25305, 25355, 25405, 25611, 25612, 25759, 25810, 25817, 25862, 25876, 25878, 25930, 25974, 26025, 26077, 26144, 26233, 26256, 26312, 26474, 26477, 26490, 26496, 26539, 26566, 26582, 26643, 26644, 26646, 26884, 26935, 27024, 27199, 27211, 27217, 27255, 27274, 27303, 27321, 27338, 27339, 27564, 27648, 27683, 27768, 27774, 27799, 27847, 27864, 27895, 27914, 27947, 27991, 28029, 28144, 28173, 28236, 28335, 28338, 28482, 28575, 28577, 28580, 28621, 28635, 28729, 28775, 28783, 28859, 28878, 28880, 28928, 29018, 29062, 29118, 29130, 29161, 29179, 29217, 29223, 29248, 29290, 29318, 29319, 29329, 29388, 29437, 29535, 29539, 29541, 29554, 29644, 29779, 29791, 30005, 30006, 30395, 30418, 30455, 30457, 30521, 30548, 30549, 30644, 30690, 30713, 30767, 30908, 30945, 30999, 31004, 31005, 31016, 31017, 31131, 31155, 31258, 31302, 31421, 31473, 31525, 31572, 31626, 31628, 31633, 31660, 31662, 31720, 31734, 31828, 31830, 31840, 31850, 31905, 31951, 32015, 32059, 32061, 32220, 32371, 32396, 32402, 32439, 32526, 32688, 32827, 32875, 32876, 32878, 33073, 33158, 33328, 33330, 33398, 33465, 33474, 33595, 33617, 33682, 33796, 33877, 33941, 34086, 34147, 34182, 34287, 34312, 34313, 34394, 34458, 34565, 34807, 34811, 34886, 35119, 35530, 35531, 35532, 35599, 35692, 35828, 35903, 35933, 36101, 36102, 36301, 36302, 36573, 36895, 36918, 37206, 37207, 37245, 37258, 37471, 38002, 38004, 38005, 38006, 38194, 38217, 38255, 38491, 38492, 38617, 38897, 39026, 39075, 39088, 39122, 39124, 39149, 39242, 39245, 39316, 39340, 39519, 39842, 39843, 39892, 39962, 39985, 40257, 40423, 40843, 40982, 41369, 41711, 41782, 41843, 42087, 42127, 42129, 42324, 42783, 42937, 42938, 42939, 42944, 43242, 43700, 43715, 43818, 43838, 44613, 44841, 44924, 44925, 44949, 44951, 45507, 45758, 45805, 45806, 46226, 47541, 49414, 49545, 49553, 49785, 49786, 49787, 50852, 
rel: 1 k: 4 rho: 213.106 maxRV: 2, 3, 7, 9, 13, 15, 18, 20, 23, 29, 30, 34, 36, 44, 46, 47, 50, 61, 75, 80, 91, 92, 101, 104, 105, 135, 137, 143, 146, 147, 153, 155, 157, 159, 170, 174, 175, 189, 190, 191, 195, 199, 200, 207, 209, 210, 211, 212, 218, 229, 231, 246, 252, 253, 259, 262, 263, 280, 283, 300, 317, 320, 324, 344, 348, 378, 383, 384, 413, 415, 424, 427, 431, 457, 518, 527, 568, 590, 598, 626, 639, 642, 648, 650, 661, 666, 679, 686, 712, 718, 719, 721, 722, 836, 853, 854, 878, 883, 950, 962, 965, 966, 967, 969, 970, 971, 974, 976, 978, 990, 1003, 1006, 1009, 1027, 1035, 1037, 1038, 1039, 1047, 1050, 1055, 1061, 1079, 1082, 1093, 1109, 1142, 1156, 1158, 1164, 1168, 1170, 1177, 1179, 1192, 1213, 1220, 1228, 1241, 1280, 1302, 1304, 1307, 1308, 1309, 1310, 1314, 1315, 1320, 1324, 1350, 1361, 1445, 1452, 1459, 1502, 1507, 1510, 1515, 1516, 1523, 1525, 1528, 1531, 1570, 1587, 1592, 1604, 1632, 1660, 1668, 1698, 1720, 1758, 1766, 1772, 1780, 1785, 1815, 1817, 1861, 1864, 1868, 1872, 1892, 1898, 1917, 1973, 1989, 1994, 1996, 2020, 2057, 2059, 2076, 2077, 2097, 2106, 2131, 2133, 2136, 2149, 2175, 2180, 2197, 2206, 2222, 2234, 2236, 2238, 2244, 2261, 2267, 2305, 2312, 2315, 2322, 2339, 2356, 2364, 2377, 2380, 2385, 2394, 2408, 2421, 2432, 2443, 2455, 2477, 2495, 2507, 2535, 2538, 2548, 2557, 2601, 2618, 2664, 2670, 2701, 2726, 2740, 2742, 2778, 2810, 2811, 2812, 2813, 2817, 2825, 2835, 2840, 2843, 2847, 2849, 2850, 2868, 2883, 2896, 2904, 2905, 2906, 2908, 2949, 2957, 2958, 2977, 2990, 2993, 2998, 3036, 3049, 3052, 3060, 3065, 3069, 3075, 3085, 3109, 3148, 3151, 3154, 3181, 3186, 3237, 3263, 3373, 3379, 3399, 3417, 3452, 3479, 3525, 3540, 3583, 3596, 3618, 3645, 3663, 3721, 3742, 3757, 3796, 3883, 3924, 3938, 3948, 3989, 4045, 4111, 4200, 4392, 4417, 4429, 4533, 4568, 4573, 4622, 4627, 4629, 4642, 4657, 4689, 4723, 4729, 4841, 4843, 4854, 4871, 4886, 4890, 4902, 4932, 4981, 4991, 5033, 5039, 5055, 5067, 5078, 5111, 5161, 5196, 5259, 5331, 5404, 5415, 5419, 5450, 5486, 5488, 5532, 5594, 5618, 5651, 5652, 5656, 5696, 5704, 5708, 5730, 5731, 5734, 5808, 5828, 5850, 5920, 5938, 5968, 5998, 6001, 6017, 6046, 6142, 6205, 6214, 6222, 6229, 6234, 6241, 6300, 6304, 6318, 6325, 6344, 6352, 6365, 6500, 6523, 6585, 6586, 6587, 6588, 6591, 6593, 6594, 6598, 6605, 6618, 6619, 6621, 6625, 6629, 6632, 6636, 6639, 6641, 6661, 6663, 6665, 6685, 6694, 6729, 6730, 6734, 6737, 6743, 6746, 6753, 6825, 6833, 6843, 6846, 6849, 6862, 6870, 6872, 6873, 6879, 6885, 6886, 6921, 6933, 6951, 6980, 7013, 7015, 7027, 7039, 7052, 7059, 7071, 7113, 7114, 7115, 7116, 7131, 7155, 7187, 7189, 7207, 7216, 7220, 7224, 7255, 7319, 7345, 7355, 7375, 7379, 7387, 7415, 7419, 7477, 7513, 7518, 7526, 7528, 7569, 7603, 7618, 7704, 7735, 7814, 7888, 7897, 7900, 7981, 8024, 8258, 8272, 8279, 8298, 8308, 8317, 8331, 8385, 8398, 8469, 8485, 8564, 8572, 8589, 8602, 8653, 8754, 8907, 8926, 8950, 8983, 9000, 9003, 9018, 9027, 9101, 9130, 9153, 9193, 9220, 9241, 9265, 9268, 9548, 9575, 9577, 9578, 9740, 9782, 9799, 9801, 9804, 9813, 9822, 9869, 9870, 9888, 9895, 10039, 10069, 10210, 10344, 10613, 10668, 10720, 10849, 10888, 10889, 10950, 10951, 10963, 11194, 11409, 11643, 11666, 11737, 11972, 12064, 12140, 12142, 12194, 12223, 12569, 12733, 12739, 12741, 12800, 12819, 12822, 12861, 12862, 12867, 12947, 12959, 12973, 12979, 12982, 13056, 13138, 13219, 13401, 13535, 13675, 13677, 13686, 13689, 13690, 13702, 13717, 13725, 13826, 13852, 13932, 13936, 13952, 13968, 14011, 14081, 14228, 14230, 14235, 14351, 14388, 14399, 14431, 14440, 14602, 14738, 14763, 14907, 15199, 15228, 15407, 16090, 16130, 16250, 16279, 16353, 16454, 16466, 17306, 17308, 17397, 17422, 17435, 17440, 17443, 17445, 17795, 17797, 17805, 17808, 17811, 17812, 17813, 17816, 17817, 17820, 17867, 17872, 17907, 17913, 17939, 17941, 17948, 17960, 18003, 18079, 18101, 18215, 18294, 18346, 18658, 19371, 19372, 19373, 19375, 19379, 19381, 19389, 19394, 19399, 19401, 19404, 19413, 19414, 19417, 19419, 19424, 19432, 19439, 19444, 19452, 19453, 19462, 19465, 19472, 20226, 20323, 20412, 20491, 20527, 21329, 21585, 21588, 21591, 21595, 21596, 21620, 22882, 23021, 23888, 23933, 23955, 24291, 25759, 26025, 27768, 29324, 29326, 29329, 30767, 31940, 32061, 32876, 33682, 34811, 36101, 36102, 36106, 36573, 39149, 39519, 40241, 
rel: 1 k: 5 rho: 75.9261 maxRV: 2, 3, 7, 13, 15, 18, 20, 29, 30, 36, 44, 47, 50, 61, 75, 80, 101, 104, 143, 146, 147, 153, 155, 157, 159, 170, 189, 191, 195, 200, 207, 209, 210, 212, 218, 229, 231, 246, 253, 262, 263, 281, 283, 317, 324, 344, 348, 424, 527, 626, 639, 648, 661, 679, 686, 718, 719, 722, 836, 853, 878, 962, 969, 974, 978, 1003, 1006, 1027, 1035, 1037, 1038, 1039, 1047, 1050, 1055, 1061, 1082, 1093, 1142, 1156, 1158, 1163, 1164, 1168, 1177, 1179, 1213, 1220, 1280, 1304, 1308, 1309, 1310, 1314, 1324, 1445, 1446, 1452, 1453, 1502, 1531, 1587, 1632, 1772, 1785, 1815, 1864, 1868, 1872, 1892, 1973, 2020, 2057, 2059, 2077, 2106, 2133, 2149, 2175, 2244, 2267, 2339, 2380, 2408, 2432, 2443, 2455, 2495, 2548, 2601, 2701, 2810, 2811, 2812, 2817, 2825, 2829, 2835, 2840, 2847, 2849, 2850, 2868, 2883, 2896, 2904, 2905, 2919, 2949, 2953, 2958, 2990, 2993, 3036, 3060, 3065, 3109, 3154, 3181, 3186, 3583, 3596, 3757, 3796, 3883, 3938, 4045, 4533, 4902, 5033, 5055, 5404, 5594, 6300, 6325, 6585, 6586, 6587, 6588, 6590, 6591, 6593, 6594, 6598, 6618, 6619, 6625, 6629, 6632, 6636, 6639, 6661, 6663, 6665, 6685, 6694, 6729, 6734, 6737, 6746, 6753, 6825, 6833, 6843, 6849, 6870, 6872, 6873, 6907, 6921, 6933, 6951, 7015, 7039, 7071, 7114, 7155, 7216, 7220, 7255, 7319, 7355, 7387, 7415, 7419, 7526, 7602, 7603, 7814, 8241, 8247, 8467, 8924, 8926, 9018, 9182, 9241, 9707, 9740, 9869, 9870, 10375, 10408, 10653, 10768, 10849, 10963, 11666, 12668, 12800, 12982, 13219, 14351, 14431, 15199, 15228, 15856, 16130, 16361, 17308, 17907, 18003, 18215, 21585, 21588, 21591, 21595, 21596, 21620, 22255, 32061, 
rel: 1 k: 6 rho: 43.827 maxRV: 3, 7, 20, 30, 36, 75, 80, 143, 146, 147, 153, 155, 157, 159, 170, 174, 189, 191, 195, 207, 209, 210, 212, 218, 229, 231, 246, 253, 262, 263, 281, 283, 317, 344, 348, 424, 449, 626, 648, 652, 661, 679, 718, 719, 836, 853, 962, 974, 1003, 1077, 1082, 1093, 1156, 1164, 1168, 1179, 1213, 1308, 1324, 1445, 1446, 1452, 1502, 1692, 1864, 1868, 1961, 1973, 2020, 2059, 2106, 2133, 2149, 2244, 2380, 2811, 2812, 2814, 2815, 2817, 2821, 2825, 2829, 2835, 2840, 2847, 2849, 2850, 2881, 2883, 2892, 2894, 2896, 2904, 2905, 2906, 2908, 2917, 2919, 2920, 2929, 2948, 2953, 2958, 2990, 2993, 3036, 3060, 3065, 3072, 3093, 3109, 3154, 3181, 3186, 3222, 3596, 3757, 3796, 4045, 4546, 4902, 5594, 6325, 6585, 6587, 6590, 6591, 6593, 6594, 6598, 6605, 6609, 6618, 6619, 6623, 6625, 6629, 6632, 6636, 6639, 6647, 6663, 6665, 6685, 6690, 6694, 6729, 6734, 6746, 6753, 6782, 6833, 6843, 6849, 6872, 6907, 6913, 6921, 6929, 6933, 7015, 7039, 7115, 7155, 7216, 7220, 7602, 7603, 7814, 8130, 8247, 8467, 8480, 8485, 8924, 8926, 9241, 9577, 9740, 9869, 10198, 10344, 10355, 10356, 10357, 10373, 10375, 10376, 10380, 10398, 10404, 10410, 10414, 10457, 10606, 10610, 10612, 10613, 10620, 10621, 10627, 10632, 10635, 10637, 10640, 10642, 10644, 10652, 10653, 10655, 10662, 10663, 10666, 10668, 10681, 10682, 10684, 10685, 10687, 10707, 10710, 10712, 10720, 10725, 10732, 10734, 10741, 10747, 10748, 10755, 10765, 10768, 10773, 10775, 10778, 10805, 10809, 10810, 10849, 10880, 10959, 10963, 10974, 11020, 13219, 15228, 15856, 21588, 21591, 21595, 21620, 
rel: 1 k: 7 rho: 30.7437 maxRV: 3, 7, 36, 143, 146, 147, 155, 159, 170, 174, 207, 209, 212, 218, 229, 231, 246, 253, 262, 263, 281, 283, 317, 344, 348, 626, 652, 661, 679, 718, 719, 853, 1077, 1082, 1093, 1445, 1446, 1502, 1692, 1864, 1868, 1973, 2020, 2059, 2133, 2244, 2811, 2812, 2815, 2817, 2821, 2825, 2829, 2835, 2840, 2847, 2850, 2881, 2883, 2892, 2894, 2896, 2904, 2905, 2906, 2908, 2917, 2919, 2920, 2929, 2948, 2953, 2958, 2990, 2993, 3060, 3065, 3109, 3154, 3181, 3186, 3222, 3796, 4546, 6585, 6587, 6591, 6593, 6594, 6598, 6605, 6609, 6618, 6636, 6647, 6663, 6665, 6685, 6694, 6729, 6734, 6746, 6753, 6782, 6849, 6863, 6872, 6907, 6913, 6921, 6929, 6933, 7115, 7155, 7216, 7220, 7602, 7603, 8130, 8247, 8467, 8480, 8485, 9577, 10198, 10344, 10355, 10356, 10357, 10373, 10375, 10376, 10380, 10398, 10410, 10414, 10606, 10610, 10612, 10613, 10620, 10621, 10627, 10632, 10635, 10637, 10640, 10642, 10644, 10652, 10653, 10655, 10662, 10663, 10666, 10681, 10682, 10684, 10685, 10687, 10707, 10710, 10712, 10720, 10725, 10732, 10734, 10741, 10747, 10748, 10755, 10765, 10768, 10778, 10805, 10809, 10810, 10849, 10880, 10963, 11020, 
rel: 1 k: 8 rho: 28.7028 maxRV: 262, 281, 1077, 2811, 2812, 2815, 2821, 2825, 2829, 2850, 2881, 2892, 2894, 2896, 2904, 2908, 2917, 2919, 2929, 2948, 2953, 3222, 6609, 6782, 6907, 6913, 6921, 6929, 6933, 7155, 8130, 8467, 8485, 9577, 10344, 10355, 10356, 10357, 10375, 10376, 10380, 10398, 10410, 10414, 10610, 10612, 10620, 10621, 10627, 10632, 10635, 10637, 10640, 10642, 10644, 10652, 10655, 10662, 10663, 10682, 10684, 10685, 10687, 10710, 10712, 10725, 10741, 10748, 10768, 10778, 10805, 10809, 
rel: 1 k: 9 rho: 27.119 maxRV: 262, 281, 1077, 2811, 2812, 2815, 2821, 2825, 2829, 2850, 2881, 2892, 2894, 2896, 2904, 2908, 2917, 2919, 2929, 2948, 2953, 6609, 6636, 6782, 6907, 6913, 6921, 6929, 6933, 7155, 8130, 8467, 8485, 9577, 10344, 10355, 10356, 10357, 10373, 10375, 10376, 10380, 10398, 10410, 10414, 10610, 10612, 10620, 10621, 10627, 10632, 10635, 10637, 10640, 10642, 10644, 10652, 10655, 10662, 10663, 10682, 10684, 10685, 10687, 10710, 10712, 10725, 10741, 10748, 10768, 10778, 10805, 
rel: 1 k: 10 rho: 24.7674 maxRV: 262, 281, 1077, 2811, 2812, 2815, 2821, 2825, 2829, 2850, 2881, 2892, 2896, 2904, 2908, 2917, 2919, 2929, 2948, 2953, 6609, 6782, 6907, 6913, 6921, 6933, 7155, 8130, 8467, 8485, 10344, 10355, 10356, 10357, 10373, 10375, 10376, 10380, 10398, 10410, 10414, 10610, 10612, 10620, 10621, 10627, 10632, 10635, 10637, 10640, 10642, 10644, 10652, 10655, 10662, 10663, 10682, 10684, 10685, 10710, 10712, 10720, 10725, 10748, 10768, 10778, 10805, 
rel: 1 k: 11 rho: 22.1827 maxRV: 281, 1077, 2811, 2812, 2815, 2821, 2825, 2829, 2850, 2881, 2892, 2896, 2904, 2919, 2929, 2948, 2953, 6609, 6907, 6913, 6921, 6933, 7155, 8467, 8485, 10344, 10356, 10357, 10373, 10375, 10376, 10380, 10398, 10410, 10414, 10606, 10610, 10612, 10620, 10621, 10627, 10632, 10635, 10637, 10640, 10642, 10644, 10652, 10655, 10662, 10663, 10682, 10684, 10685, 10710, 10712, 10725, 10748, 10768, 10778, 
rel: 1 k: 12 rho: 19.9136 maxRV: 262, 281, 1077, 2811, 2812, 2815, 2821, 2825, 2829, 2850, 2881, 2892, 2896, 2904, 2919, 2929, 2948, 2953, 6609, 6907, 6913, 6921, 6933, 8467, 10344, 10373, 10375, 10376, 10380, 10398, 10410, 10414, 10610, 10612, 10620, 10621, 10632, 10635, 10637, 10640, 10642, 10644, 10652, 10655, 10662, 10663, 10682, 10684, 10685, 10710, 10712, 10725, 10768, 
rel: 1 k: 13 rho: 18.5188 maxRV: 262, 281, 1077, 2811, 2812, 2815, 2821, 2825, 2829, 2850, 2881, 2892, 2896, 2904, 2919, 2929, 2948, 2953, 6609, 6907, 6913, 6921, 6933, 8467, 10344, 10373, 10375, 10376, 10380, 10398, 10410, 10414, 10610, 10612, 10620, 10621, 10632, 10635, 10637, 10640, 10642, 10652, 10655, 10662, 10663, 10684, 10710, 10712, 10725, 10768, 
rel: 1 k: 14 rho: 15.7468 maxRV: 262, 2811, 2812, 2815, 2821, 2825, 2829, 2850, 2881, 2892, 2896, 2904, 2919, 2929, 2948, 6609, 6907, 6913, 6921, 6933, 8467, 10344, 10373, 10375, 10380, 10398, 10610, 10612, 10620, 10621, 10627, 10632, 10635, 10637, 10640, 10642, 10652, 10655, 10662, 10663, 10710, 10712, 10725, 10768, 
rel: 1 k: 15 rho: 10.397 maxRV: 2811, 2815, 2892, 2904, 2919, 6609, 6913, 10344, 10373, 10398, 10610, 10612, 10620, 10621, 10632, 10635, 10637, 10640, 10642, 10652, 10655, 10662, 10663, 10710, 10712, 10725, 
rel: 1 k: 16 rho: 9.92173 maxRV: 2815, 2892, 2904, 2919, 6609, 6913, 10344, 10373, 10398, 10610, 10612, 10620, 10621, 10627, 10632, 10635, 10637, 10640, 10642, 10652, 10655, 10662, 10663, 10710, 10712, 
rel: 1 k: 17 rho: 9.61705 maxRV: 2811, 2815, 2892, 2904, 2919, 6609, 6913, 10344, 10373, 10398, 10610, 10612, 10620, 10621, 10627, 10632, 10635, 10637, 10640, 10642, 10652, 10655, 10662, 10663, 10710, 10712, 
rel: 1 k: 18 rho: 7.99556 maxRV: 2815, 2892, 2904, 2919, 6609, 6913, 10344, 10373, 10398, 10610, 10612, 10620, 10621, 10627, 10632, 10635, 10637, 10642, 10652, 10663, 10710, 
rel: 1 k: 19 rho: 6.77742 maxRV: 2811, 2815, 2892, 2904, 2919, 6609, 10344, 10373, 10398, 10610, 10612, 10620, 10621, 10627, 10632, 10635, 10637, 10642, 10652, 10663, 
rel: 1 k: 3 rho: 655.702 maxRV: 2, 3, 7, 9, 13, 15, 18, 20, 23, 29, 30, 34, 36, 43, 44, 46, 47, 50, 61, 64, 70, 75, 80, 84, 88, 91, 92, 95, 97, 101, 104, 105, 120, 135, 136, 137, 139, 142, 143, 146, 147, 153, 155, 157, 159, 162, 170, 174, 175, 176, 181, 189, 190, 191, 192, 195, 199, 200, 204, 207, 209, 210, 211, 212, 218, 225, 229, 231, 246, 248, 252, 253, 256, 259, 260, 262, 263, 267, 278, 280, 281, 283, 298, 300, 304, 306, 307, 309, 315, 317, 320, 321, 324, 325, 343, 344, 347, 348, 349, 353, 354, 368, 378, 381, 383, 384, 387, 407, 413, 415, 424, 427, 431, 436, 437, 445, 449, 455, 457, 470, 492, 511, 512, 518, 527, 529, 558, 568, 576, 577, 590, 593, 597, 598, 599, 608, 609, 626, 639, 641, 642, 647, 648, 650, 652, 661, 666, 674, 679, 682, 684, 686, 696, 707, 711, 712, 714, 718, 719, 721, 722, 725, 735, 740, 767, 791, 792, 836, 853, 854, 875, 878, 879, 880, 881, 883, 893, 894, 908, 912, 921, 924, 950, 962, 965, 966, 967, 969, 970, 971, 974, 976, 978, 990, 992, 994, 997, 1003, 1006, 1009, 1020, 1027, 1032, 1035, 1036, 1037, 1038, 1039, 1042, 1047, 1050, 1051, 1052, 1055, 1061, 1077, 1079, 1082, 1093, 1109, 1122, 1123, 1124, 1126, 1133, 1142, 1150, 1156, 1158, 1162, 1163, 1164, 1168, 1170, 1177, 1179, 1192, 1210, 1213, 1220, 1228, 1230, 1236, 1239, 1240, 1241, 1243, 1255, 1256, 1258, 1260, 1263, 1265, 1267, 1270, 1271, 1280, 1302, 1304, 1307, 1308, 1309, 1310, 1313, 1314, 1315, 1320, 1324, 1335, 1350, 1351, 1356, 1358, 1359, 1361, 1393, 1412, 1414, 1416, 1417, 1419, 1430, 1435, 1436, 1445, 1446, 1452, 1453, 1458, 1459, 1489, 1491, 1502, 1504, 1505, 1507, 1510, 1512, 1515, 1516, 1521, 1523, 1525, 1528, 1531, 1545, 1554, 1566, 1570, 1583, 1587, 1592, 1604, 1632, 1639, 1659, 1660, 1662, 1665, 1668, 1670, 1673, 1676, 1692, 1698, 1710, 1715, 1720, 1725, 1729, 1730, 1732, 1748, 1752, 1758, 1759, 1760, 1769, 1772, 1780, 1781, 1785, 1798, 1801, 1803, 1815, 1816, 1817, 1818, 1820, 1845, 1859, 1861, 1862, 1864, 1866, 1867, 1868, 1871, 1872, 1879, 1892, 1898, 1900, 1905, 1917, 1947, 1954, 1961, 1973, 1986, 1989, 1994, 1996, 2009, 2020, 2024, 2025, 2030, 2037, 2039, 2042, 2046, 2057, 2058, 2059, 2066, 2076, 2077, 2081, 2087, 2090, 2093, 2096, 2097, 2103, 2106, 2131, 2133, 2136, 2149, 2152, 2156, 2157, 2173, 2175, 2180, 2187, 2197, 2199, 2201, 2206, 2222, 2225, 2231, 2232, 2234, 2235, 2236, 2237, 2238, 2242, 2244, 2247, 2252, 2259, 2261, 2266, 2267, 2275, 2282, 2288, 2299, 2305, 2308, 2311, 2312, 2313, 2315, 2317, 2318, 2321, 2322, 2324, 2328, 2334, 2338, 2339, 2341, 2356, 2364, 2369, 2377, 2380, 2383, 2385, 2387, 2391, 2394, 2396, 2397, 2406, 2408, 2411, 2421, 2428, 2432, 2443, 2455, 2460, 2463, 2467, 2475, 2477, 2478, 2484, 2495, 2497, 2503, 2507, 2510, 2519, 2529, 2531, 2532, 2533, 2535, 2538, 2545, 2548, 2554, 2556, 2557, 2561, 2566, 2580, 2601, 2608, 2613, 2617, 2618, 2623, 2626, 2630, 2635, 2639, 2641, 2659, 2660, 2664, 2670, 2680, 2690, 2696, 2700, 2701, 2713, 2720, 2724, 2726, 2738, 2740, 2742, 2761, 2778, 2791, 2810, 2811, 2812, 2813, 2814, 2815, 2817, 2821, 2825, 2826, 2829, 2835, 2837, 2840, 2841, 2843, 2847, 2849, 2850, 2868, 2881, 2883, 2887, 2888, 2892, 2894, 2896, 2903, 2904, 2905, 2906, 2908, 2917, 2919, 2920, 2921, 2929, 2933, 2942, 2944, 2948, 2949, 2953, 2957, 2958, 2977, 2990, 2993, 2998, 3004, 3029, 3036, 3045, 3049, 3052, 3060, 3063, 3065, 3069, 3072, 3075, 3081, 3085, 3093, 3096, 3097, 3108, 3109, 3111, 3112, 3131, 3139, 3145, 3148, 3151, 3154, 3180, 3181, 3186, 3220, 3222, 3239, 3247, 3256, 3259, 3263, 3284, 3294, 3305, 3314, 3328, 3337, 3342, 3349, 3350, 3351, 3352, 3357, 3368, 3373, 3379, 3380, 3384, 3385, 3389, 3398, 3399, 3405, 3417, 3427, 3430, 3442, 3479, 3495, 3511, 3523, 3525, 3527, 3540, 3566, 3580, 3583, 3596, 3618, 3626, 3631, 3635, 3645, 3655, 3663, 3680, 3687, 3689, 3692, 3703, 3706, 3721, 3732, 3733, 3742, 3744, 3750, 3753, 3757, 3773, 3781, 3786, 3796, 3806, 3818, 3846, 3861, 3871, 3873, 3880, 3883, 3889, 3905, 3914, 3920, 3924, 3932, 3938, 3941, 3946, 3948, 3949, 3950, 3979, 3985, 3989, 4015, 4028, 4045, 4057, 4065, 4069, 4086, 4096, 4111, 4112, 4129, 4140, 4166, 4172, 4181, 4197, 4200, 4201, 4203, 4218, 4271, 4283, 4297, 4305, 4313, 4320, 4325, 4332, 4334, 4380, 4381, 4382, 4383, 4392, 4403, 4406, 4417, 4426, 4429, 4433, 4449, 4471, 4512, 4533, 4546, 4568, 4573, 4583, 4611, 4616, 4617, 4618, 4622, 4627, 4629, 4632, 4642, 4653, 4657, 4658, 4659, 4660, 4669, 4673, 4689, 4690, 4696, 4700, 4710, 4711, 4723, 4728, 4729, 4740, 4767, 4784, 4791, 4825, 4826, 4841, 4843, 4845, 4854, 4863, 4867, 4871, 4878, 4881, 4885, 4887, 4890, 4902, 4932, 4973, 4981, 4986, 4991, 4993, 4994, 5033, 5036, 5039, 5049, 5055, 5056, 5067, 5078, 5085, 5094, 5101, 5104, 5108, 5111, 5132, 5150, 5152, 5161, 5196, 5202, 5210, 5215, 5220, 5252, 5254, 5259, 5326, 5331, 5339, 5343, 5355, 5376, 5380, 5395, 5398, 5404, 5415, 5419, 5421, 5422, 5425, 5439, 5442, 5443, 5450, 5465, 5486, 5488, 5518, 5532, 5544, 5555, 5578, 5579, 5591, 5594, 5595, 5598, 5618, 5627, 5634, 5637, 5643, 5651, 5652, 5653, 5656, 5658, 5663, 5664, 5665, 5676, 5693, 5696, 5704, 5705, 5708, 5710, 5719, 5720, 5729, 5730, 5731, 5733, 5734, 5737, 5740, 5754, 5756, 5758, 5760, 5768, 5769, 5773, 5774, 5778, 5797, 5801, 5803, 5808, 5809, 5819, 5821, 5828, 5842, 5844, 5850, 5852, 5853, 5858, 5859, 5871, 5896, 5920, 5938, 5950, 5963, 5968, 5973, 5981, 5982, 5988, 5992, 5993, 5995, 5998, 5999, 6001, 6011, 6017, 6018, 6021, 6035, 6046, 6054, 6055, 6097, 6104, 6107, 6115, 6118, 6125, 6134, 6142, 6154, 6180, 6187, 6192, 6194, 6198, 6199, 6205, 6214, 6222, 6226, 6227, 6228, 6229, 6232, 6234, 6240, 6241, 6244, 6249, 6264, 6265, 6269, 6280, 6300, 6303, 6304, 6310, 6318, 6321, 6325, 6327, 6335, 6336, 6344, 6345, 6346, 6352, 6365, 6368, 6406, 6410, 6417, 6437, 6440, 6442, 6468, 6473, 6487, 6490, 6500, 6523, 6580, 6585, 6586, 6587, 6588, 6591, 6593, 6594, 6598, 6599, 6605, 6618, 6619, 6621, 6625, 6629, 6631, 6632, 6636, 6639, 6641, 6647, 6650, 6661, 6662, 6663, 6665, 6672, 6679, 6685, 6691, 6692, 6694, 6699, 6710, 6729, 6730, 6734, 6735, 6737, 6740, 6741, 6743, 6746, 6753, 6774, 6782, 6785, 6804, 6805, 6825, 6828, 6833, 6843, 6845, 6846, 6847, 6848, 6849, 6862, 6870, 6872, 6873, 6879, 6885, 6886, 6887, 6893, 6897, 6907, 6913, 6918, 6921, 6929, 6933, 6951, 6955, 6957, 6961, 6980, 6988, 6991, 7013, 7015, 7026, 7027, 7032, 7037, 7039, 7052, 7059, 7071, 7082, 7087, 7093, 7113, 7114, 7115, 7116, 7118, 7122, 7127, 7131, 7148, 7155, 7174, 7183, 7187, 7189, 7195, 7196, 7199, 7202, 7203, 7207, 7216, 7220, 7224, 7255, 7257, 7259, 7278, 7281, 7302, 7317, 7319, 7324, 7335, 7345, 7355, 7356, 7359, 7365, 7374, 7375, 7379, 7383, 7385, 7387, 7396, 7410, 7415, 7419, 7422, 7424, 7426, 7435, 7445, 7449, 7469, 7477, 7479, 7490, 7518, 7523, 7526, 7528, 7534, 7549, 7555, 7569, 7575, 7582, 7602, 7603, 7604, 7610, 7618, 7642, 7647, 7656, 7657, 7665, 7670, 7673, 7683, 7685, 7699, 7702, 7703, 7704, 7710, 7711, 7712, 7715, 7723, 7735, 7738, 7751, 7785, 7790, 7791, 7797, 7798, 7803, 7814, 7818, 7824, 7825, 7836, 7843, 7855, 7865, 7870, 7887, 7888, 7897, 7900, 7924, 7928, 7930, 7932, 7940, 7942, 7945, 7948, 7951, 7960, 7967, 7981, 7984, 7987, 7992, 8005, 8016, 8021, 8024, 8027, 8046, 8057, 8060, 8081, 8127, 8130, 8131, 8134, 8139, 8140, 8143, 8150, 8170, 8179, 8187, 8194, 8197, 8198, 8204, 8212, 8216, 8228, 8238, 8247, 8255, 8258, 8265, 8272, 8279, 8293, 8297, 8298, 8303, 8308, 8315, 8317, 8331, 8360, 8366, 8380, 8391, 8398, 8408, 8434, 8452, 8467, 8469, 8485, 8487, 8493, 8503, 8531, 8544, 8553, 8564, 8572, 8589, 8593, 8602, 8604, 8625, 8653, 8715, 8716, 8724, 8726, 8754, 8761, 8799, 8800, 8820, 8840, 8874, 8880, 8885, 8895, 8896, 8903, 8904, 8907, 8911, 8915, 8924, 8925, 8926, 8933, 8950, 8951, 8952, 8954, 8965, 8971, 8972, 8973, 8974, 8977, 8983, 8989, 8996, 9000, 9003, 9009, 9017, 9018, 9025, 9027, 9028, 9044, 9058, 9062, 9069, 9070, 9073, 9083, 9089, 9101, 9118, 9120, 9121, 9125, 9130, 9142, 9151, 9153, 9165, 9175, 9184, 9198, 9240, 9241, 9244, 9252, 9253, 9261, 9264, 9265, 9268, 9282, 9285, 9326, 9332, 9381, 9384, 9389, 9396, 9398, 9408, 9416, 9485, 9497, 9501, 9503, 9504, 9515, 9523, 9531, 9532, 9534, 9542, 9546, 9548, 9561, 9568, 9575, 9577, 9578, 9580, 9587, 9604, 9605, 9611, 9622, 9661, 9684, 9700, 9704, 9707, 9712, 9716, 9717, 9738, 9740, 9746, 9749, 9764, 9765, 9767, 9782, 9799, 9801, 9803, 9804, 9813, 9817, 9822, 9834, 9869, 9870, 9872, 9876, 9887, 9903, 9911, 9919, 9951, 9973, 9982, 10039, 10067, 10069, 10082, 10084, 10103, 10116, 10131, 10135, 10175, 10186, 10198, 10210, 10240, 10341, 10344, 10355, 10357, 10373, 10375, 10376, 10380, 10398, 10401, 10410, 10414, 10415, 10420, 10445, 10450, 10457, 10469, 10474, 10477, 10491, 10495, 10543, 10548, 10550, 10557, 10606, 10612, 10613, 10619, 10620, 10621, 10627, 10632, 10637, 10640, 10644, 10652, 10653, 10655, 10668, 10681, 10685, 10687, 10718, 10720, 10738, 10765, 10767, 10775, 10809, 10849, 10880, 10888, 10889, 10892, 10950, 10951, 10959, 10963, 10964, 10974, 11007, 11009, 11015, 11020, 11042, 11065, 11087, 11104, 11122, 11123, 11176, 11194, 11215, 11221, 11233, 11240, 11243, 11333, 11346, 11382, 11409, 11422, 11439, 11457, 11477, 11487, 11549, 11563, 11571, 11629, 11643, 11652, 11655, 11666, 11675, 11676, 11680, 11730, 11737, 11738, 11746, 11765, 11783, 11813, 11840, 11846, 11855, 11873, 11875, 11912, 11920, 11928, 11954, 11972, 11983, 11996, 12012, 12025, 12028, 12042, 12071, 12098, 12109, 12121, 12124, 12126, 12140, 12141, 12142, 12194, 12209, 12215, 12218, 12220, 12223, 12233, 12247, 12268, 12298, 12317, 12330, 12337, 12348, 12378, 12422, 12425, 12444, 12459, 12463, 12468, 12479, 12480, 12481, 12520, 12545, 12569, 12613, 12645, 12651, 12658, 12671, 12693, 12694, 12732, 12733, 12736, 12739, 12741, 12753, 12756, 12784, 12788, 12800, 12808, 12819, 12822, 12829, 12830, 12833, 12839, 12842, 12844, 12849, 12861, 12862, 12867, 12890, 12896, 12906, 12932, 12936, 12947, 12959, 12969, 12973, 12979, 12982, 13005, 13014, 13018, 13035, 13039, 13048, 13056, 13084, 13138, 13139, 13177, 13219, 13356, 13359, 13362, 13401, 13416, 13433, 13436, 13480, 13535, 13540, 13552, 13580, 13596, 13597, 13633, 13640, 13654, 13675, 13677, 13686, 13689, 13690, 13699, 13702, 13717, 13725, 13729, 13730, 13768, 13770, 13795, 13812, 13819, 13826, 13852, 13907, 13916, 13917, 13925, 13929, 13930, 13932, 13933, 13944, 13948, 13952, 13956, 13958, 13964, 13968, 14011, 14013, 14033, 14059, 14081, 14088, 14090, 14099, 14101, 14125, 14137, 14174, 14226, 14228, 14230, 14235, 14251, 14253, 14258, 14265, 14269, 14294, 14312, 14322, 14325, 14346, 14351, 14379, 14388, 14399, 14401, 14404, 14413, 14431, 14440, 14489, 14490, 14540, 14563, 14573, 14579, 14595, 14602, 14608, 14610, 14612, 14616, 14619, 14628, 14738, 14763, 14770, 14781, 14782, 14783, 14792, 14798, 14812, 14815, 14836, 14852, 14866, 14896, 14897, 14901, 14907, 14921, 14924, 14937, 14947, 14963, 14980, 14981, 14986, 14988, 15039, 15159, 15199, 15228, 15229, 15298, 15302, 15305, 15349, 15363, 15364, 15394, 15407, 15443, 15449, 15469, 15511, 15546, 15668, 15791, 15792, 15800, 15839, 15948, 15995, 16055, 16090, 16103, 16108, 16120, 16130, 16132, 16138, 16142, 16156, 16166, 16171, 16199, 16202, 16207, 16237, 16244, 16250, 16291, 16333, 16341, 16353, 16366, 16428, 16449, 16454, 16466, 16485, 16573, 16574, 16622, 16625, 16654, 16723, 16738, 16754, 16761, 17052, 17071, 17096, 17121, 17128, 17129, 17137, 17213, 17226, 17231, 17276, 17306, 17308, 17394, 17397, 17398, 17422, 17435, 17438, 17440, 17443, 17445, 17458, 17467, 17487, 17494, 17597, 17605, 17608, 17616, 17625, 17672, 17795, 17796, 17797, 17798, 17805, 17806, 17808, 17811, 17812, 17813, 17816, 17817, 17820, 17823, 17835, 17867, 17872, 17873, 17876, 17907, 17913, 17939, 17941, 17942, 17947, 17948, 17960, 17980, 17981, 17982, 18002, 18003, 18006, 18019, 18037, 18038, 18039, 18047, 18070, 18079, 18099, 18101, 18113, 18133, 18141, 18146, 18166, 18208, 18215, 18241, 18272, 18275, 18280, 18294, 18311, 18315, 18346, 18408, 18417, 18419, 18467, 18516, 18529, 18540, 18557, 18575, 18626, 18627, 18658, 18748, 18785, 18798, 18852, 18867, 18936, 18945, 18959, 18962, 18992, 19010, 19153, 19159, 19174, 19183, 19189, 19208, 19224, 19240, 19310, 19363, 19369, 19371, 19372, 19373, 19374, 19375, 19379, 19381, 19386, 19389, 19394, 19399, 19401, 19404, 19413, 19414, 19415, 19417, 19419, 19424, 19432, 19439, 19440, 19444, 19452, 19453, 19459, 19462, 19465, 19472, 19478, 19488, 19497, 19504, 19512, 19589, 19707, 19714, 19721, 19735, 19756, 19777, 19780, 19820, 19903, 19908, 19916, 19920, 19922, 19923, 19951, 20030, 20129, 20157, 20226, 20278, 20321, 20323, 20355, 20363, 20364, 20376, 20381, 20384, 20412, 20418, 20424, 20425, 20433, 20450, 20491, 20492, 20494, 20505, 20527, 20562, 20587, 20594, 20679, 20700, 20749, 20818, 20947, 20967, 20982, 21032, 21038, 21043, 21061, 21072, 21121, 21194, 21238, 21329, 21397, 21398, 21408, 21414, 21420, 21422, 21533, 21570, 21577, 21585, 21588, 21591, 21595, 21596, 21620, 21622, 21644, 21666, 21688, 21698, 21699, 21701, 21702, 21705, 21726, 21918, 21919, 21958, 22071, 22100, 22230, 22541, 22545, 22612, 22778, 22822, 22827, 22832, 22843, 22882, 23077, 23142, 23226, 23248, 23331, 23346, 23355, 23356, 23366, 23372, 23458, 23498, 23502, 23613, 23659, 23671, 23689, 23725, 23729, 23774, 23780, 23835, 23842, 23875, 23877, 23882, 23888, 23889, 23892, 23893, 23897, 23904, 23910, 23923, 23927, 23928, 23933, 23937, 23945, 23949, 23950, 23951, 23954, 23955, 23959, 23995, 23999, 24085, 24121, 24289, 24291, 24336, 24400, 24404, 24509, 24512, 24513, 24515, 24563, 24564, 24567, 24568, 24595, 24605, 24606, 24610, 24611, 24618, 24629, 24636, 24637, 24638, 24656, 24712, 24753, 24956, 24959, 24964, 24969, 24978, 24998, 25005, 25007, 25022, 25025, 25026, 25029, 25042, 25043, 25044, 25069, 25254, 25255, 25256, 25268, 25305, 25355, 25405, 25611, 25612, 25759, 25762, 25810, 25817, 25862, 25876, 25878, 25930, 26025, 26059, 26110, 26140, 26144, 26256, 26312, 26358, 26490, 26496, 26498, 26582, 26643, 26644, 26646, 26722, 26884, 27024, 27255, 27303, 27321, 27333, 27564, 27589, 27631, 27648, 27683, 27709, 27710, 27768, 27799, 27847, 27864, 27895, 27914, 27947, 27982, 27991, 28006, 28020, 28029, 28144, 28168, 28176, 28236, 28335, 28482, 28621, 28714, 28729, 28750, 28775, 28783, 28859, 28860, 28902, 28905, 28909, 28910, 28915, 28917, 28919, 28959, 29003, 29018, 29062, 29118, 29130, 29179, 29217, 29223, 29248, 29290, 29318, 29319, 29324, 29326, 29328, 29329, 29388, 29437, 29596, 29613, 29644, 29791, 30003, 30005, 30006, 30367, 30372, 30385, 30393, 30395, 30418, 30455, 30457, 30521, 30690, 30712, 30767, 30908, 30945, 30999, 31004, 31005, 31016, 31017, 31131, 31155, 31258, 31302, 31525, 31572, 31626, 31628, 31633, 31660, 31662, 31709, 31734, 31840, 31850, 31905, 31940, 31951, 32015, 32059, 32061, 32077, 32187, 32220, 32222, 32371, 32396, 32402, 32439, 32514, 32526, 32751, 32827, 32875, 32876, 32878, 33073, 33158, 33398, 33465, 33474, 33595, 33598, 33617, 33682, 33749, 33796, 33877, 33941, 34086, 34147, 34182, 34287, 34312, 34313, 34394, 34565, 34807, 34886, 35530, 35531, 35532, 35599, 35735, 35828, 35890, 35903, 36301, 36302, 36573, 36895, 36918, 37206, 37207, 37258, 37471, 37535, 38002, 38004, 38005, 38006, 38194, 38695, 38897, 39026, 39075, 39077, 39088, 39122, 39124, 39316, 39519, 39842, 39843, 39892, 39962, 39985, 40257, 40423, 40982, 41369, 41711, 41843, 42087, 42324, 42405, 42408, 42783, 42805, 42828, 42873, 42937, 42938, 42939, 42944, 43242, 43715, 43716, 43821, 43838, 44146, 44613, 44841, 44880, 44924, 44925, 44949, 44951, 45507, 46226, 47281, 47541, 49414, 49545, 49553, 49785, 49786, 49787, 
rel: 1 k: 4 rho: 199.384 maxRV: 2, 3, 7, 9, 13, 15, 18, 20, 23, 29, 30, 34, 36, 44, 46, 47, 50, 61, 75, 80, 91, 92, 101, 104, 105, 135, 137, 143, 146, 147, 153, 155, 157, 159, 170, 174, 175, 189, 190, 191, 195, 199, 200, 207, 209, 210, 211, 212, 218, 229, 231, 246, 248, 252, 253, 256, 259, 262, 263, 267, 280, 281, 283, 298, 300, 317, 320, 324, 344, 348, 378, 383, 384, 413, 415, 424, 431, 449, 457, 518, 527, 568, 590, 598, 626, 639, 642, 647, 648, 650, 652, 661, 666, 679, 686, 712, 718, 719, 721, 722, 836, 853, 854, 878, 883, 950, 962, 965, 966, 967, 969, 970, 971, 974, 976, 978, 990, 1003, 1006, 1009, 1027, 1035, 1037, 1038, 1039, 1047, 1050, 1051, 1055, 1061, 1077, 1079, 1082, 1093, 1109, 1142, 1156, 1158, 1163, 1164, 1168, 1170, 1177, 1179, 1192, 1213, 1220, 1228, 1241, 1280, 1302, 1304, 1307, 1308, 1309, 1310, 1314, 1315, 1320, 1324, 1350, 1361, 1445, 1446, 1452, 1459, 1502, 1507, 1510, 1515, 1516, 1523, 1525, 1528, 1531, 1570, 1587, 1592, 1604, 1632, 1660, 1668, 1692, 1698, 1720, 1758, 1766, 1772, 1780, 1785, 1815, 1817, 1861, 1864, 1868, 1872, 1892, 1898, 1917, 1961, 1973, 1989, 1994, 1996, 2009, 2016, 2020, 2057, 2059, 2076, 2077, 2097, 2106, 2131, 2133, 2136, 2149, 2175, 2197, 2206, 2222, 2234, 2236, 2238, 2244, 2261, 2267, 2305, 2312, 2315, 2322, 2339, 2356, 2364, 2377, 2380, 2385, 2394, 2408, 2421, 2432, 2443, 2455, 2477, 2495, 2507, 2535, 2538, 2548, 2557, 2601, 2618, 2664, 2670, 2701, 2726, 2740, 2742, 2778, 2810, 2811, 2812, 2813, 2814, 2815, 2817, 2821, 2825, 2826, 2829, 2835, 2840, 2843, 2847, 2849, 2850, 2868, 2881, 2883, 2892, 2894, 2896, 2904, 2905, 2906, 2908, 2917, 2919, 2920, 2929, 2942, 2948, 2949, 2953, 2957, 2958, 2977, 2990, 2993, 2998, 3036, 3049, 3052, 3060, 3065, 3072, 3075, 3085, 3093, 3109, 3131, 3148, 3151, 3154, 3181, 3186, 3222, 3263, 3352, 3373, 3379, 3399, 3417, 3419, 3525, 3527, 3540, 3583, 3596, 3618, 3645, 3663, 3721, 3742, 3757, 3796, 3883, 3924, 3938, 3948, 3989, 4045, 4111, 4200, 4392, 4417, 4429, 4533, 4546, 4568, 4573, 4622, 4627, 4629, 4642, 4657, 4689, 4723, 4729, 4841, 4843, 4854, 4871, 4886, 4890, 4902, 4932, 4981, 4991, 5033, 5039, 5055, 5067, 5078, 5111, 5161, 5196, 5259, 5331, 5404, 5419, 5450, 5486, 5532, 5555, 5594, 5651, 5652, 5656, 5696, 5704, 5708, 5730, 5731, 5734, 5808, 5828, 5850, 5920, 5938, 5968, 5998, 6001, 6017, 6046, 6142, 6205, 6214, 6222, 6229, 6241, 6300, 6304, 6318, 6325, 6344, 6352, 6365, 6500, 6523, 6585, 6586, 6587, 6588, 6590, 6591, 6593, 6594, 6598, 6605, 6618, 6619, 6621, 6623, 6625, 6629, 6631, 6632, 6636, 6639, 6641, 6647, 6650, 6661, 6663, 6665, 6685, 6690, 6694, 6729, 6730, 6734, 6735, 6737, 6743, 6746, 6753, 6782, 6825, 6833, 6843, 6846, 6849, 6862, 6870, 6872, 6873, 6879, 6885, 6886, 6907, 6921, 6929, 6933, 6951, 6980, 7013, 7015, 7027, 7037, 7039, 7052, 7059, 7071, 7113, 7114, 7115, 7116, 7122, 7131, 7155, 7187, 7189, 7195, 7207, 7216, 7220, 7224, 7255, 7319, 7345, 7355, 7375, 7379, 7387, 7415, 7419, 7477, 7518, 7526, 7528, 7569, 7602, 7603, 7618, 7704, 7735, 7814, 7888, 7897, 7900, 7981, 8024, 8130, 8131, 8134, 8241, 8247, 8258, 8272, 8279, 8298, 8308, 8317, 8331, 8385, 8398, 8467, 8469, 8480, 8485, 8493, 8564, 8572, 8589, 8602, 8653, 8754, 8907, 8924, 8926, 8950, 9000, 9003, 9018, 9027, 9101, 9130, 9153, 9241, 9265, 9268, 9548, 9575, 9577, 9578, 9604, 9707, 9740, 9782, 9799, 9801, 9804, 9813, 9822, 9869, 9870, 10039, 10069, 10198, 10210, 10344, 10355, 10356, 10357, 10373, 10375, 10376, 10380, 10410, 10422, 10430, 10457, 10548, 10557, 10606, 10610, 10612, 10613, 10619, 10620, 10627, 10653, 10666, 10668, 10681, 10685, 10687, 10707, 10713, 10718, 10720, 10732, 10734, 10738, 10744, 10747, 10765, 10768, 10809, 10849, 10880, 10888, 10889, 10950, 10951, 10959, 10963, 10964, 10974, 10975, 11009, 11020, 11194, 11310, 11409, 11635, 11643, 11666, 11737, 11738, 11972, 12140, 12142, 12194, 12223, 12569, 12668, 12733, 12739, 12741, 12800, 12819, 12822, 12861, 12862, 12867, 12947, 12959, 12973, 12979, 12982, 13138, 13219, 13362, 13535, 13597, 13675, 13677, 13686, 13689, 13690, 13702, 13717, 13725, 13852, 14011, 14081, 14228, 14230, 14235, 14351, 14431, 14440, 14738, 14763, 14907, 15199, 15228, 15407, 15449, 15856, 16090, 16130, 16250, 16353, 16361, 16454, 16466, 17308, 17397, 17422, 17435, 17440, 17443, 17445, 17795, 17797, 17805, 17808, 17811, 17812, 17813, 17816, 17817, 17820, 17867, 17872, 17907, 17913, 17939, 17941, 17948, 17960, 18003, 18079, 18101, 18215, 18294, 18346, 18658, 19371, 19372, 19373, 19375, 19379, 19381, 19389, 19394, 19399, 19401, 19404, 19413, 19414, 19417, 19419, 19424, 19432, 19439, 19444, 19452, 19453, 19462, 19465, 19472, 20226, 20412, 20491, 20527, 21329, 21585, 21588, 21591, 21595, 21596, 21620, 21851, 22255, 22259, 22882, 23021, 24291, 25759, 26025, 26496, 27768, 28699, 29324, 29326, 29329, 30767, 32061, 32876, 33682, 36573, 39519, 
rel: 1 k: 5 rho: 72.7909 maxRV: 2, 3, 7, 13, 15, 18, 20, 29, 30, 36, 44, 47, 50, 61, 75, 80, 101, 104, 143, 146, 147, 153, 155, 157, 159, 170, 174, 189, 191, 195, 200, 207, 209, 210, 212, 218, 229, 231, 246, 253, 262, 263, 281, 283, 317, 324, 344, 348, 424, 527, 626, 639, 648, 652, 661, 679, 686, 718, 719, 722, 836, 853, 878, 962, 969, 974, 978, 1003, 1006, 1027, 1035, 1037, 1038, 1039, 1047, 1050, 1055, 1061, 1077, 1082, 1093, 1142, 1156, 1158, 1163, 1164, 1168, 1177, 1179, 1213, 1220, 1280, 1304, 1308, 1309, 1310, 1314, 1324, 1445, 1446, 1452, 1502, 1531, 1587, 1632, 1772, 1785, 1815, 1864, 1868, 1872, 1892, 1973, 2016, 2020, 2057, 2059, 2077, 2106, 2133, 2149, 2175, 2244, 2267, 2339, 2380, 2408, 2432, 2443, 2455, 2495, 2548, 2601, 2701, 2810, 2811, 2812, 2814, 2815, 2817, 2821, 2825, 2829, 2835, 2840, 2849, 2850, 2868, 2881, 2883, 2892, 2894, 2896, 2904, 2905, 2906, 2908, 2917, 2919, 2929, 2948, 2949, 2953, 2958, 2990, 2993, 3036, 3060, 3065, 3109, 3154, 3181, 3186, 3222, 3419, 3583, 3596, 3757, 3796, 3883, 3938, 4045, 4533, 4902, 5033, 5055, 5404, 5594, 6300, 6325, 6585, 6586, 6587, 6588, 6590, 6591, 6593, 6594, 6598, 6609, 6618, 6619, 6625, 6629, 6632, 6636, 6639, 6661, 6663, 6665, 6685, 6694, 6729, 6734, 6737, 6746, 6753, 6782, 6825, 6833, 6843, 6849, 6870, 6872, 6873, 6907, 6913, 6921, 6929, 6933, 6951, 7015, 7039, 7071, 7114, 7115, 7155, 7216, 7220, 7255, 7319, 7355, 7387, 7415, 7419, 7526, 7602, 7603, 7814, 8130, 8131, 8170, 8247, 8467, 8480, 8493, 8924, 8926, 9018, 9241, 9577, 9740, 9869, 9870, 10344, 10355, 10356, 10357, 10358, 10360, 10375, 10376, 10380, 10398, 10401, 10404, 10408, 10410, 10414, 10420, 10422, 10430, 10442, 10457, 10607, 10610, 10612, 10619, 10620, 10621, 10623, 10632, 10635, 10637, 10640, 10642, 10644, 10652, 10653, 10655, 10662, 10663, 10668, 10682, 10684, 10685, 10687, 10710, 10712, 10713, 10725, 10732, 10744, 10748, 10755, 10768, 10775, 10778, 10805, 10809, 10810, 10849, 10959, 10963, 10964, 10974, 11020, 11310, 11666, 12668, 12800, 12982, 13219, 14351, 14431, 15199, 15228, 15856, 16130, 16361, 17308, 17907, 18003, 18215, 21585, 21588, 21591, 21595, 21596, 21620, 26042, 32061, 
rel: 1 k: 6 rho: 43.3045 maxRV: 3, 7, 20, 30, 36, 75, 80, 143, 146, 147, 153, 155, 157, 159, 170, 174, 189, 191, 195, 207, 209, 210, 212, 218, 229, 231, 246, 253, 262, 263, 281, 283, 317, 344, 348, 424, 449, 626, 648, 652, 661, 679, 718, 719, 836, 853, 962, 974, 1003, 1077, 1082, 1093, 1156, 1164, 1168, 1179, 1213, 1308, 1324, 1445, 1446, 1452, 1502, 1864, 1868, 1961, 1973, 2020, 2059, 2106, 2133, 2149, 2244, 2380, 2811, 2812, 2814, 2815, 2817, 2821, 2825, 2829, 2835, 2840, 2849, 2850, 2881, 2883, 2892, 2894, 2896, 2904, 2905, 2906, 2908, 2917, 2919, 2929, 2948, 2953, 2958, 2990, 2993, 3036, 3060, 3065, 3109, 3154, 3181, 3186, 3222, 3596, 3757, 3796, 4045, 4546, 4902, 5594, 6325, 6585, 6587, 6590, 6591, 6593, 6594, 6598, 6609, 6618, 6619, 6625, 6629, 6632, 6636, 6639, 6663, 6665, 6685, 6694, 6729, 6734, 6746, 6753, 6782, 6833, 6843, 6849, 6872, 6907, 6913, 6921, 6929, 6933, 7015, 7039, 7115, 7155, 7216, 7220, 7602, 7603, 7814, 8130, 8247, 8467, 8480, 8924, 8926, 9241, 9577, 9740, 9869, 10344, 10355, 10356, 10357, 10375, 10376, 10380, 10398, 10404, 10410, 10414, 10457, 10610, 10612, 10620, 10621, 10632, 10635, 10637, 10640, 10642, 10644, 10652, 10653, 10655, 10662, 10663, 10668, 10682, 10684, 10685, 10687, 10710, 10712, 10725, 10732, 10741, 10748, 10755, 10768, 10775, 10778, 10805, 10809, 10810, 10849, 10880, 10963, 10974, 13219, 15228, 15856, 21588, 21591, 21595, 21620, 
rel: 1 k: 7 rho: 29.9174 maxRV: 3, 7, 36, 143, 146, 147, 155, 159, 170, 174, 207, 209, 212, 218, 229, 231, 246, 253, 262, 263, 281, 283, 317, 348, 626, 652, 679, 718, 719, 1077, 1082, 1093, 1445, 1446, 1502, 1864, 1868, 1973, 2020, 2059, 2133, 2244, 2811, 2812, 2815, 2817, 2821, 2825, 2829, 2835, 2840, 2850, 2881, 2883, 2892, 2894, 2896, 2904, 2908, 2917, 2919, 2929, 2948, 2953, 2958, 2990, 3060, 3065, 3154, 3181, 3186, 3222, 3796, 6585, 6587, 6591, 6594, 6598, 6609, 6618, 6663, 6665, 6685, 6729, 6734, 6746, 6753, 6782, 6849, 6872, 6907, 6913, 6921, 6929, 6933, 7155, 7216, 7220, 8130, 8467, 8480, 9577, 10344, 10355, 10356, 10357, 10373, 10375, 10376, 10380, 10398, 10410, 10414, 10610, 10612, 10620, 10621, 10632, 10635, 10637, 10640, 10642, 10644, 10652, 10653, 10655, 10662, 10663, 10682, 10684, 10685, 10687, 10710, 10712, 10725, 10732, 10741, 10748, 10755, 10768, 10778, 10805, 10809, 10810, 10963, 
rel: 1 k: 8 rho: 29.0772 maxRV: 262, 281, 1077, 2811, 2812, 2815, 2821, 2825, 2829, 2850, 2881, 2892, 2894, 2896, 2904, 2908, 2917, 2919, 2929, 2948, 2953, 3222, 6609, 6782, 6907, 6913, 6929, 6933, 7155, 8130, 8467, 8485, 9577, 10344, 10355, 10356, 10357, 10375, 10376, 10380, 10398, 10410, 10414, 10610, 10612, 10620, 10621, 10627, 10632, 10635, 10637, 10640, 10642, 10644, 10652, 10655, 10662, 10663, 10682, 10684, 10685, 10687, 10710, 10712, 10725, 10741, 10748, 10768, 10778, 10805, 10809, 
rel: 1 k: 9 rho: 25.3752 maxRV: 262, 281, 1077, 2811, 2812, 2815, 2821, 2825, 2829, 2850, 2881, 2892, 2894, 2896, 2904, 2908, 2917, 2919, 2929, 2948, 2953, 6609, 6636, 6782, 6907, 6913, 6921, 6929, 6933, 7155, 8130, 8467, 8485, 9577, 10198, 10344, 10355, 10356, 10357, 10373, 10375, 10376, 10380, 10398, 10410, 10414, 10606, 10610, 10612, 10620, 10621, 10627, 10632, 10635, 10637, 10640, 10642, 10644, 10652, 10655, 10662, 10663, 10666, 10681, 10682, 10684, 10685, 10687, 10707, 10710, 10712, 10720, 10725, 10734, 10741, 10747, 10748, 10765, 10768, 10778, 10805, 
rel: 1 k: 10 rho: 24.5124 maxRV: 262, 281, 1077, 2811, 2812, 2815, 2821, 2825, 2829, 2850, 2881, 2892, 2896, 2904, 2908, 2917, 2919, 2929, 2948, 2953, 6609, 6636, 6782, 6907, 6913, 6921, 6933, 7155, 8130, 8467, 8485, 10344, 10355, 10356, 10357, 10373, 10375, 10376, 10380, 10398, 10410, 10414, 10610, 10612, 10620, 10621, 10627, 10632, 10635, 10637, 10640, 10642, 10644, 10652, 10655, 10662, 10663, 10682, 10684, 10685, 10710, 10712, 10720, 10725, 10748, 10768, 10778, 10805, 
rel: 1 k: 11 rho: 21.6905 maxRV: 262, 281, 1077, 2811, 2812, 2815, 2821, 2825, 2829, 2850, 2881, 2892, 2896, 2904, 2919, 2929, 2948, 2953, 6609, 6636, 6907, 6913, 6921, 6933, 7155, 8467, 8485, 10344, 10356, 10357, 10373, 10375, 10376, 10380, 10398, 10410, 10414, 10606, 10610, 10612, 10620, 10621, 10627, 10632, 10635, 10637, 10640, 10642, 10644, 10652, 10655, 10662, 10663, 10682, 10684, 10685, 10710, 10712, 10725, 10748, 10768, 10778, 
rel: 1 k: 12 rho: 19.6453 maxRV: 262, 281, 1077, 2811, 2812, 2815, 2821, 2825, 2829, 2850, 2881, 2892, 2896, 2904, 2919, 2929, 2948, 2953, 6609, 6636, 6907, 6913, 6921, 6933, 8467, 10344, 10373, 10375, 10376, 10380, 10398, 10410, 10414, 10610, 10612, 10620, 10621, 10632, 10635, 10637, 10640, 10642, 10644, 10652, 10655, 10662, 10663, 10682, 10684, 10685, 10710, 10712, 10725, 10768, 
rel: 1 k: 13 rho: 18.262 maxRV: 262, 281, 1077, 2811, 2812, 2815, 2821, 2825, 2829, 2850, 2881, 2892, 2896, 2904, 2919, 2929, 2948, 2953, 6609, 6636, 6907, 6913, 6921, 6933, 8467, 10344, 10373, 10375, 10376, 10380, 10398, 10410, 10414, 10610, 10612, 10620, 10621, 10632, 10635, 10637, 10640, 10642, 10652, 10655, 10662, 10663, 10684, 10710, 10712, 10725, 10768, 
rel: 1 k: 14 rho: 15.5174 maxRV: 262, 2811, 2812, 2815, 2821, 2825, 2829, 2850, 2881, 2892, 2896, 2904, 2919, 2929, 2948, 2953, 6609, 6907, 6913, 6921, 6933, 8467, 10344, 10373, 10375, 10380, 10398, 10610, 10612, 10620, 10621, 10627, 10632, 10635, 10637, 10640, 10642, 10652, 10655, 10662, 10663, 10710, 10712, 10725, 10768, 
rel: 1 k: 15 rho: 10.397 maxRV: 2811, 2815, 2892, 2904, 2919, 6609, 6913, 10344, 10373, 10398, 10610, 10612, 10620, 10621, 10632, 10635, 10637, 10640, 10642, 10652, 10655, 10662, 10663, 10710, 10712, 10725, 
rel: 1 k: 16 rho: 9.92173 maxRV: 2815, 2892, 2904, 2919, 6609, 6913, 10344, 10373, 10398, 10610, 10612, 10620, 10621, 10627, 10632, 10635, 10637, 10640, 10642, 10652, 10655, 10662, 10663, 10710, 10712, 
rel: 1 k: 17 rho: 9.61705 maxRV: 2811, 2815, 2892, 2904, 2919, 6609, 6913, 10344, 10373, 10398, 10610, 10612, 10620, 10621, 10627, 10632, 10635, 10637, 10640, 10642, 10652, 10655, 10662, 10663, 10710, 10712, 
rel: 1 k: 18 rho: 7.99556 maxRV: 2815, 2892, 2904, 2919, 6609, 6913, 10344, 10373, 10398, 10610, 10612, 10620, 10621, 10627, 10632, 10635, 10637, 10642, 10652, 10663, 10710, 
rel: 1 k: 19 rho: 6.77742 maxRV: 2811, 2815, 2892, 2904, 2919, 6609, 10344, 10373, 10398, 10610, 10612, 10620, 10621, 10627, 10632, 10635, 10637, 10642, 10652, 10663, 
query: 91
Construct Successful.
query: 92
Construct Successful.
query: 93
Construct Successful.
rel: 1 k: 11 rho: 5.93454 maxRV: 0, 1, 2, 3, 4, 5, 7, 8, 9, 10, 11, 12, 13, 14, 15, 16, 17, 18, 
rel: 1 k: 10 rho: 11.8956 maxRV: 0, 2, 3, 4, 5, 7, 8, 9, 10, 11, 12, 13, 14, 15, 16, 17, 18, 19, 20, 22, 23, 24, 25, 26, 27, 28, 29, 30, 32, 34, 37, 38, 
rel: 1 k: 9 rho: 12.9023 maxRV: 0, 2, 3, 4, 5, 7, 8, 9, 10, 11, 12, 13, 14, 15, 16, 17, 18, 19, 20, 21, 22, 23, 24, 25, 26, 27, 28, 29, 30, 32, 34, 37, 38, 39, 41, 42, 
rel: 1 k: 8 rho: 14.9597 maxRV: 0, 2, 3, 4, 5, 7, 8, 9, 10, 11, 12, 13, 14, 15, 16, 17, 18, 19, 20, 22, 23, 24, 25, 26, 27, 28, 29, 30, 34, 37, 38, 39, 41, 42, 43, 45, 54, 55, 56, 
rel: 1 k: 7 rho: 16.6454 maxRV: 0, 2, 3, 4, 5, 7, 8, 9, 10, 11, 12, 13, 14, 15, 16, 17, 18, 19, 20, 22, 23, 24, 25, 26, 27, 28, 29, 30, 31, 32, 33, 34, 35, 37, 38, 39, 41, 42, 43, 45, 54, 55, 56, 57, 58, 59, 60, 61, 
rel: 1 k: 6 rho: 19.2109 maxRV: 0, 2, 3, 4, 5, 8, 9, 10, 11, 12, 13, 14, 15, 16, 17, 18, 19, 20, 21, 22, 23, 24, 25, 26, 27, 28, 29, 30, 31, 32, 33, 34, 35, 37, 38, 39, 41, 42, 45, 54, 55, 56, 57, 58, 59, 60, 61, 73, 74, 75, 76, 77, 
rel: 1 k: 5 rho: 21.0188 maxRV: 0, 2, 3, 4, 5, 7, 8, 9, 10, 11, 12, 13, 14, 15, 16, 17, 18, 19, 20, 22, 23, 24, 25, 26, 27, 28, 29, 30, 31, 32, 33, 34, 35, 37, 38, 39, 41, 42, 45, 54, 55, 56, 57, 58, 59, 60, 61, 73, 74, 75, 76, 77, 93, 94, 97, 132, 
rel: 1 k: 4 rho: 28.4033 maxRV: 0, 2, 3, 4, 5, 7, 8, 9, 11, 12, 13, 14, 15, 16, 17, 18, 19, 20, 22, 23, 24, 25, 26, 27, 28, 29, 30, 31, 32, 33, 34, 35, 37, 38, 39, 41, 42, 45, 46, 47, 48, 49, 50, 51, 52, 53, 54, 55, 56, 57, 58, 59, 60, 61, 62, 71, 72, 73, 74, 75, 76, 77, 78, 80, 93, 94, 97, 98, 99, 100, 101, 102, 125, 126, 132, 133, 134, 136, 137, 139, 165, 166, 167, 168, 174, 175, 176, 178, 201, 202, 210, 211, 212, 213, 214, 215, 216, 218, 219, 220, 221, 222, 223, 224, 225, 226, 228, 229, 230, 257, 258, 259, 260, 265, 266, 276, 278, 279, 280, 282, 283, 284, 285, 286, 287, 288, 289, 290, 291, 297, 298, 322, 323, 345, 346, 
rel: 1 k: 3 rho: 160.749 maxRV: 7, 10, 22, 26, 29, 31, 32, 40, 43, 46, 47, 48, 49, 50, 51, 52, 53, 62, 71, 72, 73, 78, 79, 80, 90, 92, 96, 98, 99, 100, 101, 102, 103, 104, 105, 106, 107, 108, 109, 110, 111, 112, 113, 114, 125, 126, 127, 128, 129, 130, 133, 134, 136, 137, 139, 165, 166, 167, 168, 176, 177, 180, 181, 182, 184, 185, 186, 187, 188, 189, 190, 192, 193, 194, 195, 196, 210, 211, 212, 214, 219, 223, 224, 225, 226, 227, 231, 232, 233, 234, 235, 236, 237, 238, 239, 240, 241, 242, 243, 246, 247, 249, 257, 258, 259, 260, 261, 262, 263, 264, 265, 266, 269, 270, 273, 274, 275, 276, 277, 278, 279, 280, 281, 282, 283, 284, 285, 286, 287, 288, 289, 290, 291, 292, 293, 294, 295, 296, 310, 311, 313, 315, 316, 317, 318, 319, 320, 321, 322, 323, 324, 325, 326, 327, 328, 329, 330, 331, 332, 333, 337, 338, 339, 340, 341, 342, 343, 344, 345, 360, 361, 362, 363, 364, 365, 366, 367, 368, 369, 371, 380, 381, 382, 383, 384, 385, 389, 390, 391, 406, 407, 408, 409, 410, 411, 412, 415, 416, 417, 418, 422, 423, 424, 425, 426, 427, 428, 429, 441, 442, 443, 444, 445, 447, 453, 454, 455, 456, 457, 458, 459, 460, 461, 462, 463, 464, 465, 466, 467, 468, 469, 470, 471, 473, 474, 475, 476, 477, 478, 479, 480, 481, 482, 483, 484, 485, 486, 489, 490, 491, 492, 493, 494, 512, 515, 518, 524, 525, 529, 530, 531, 532, 533, 535, 536, 537, 538, 539, 540, 541, 542, 543, 544, 545, 546, 547, 548, 549, 550, 551, 552, 553, 554, 555, 556, 557, 558, 561, 562, 564, 565, 566, 567, 568, 569, 570, 571, 572, 573, 574, 575, 576, 577, 578, 579, 580, 581, 582, 584, 585, 586, 587, 588, 589, 590, 591, 592, 593, 594, 595, 596, 597, 598, 599, 603, 604, 605, 606, 607, 608, 609, 610, 611, 612, 613, 614, 615, 616, 617, 618, 623, 624, 625, 626, 628, 629, 630, 631, 632, 633, 645, 646, 653, 654, 655, 656, 657, 658, 659, 660, 661, 662, 663, 669, 670, 674, 675, 676, 677, 678, 679, 680, 681, 682, 683, 684, 685, 686, 688, 689, 692, 693, 694, 695, 696, 697, 698, 699, 703, 704, 706, 710, 711, 712, 713, 714, 715, 716, 717, 721, 722, 723, 724, 725, 726, 727, 728, 729, 730, 732, 734, 737, 738, 739, 740, 741, 742, 743, 744, 745, 746, 747, 748, 749, 750, 751, 752, 753, 754, 755, 757, 758, 759, 760, 761, 762, 763, 764, 765, 766, 767, 768, 772, 773, 774, 775, 777, 779, 817, 818, 819, 820, 821, 822, 823, 824, 825, 834, 836, 837, 838, 839, 840, 841, 842, 843, 844, 845, 846, 847, 848, 849, 850, 854, 855, 856, 857, 858, 863, 864, 865, 866, 867, 868, 870, 871, 884, 885, 886, 887, 888, 889, 890, 897, 898, 899, 901, 902, 903, 904, 905, 906, 910, 911, 912, 913, 914, 915, 916, 929, 930, 931, 932, 933, 934, 935, 936, 937, 938, 939, 940, 941, 942, 948, 949, 950, 951, 952, 953, 954, 955, 956, 957, 974, 976, 982, 989, 990, 991, 992, 995, 996, 1002, 1003, 1004, 1005, 1006, 1008, 1013, 1014, 1015, 1016, 1018, 1019, 1020, 1021, 1024, 1025, 1026, 1027, 1032, 1033, 1034, 1035, 1039, 1041, 1042, 1043, 1044, 1049, 1050, 1051, 1052, 1053, 1055, 1062, 1064, 1066, 1067, 1068, 1069, 1071, 1072, 1079, 1083, 1084, 1085, 1086, 1089, 1091, 1092, 1093, 1094, 1095, 1102, 1112, 1113, 1117, 1118, 1119, 1123, 1124, 
rel: 1 k: 3 rho: 161.855 maxRV: 20, 62, 80, 118, 146, 147, 153, 157, 170, 174, 176, 183, 195, 202, 209, 210, 214, 229, 253, 262, 263, 280, 283, 304, 315, 319, 332, 341, 349, 353, 354, 387, 404, 413, 415, 427, 433, 436, 457, 489, 505, 568, 598, 626, 650, 666, 686, 719, 736, 749, 833, 853, 969, 970, 981, 989, 1035, 1048, 1049, 1059, 1071, 1076, 1080, 1082, 1156, 1160, 1168, 1171, 1177, 1179, 1220, 1228, 1239, 1248, 1309, 1310, 1335, 1358, 1362, 1366, 1429, 1452, 1498, 1505, 1510, 1511, 1524, 1536, 1540, 1542, 1546, 1578, 1662, 1702, 1721, 1730, 1742, 1762, 1780, 1798, 1817, 1820, 1879, 1917, 1921, 1964, 1968, 1984, 1996, 1998, 2011, 2020, 2026, 2029, 2036, 2041, 2057, 2093, 2096, 2136, 2168, 2180, 2199, 2207, 2227, 2232, 2236, 2242, 2250, 2273, 2284, 2313, 2322, 2339, 2368, 2374, 2386, 2387, 2394, 2455, 2507, 2553, 2619, 2642, 2684, 2701, 2745, 2767, 2810, 2811, 2812, 2820, 2841, 2868, 2896, 2907, 2922, 2941, 2970, 3032, 3063, 3065, 3085, 3096, 3111, 3112, 3113, 3158, 3186, 3193, 3256, 3284, 3295, 3342, 3350, 3379, 3417, 3515, 3517, 3527, 3531, 3540, 3563, 3583, 3635, 3662, 3682, 3713, 3733, 3801, 3825, 3826, 3882, 3908, 3941, 4045, 4412, 4443, 4471, 4495, 4546, 4659, 4683, 4695, 4696, 4711, 4722, 4770, 4802, 4871, 4887, 4932, 4973, 4996, 5025, 5026, 5028, 5033, 5045, 5053, 5055, 5058, 5161, 5259, 5326, 5393, 5404, 5418, 5419, 5421, 5424, 5425, 5443, 5486, 5532, 5595, 5604, 5635, 5641, 5656, 5679, 5693, 5698, 5708, 5731, 5738, 5744, 5756, 5763, 5798, 5799, 5844, 5858, 5868, 5920, 5932, 5955, 5964, 5967, 5981, 5992, 6001, 6017, 6055, 6104, 6118, 6127, 6136, 6168, 6192, 6199, 6205, 6214, 6217, 6265, 6318, 6325, 6328, 6346, 6442, 6500, 6584, 6585, 6588, 6596, 6599, 6612, 6618, 6641, 6737, 6743, 6747, 6758, 6776, 6815, 6833, 6843, 6847, 6862, 6864, 6872, 6879, 6885, 6948, 6955, 6991, 7052, 7174, 7216, 7306, 7312, 7317, 7353, 7362, 7385, 7392, 7410, 7419, 7426, 7442, 7443, 7449, 7459, 7467, 7470, 7513, 7523, 7546, 7548, 7569, 7579, 7618, 7636, 7703, 7814, 7822, 7852, 7981, 7984, 8020, 8070, 8169, 8194, 8197, 8216, 8272, 8283, 8380, 8434, 8469, 8520, 8542, 8653, 8820, 8868, 8895, 8911, 8916, 8967, 8971, 8983, 9044, 9134, 9142, 9151, 9153, 9154, 9197, 9209, 9253, 9322, 9332, 9394, 9402, 9419, 9577, 9593, 9659, 9663, 9707, 9736, 9744, 9749, 9762, 9764, 9765, 9878, 10069, 10084, 10131, 10431, 10467, 10599, 10649, 10659, 10734, 10964, 11044, 11104, 11243, 11310, 11322, 11393, 11434, 11563, 11817, 11996, 12200, 12261, 12268, 12303, 12331, 12333, 12343, 12384, 12404, 12424, 12467, 12468, 12477, 12479, 12569, 12571, 12586, 12668, 12732, 12736, 12784, 12819, 12844, 12979, 13023, 13026, 13048, 13084, 13138, 13210, 13329, 13453, 13689, 13691, 13698, 13702, 13717, 13762, 13826, 13916, 13947, 13968, 13971, 14024, 14036, 14081, 14099, 14101, 14113, 14345, 14348, 14388, 14465, 14540, 14546, 14549, 14615, 14649, 14758, 14798, 14817, 14866, 14907, 15019, 15021, 15051, 15307, 15321, 15429, 15435, 15453, 15471, 15493, 15628, 15659, 15815, 15856, 16108, 16341, 16345, 16353, 16573, 16654, 17213, 17231, 17300, 17324, 17355, 17805, 17812, 17813, 17876, 17910, 17915, 17939, 18101, 18222, 18324, 18366, 18474, 18692, 18959, 19224, 19413, 19675, 19678, 19787, 20412, 20424, 20496, 20497, 20527, 20650, 21398, 21772, 21896, 22295, 22307, 22843, 22858, 22860, 23153, 23346, 23452, 23755, 23764, 23774, 23780, 23875, 23937, 23959, 24033, 24186, 24351, 24425, 25063, 25227, 25231, 25759, 25828, 25951, 26425, 26507, 26797, 27324, 27338, 27895, 27982, 28431, 29130, 29320, 29685, 29687, 29691, 29732, 29735, 29976, 30385, 30580, 30689, 30747, 30945, 31386, 31626, 31629, 31761, 31904, 32875, 33036, 33229, 33337, 33682, 33763, 34211, 34394, 34398, 34811, 35823, 35828, 36573, 37803, 38908, 39075, 40237, 41031, 41859, 42125, 42127, 44502, 46242, 
rel: 1 k: 4 rho: 28.4033 maxRV: 146, 147, 157, 170, 209, 214, 229, 253, 262, 263, 283, 341, 626, 638, 719, 833, 1071, 1076, 1082, 1964, 2020, 2041, 2168, 2810, 2812, 2814, 2815, 2820, 2821, 2825, 2829, 2892, 2896, 2904, 2913, 2922, 2970, 2975, 3032, 3065, 3080, 3158, 3186, 3419, 3682, 3882, 4045, 6325, 6584, 6585, 6618, 6641, 6758, 6843, 6864, 6872, 6903, 6907, 6914, 7216, 7306, 7419, 7443, 7523, 7546, 7651, 7814, 8467, 8469, 8898, 8902, 9577, 9749, 9764, 10339, 10345, 10355, 10359, 10360, 10368, 10370, 10375, 10383, 10400, 10414, 10423, 10430, 10435, 10436, 10457, 10458, 10554, 10607, 10611, 10616, 10621, 10622, 10635, 10637, 10640, 10649, 10652, 10659, 10662, 10682, 10685, 10699, 10717, 10728, 10744, 10748, 10762, 10773, 10802, 10805, 10964, 11009, 11042, 12979, 13503, 15296, 15307, 15407, 15628, 15815, 15855, 16573, 18366, 20424, 21825, 23153, 23774, 23780, 25999, 26042, 
rel: 1 k: 5 rho: 21.0188 maxRV: 262, 638, 1076, 2811, 2812, 2814, 2815, 2821, 2825, 2829, 2892, 2896, 2904, 2913, 2975, 3080, 6903, 6907, 6914, 8467, 8898, 9577, 10339, 10345, 10355, 10359, 10368, 10370, 10375, 10383, 10400, 10414, 10423, 10435, 10436, 10458, 10611, 10616, 10621, 10622, 10635, 10637, 10640, 10652, 10659, 10662, 10682, 10685, 10699, 10717, 10728, 10748, 10762, 10802, 10805, 15296, 
rel: 1 k: 6 rho: 19.2109 maxRV: 262, 638, 1076, 2811, 2812, 2815, 2821, 2825, 2829, 2892, 2896, 2904, 2913, 2975, 3080, 6636, 6903, 6907, 6914, 8467, 8898, 9577, 10339, 10345, 10355, 10359, 10368, 10370, 10375, 10383, 10400, 10414, 10423, 10435, 10436, 10611, 10616, 10621, 10622, 10635, 10637, 10640, 10652, 10662, 10682, 10685, 10699, 10717, 10728, 10748, 10762, 10802, 
rel: 1 k: 7 rho: 16.6454 maxRV: 262, 638, 1076, 2811, 2812, 2815, 2821, 2825, 2829, 2892, 2896, 2904, 2913, 2975, 3080, 6903, 6907, 6914, 8467, 8898, 10339, 10345, 10355, 10359, 10370, 10375, 10383, 10400, 10414, 10435, 10611, 10616, 10621, 10635, 10637, 10640, 10652, 10659, 10662, 10666, 10682, 10685, 10699, 10717, 10728, 10748, 10762, 10802, 
rel: 1 k: 8 rho: 15.0172 maxRV: 638, 2811, 2812, 2815, 2821, 2825, 2829, 2892, 2896, 2904, 2913, 2975, 6903, 6907, 6914, 8467, 8898, 10339, 10345, 10359, 10370, 10375, 10414, 10616, 10621, 10635, 10637, 10640, 10652, 10659, 10662, 10666, 10682, 10685, 10699, 10717, 10728, 10748, 10762, 10802, 
rel: 1 k: 9 rho: 12.9023 maxRV: 262, 2811, 2812, 2815, 2821, 2825, 2829, 2892, 2896, 2904, 2913, 2975, 6636, 6903, 6907, 6914, 8467, 8898, 10339, 10345, 10359, 10370, 10375, 10414, 10621, 10635, 10637, 10640, 10652, 10659, 10662, 10682, 10685, 10699, 10717, 10762, 
rel: 1 k: 10 rho: 11.8956 maxRV: 262, 2811, 2812, 2815, 2821, 2825, 2829, 2892, 2896, 2904, 2913, 2975, 6903, 6907, 6914, 8467, 8898, 10345, 10359, 10370, 10375, 10621, 10635, 10637, 10640, 10652, 10659, 10662, 10682, 10699, 10717, 10762, 
rel: 1 k: 11 rho: 5.93454 maxRV: 2811, 2815, 2892, 2904, 6914, 10345, 10359, 10370, 10621, 10635, 10637, 10652, 10659, 10682, 10699, 10707, 10717, 10762, 
rel: 1 k: 3 rho: 171.974 maxRV: 20, 62, 80, 118, 146, 147, 153, 157, 170, 174, 176, 183, 195, 202, 209, 210, 214, 229, 253, 263, 280, 283, 304, 315, 319, 341, 349, 353, 354, 387, 404, 413, 415, 427, 433, 436, 457, 489, 505, 568, 598, 626, 650, 666, 686, 719, 736, 749, 833, 853, 969, 970, 981, 989, 1035, 1048, 1049, 1059, 1076, 1082, 1156, 1160, 1168, 1171, 1177, 1179, 1220, 1228, 1239, 1248, 1309, 1310, 1335, 1358, 1362, 1366, 1429, 1452, 1498, 1505, 1510, 1511, 1524, 1536, 1540, 1542, 1546, 1578, 1662, 1702, 1721, 1730, 1742, 1762, 1780, 1798, 1817, 1820, 1879, 1917, 1921, 1964, 1968, 1984, 1996, 1998, 2011, 2020, 2026, 2029, 2036, 2041, 2057, 2093, 2096, 2136, 2168, 2199, 2207, 2227, 2232, 2236, 2242, 2250, 2273, 2284, 2313, 2322, 2339, 2368, 2374, 2386, 2387, 2394, 2455, 2507, 2553, 2619, 2642, 2684, 2701, 2745, 2767, 2810, 2820, 2825, 2829, 2841, 2868, 2892, 2896, 2904, 2913, 2922, 2941, 2970, 2975, 3032, 3063, 3065, 3085, 3096, 3111, 3112, 3113, 3158, 3179, 3186, 3256, 3284, 3295, 3342, 3350, 3379, 3417, 3515, 3517, 3527, 3531, 3540, 3563, 3583, 3635, 3662, 3682, 3733, 3801, 3825, 3826, 3882, 3908, 3941, 4045, 4412, 4443, 4471, 4495, 4659, 4683, 4695, 4696, 4711, 4722, 4770, 4802, 4871, 4887, 4932, 4973, 4996, 5025, 5026, 5028, 5033, 5045, 5053, 5055, 5058, 5161, 5259, 5393, 5418, 5419, 5421, 5424, 5425, 5436, 5443, 5486, 5532, 5538, 5595, 5635, 5641, 5656, 5679, 5693, 5698, 5708, 5731, 5737, 5738, 5744, 5756, 5763, 5798, 5799, 5844, 5858, 5868, 5920, 5932, 5955, 5964, 5967, 5981, 5992, 6001, 6017, 6055, 6118, 6127, 6136, 6168, 6192, 6199, 6205, 6214, 6265, 6318, 6325, 6328, 6346, 6442, 6500, 6584, 6585, 6588, 6596, 6599, 6612, 6618, 6641, 6737, 6743, 6747, 6758, 6776, 6815, 6833, 6843, 6847, 6862, 6864, 6872, 6879, 6885, 6903, 6907, 6948, 6955, 6991, 7052, 7122, 7174, 7216, 7306, 7312, 7317, 7353, 7362, 7385, 7410, 7419, 7426, 7442, 7443, 7449, 7467, 7470, 7523, 7546, 7548, 7569, 7579, 7618, 7636, 7814, 7822, 7852, 7981, 7984, 8020, 8070, 8169, 8197, 8216, 8272, 8283, 8380, 8434, 8467, 8520, 8542, 8653, 8820, 8868, 8898, 8911, 8967, 8983, 9044, 9134, 9142, 9151, 9153, 9154, 9197, 9209, 9253, 9322, 9332, 9394, 9402, 9419, 9473, 9577, 9707, 9736, 9744, 9749, 9762, 9764, 9765, 9878, 10069, 10084, 10131, 10375, 10400, 10557, 11104, 11243, 11393, 11434, 11563, 11817, 11913, 11996, 12200, 12261, 12268, 12303, 12331, 12333, 12343, 12384, 12404, 12424, 12467, 12468, 12477, 12479, 12569, 12571, 12668, 12732, 12736, 12784, 12819, 12844, 12979, 13023, 13026, 13084, 13138, 13329, 13689, 13691, 13698, 13702, 13717, 13762, 13916, 13917, 13925, 13947, 13968, 13971, 14024, 14036, 14081, 14099, 14101, 14113, 14345, 14348, 14465, 14546, 14549, 14649, 14758, 14798, 14817, 14866, 14907, 15019, 15021, 15051, 15659, 16108, 16341, 16345, 16353, 16573, 16654, 17213, 17231, 17300, 17324, 17355, 17805, 17812, 17813, 17876, 17910, 17915, 17939, 18101, 18222, 18324, 18530, 18692, 18959, 19224, 19413, 19675, 19678, 19787, 20412, 20424, 20496, 20497, 20527, 20650, 21398, 21825, 22295, 22307, 22843, 22858, 22860, 23153, 23346, 23755, 23764, 23780, 23875, 24033, 24186, 24351, 24425, 25063, 25759, 25951, 26425, 27324, 27895, 29130, 29320, 29685, 29687, 29691, 29732, 29735, 30689, 30747, 30945, 31386, 31626, 31629, 31761, 31904, 32875, 33036, 33337, 33682, 34394, 34398, 35823, 35828, 36573, 37803, 40237, 41859, 46242, 
rel: 1 k: 4 rho: 32.1625 maxRV: 262, 638, 1071, 1076, 2812, 2814, 2815, 2821, 2825, 2829, 2892, 2896, 2904, 2913, 2975, 3080, 3419, 6903, 6907, 6914, 7651, 8467, 8469, 8898, 8902, 9577, 10339, 10345, 10355, 10359, 10360, 10368, 10370, 10375, 10383, 10400, 10414, 10423, 10430, 10435, 10436, 10457, 10458, 10554, 10607, 10611, 10616, 10621, 10622, 10635, 10637, 10640, 10649, 10652, 10662, 10682, 10685, 10699, 10717, 10728, 10744, 10748, 10762, 10773, 10802, 10805, 10964, 11009, 11042, 13503, 15296, 15307, 15407, 15628, 15815, 15855, 18366, 21825, 25999, 26042, 
rel: 1 k: 5 rho: 21.0188 maxRV: 262, 638, 1076, 2811, 2812, 2814, 2815, 2821, 2825, 2829, 2892, 2896, 2904, 2913, 2975, 3080, 6903, 6907, 6914, 8467, 8898, 9577, 10339, 10345, 10355, 10359, 10368, 10370, 10375, 10383, 10400, 10414, 10423, 10435, 10436, 10458, 10611, 10616, 10621, 10622, 10635, 10637, 10640, 10652, 10659, 10662, 10682, 10685, 10699, 10717, 10728, 10748, 10762, 10802, 10805, 15296, 
rel: 1 k: 6 rho: 19.2109 maxRV: 262, 638, 1076, 2811, 2812, 2815, 2821, 2825, 2829, 2892, 2896, 2904, 2913, 2975, 3080, 6636, 6903, 6907, 6914, 8467, 8898, 9577, 10339, 10345, 10355, 10359, 10368, 10370, 10375, 10383, 10400, 10414, 10423, 10435, 10436, 10611, 10616, 10621, 10622, 10635, 10637, 10640, 10652, 10662, 10682, 10685, 10699, 10717, 10728, 10748, 10762, 10802, 
rel: 1 k: 7 rho: 16.6454 maxRV: 262, 638, 1076, 2811, 2812, 2815, 2821, 2825, 2829, 2892, 2896, 2904, 2913, 2975, 3080, 6903, 6907, 6914, 8467, 8898, 10339, 10345, 10355, 10359, 10370, 10375, 10383, 10400, 10414, 10435, 10611, 10616, 10621, 10635, 10637, 10640, 10652, 10659, 10662, 10666, 10682, 10685, 10699, 10717, 10728, 10748, 10762, 10802, 
rel: 1 k: 8 rho: 14.9597 maxRV: 2811, 2812, 2815, 2821, 2825, 2829, 2892, 2896, 2904, 2913, 2975, 6903, 6907, 6914, 8467, 8898, 10339, 10345, 10359, 10370, 10375, 10414, 10616, 10621, 10635, 10637, 10640, 10652, 10659, 10662, 10666, 10682, 10685, 10699, 10717, 10728, 10748, 10762, 10802, 
rel: 1 k: 9 rho: 13.221 maxRV: 262, 638, 2811, 2812, 2815, 2821, 2825, 2829, 2892, 2896, 2904, 2913, 2975, 6636, 6903, 6907, 6914, 8467, 8898, 10339, 10345, 10359, 10370, 10375, 10414, 10621, 10635, 10637, 10640, 10652, 10662, 10682, 10685, 10699, 10717, 10762, 
rel: 1 k: 10 rho: 11.7445 maxRV: 262, 638, 2811, 2812, 2815, 2821, 2825, 2829, 2892, 2896, 2904, 2913, 2975, 3080, 6903, 6907, 6914, 8467, 8898, 10345, 10359, 10370, 10375, 10621, 10635, 10637, 10640, 10652, 10659, 10662, 10682, 10699, 10717, 10762, 
rel: 1 k: 11 rho: 5.93454 maxRV: 2811, 2815, 2892, 2904, 6914, 10345, 10359, 10370, 10621, 10635, 10637, 10652, 10659, 10682, 10699, 10707, 10717, 10762, 
query: 94
Construct Successful.
query: 95
Construct Successful.
query: 96
Construct Successful.
query: 97
Construct Successful.
query: 98
Construct Successful.
query: 99
Construct Successful.
Average basic: 147.06 milliseconds
Average improve: 192.15 milliseconds
Average best: 171.45 milliseconds
Average basic+qw: 148.9 milliseconds
Average improve+qw: 193.99 milliseconds
Average best+qw: 173.29 milliseconds
Average basic+qw+sim: 825.19 milliseconds
Average improve+qw+sim: 870.28 milliseconds
Average best+qw+sim: 849.58 milliseconds
simThreshold: 0.6
k: 3
query: 0
Construct Successful.
query: 1
Construct Successful.
query: 2
Construct Successful.
query: 3
Construct Successful.
query: 4
Construct Successful.
query: 5
Construct Successful.
query: 6
Construct Successful.
query: 7
Construct Successful.
query: 8
Construct Successful.
query: 9
Construct Successful.
query: 10
Construct Successful.
query: 11
Construct Successful.
query: 12
Construct Successful.
query: 13
Construct Successful.
query: 14
Construct Successful.
query: 15
Construct Successful.
query: 16
Construct Successful.
query: 17
Construct Successful.
query: 18
Construct Successful.
query: 19
Construct Successful.
query: 20
Construct Successful.
query: 21
Construct Successful.
query: 22
Construct Successful.
query: 23
Construct Successful.
query: 24
Construct Successful.
query: 25
Construct Successful.
query: 26
Construct Successful.
query: 27
Construct Successful.
query: 28
Construct Successful.
query: 29
Construct Successful.
query: 30
Construct Successful.
query: 31
Construct Successful.
query: 32
Construct Successful.
query: 33
Construct Successful.
query: 34
Construct Successful.
query: 35
Construct Successful.
query: 36
Construct Successful.
query: 37
Construct Successful.
query: 38
Construct Successful.
query: 39
Construct Successful.
query: 40
Construct Successful.
query: 41
Construct Successful.
query: 42
Construct Successful.
query: 43
Construct Successful.
query: 44
Construct Successful.
query: 45
Construct Successful.
query: 46
Construct Successful.
rel: 1 k: 5 rho: 1.4587 maxRV: 0, 1, 2, 3, 4, 5, 6, 7, 
rel: 1 k: 4 rho: 2.15937 maxRV: 0, 1, 2, 3, 4, 6, 7, 8, 9, 
rel: 1 k: 3 rho: 7.51852 maxRV: 0, 1, 2, 3, 4, 6, 7, 8, 9, 32, 34, 35, 36, 60, 72, 73, 74, 75, 83, 84, 85, 86, 
rel: 1 k: 3 rho: 7.51852 maxRV: 146, 157, 214, 229, 231, 246, 253, 317, 970, 1093, 3036, 3038, 3181, 3256, 3805, 3946, 6746, 6758, 6861, 6879, 7222, 23875, 
rel: 1 k: 4 rho: 2.15937 maxRV: 146, 157, 214, 231, 246, 253, 1093, 3038, 3181, 
rel: 1 k: 5 rho: 1.4587 maxRV: 146, 214, 231, 246, 253, 1093, 3038, 6735, 
rel: 1 k: 3 rho: 7.51852 maxRV: 146, 157, 214, 229, 231, 246, 253, 317, 970, 1093, 3036, 3038, 3181, 3256, 3805, 3946, 6746, 6758, 6861, 6879, 7222, 23875, 
rel: 1 k: 4 rho: 2.15937 maxRV: 146, 157, 214, 231, 246, 253, 1093, 3038, 3181, 
rel: 1 k: 5 rho: 1.38137 maxRV: 146, 214, 231, 246, 253, 1093, 3038, 
query: 47
Construct Successful.
query: 48
Construct Successful.
query: 49
Construct Successful.
query: 50
Construct Successful.
query: 51
Construct Successful.
rel: 1 k: 18 rho: 7.06241 maxRV: 0, 1, 3, 4, 5, 6, 7, 9, 10, 11, 12, 13, 14, 15, 16, 17, 18, 19, 20, 21, 22, 23, 
rel: 1 k: 17 rho: 7.25586 maxRV: 0, 1, 3, 4, 5, 6, 7, 9, 10, 11, 12, 13, 14, 15, 16, 17, 18, 19, 20, 22, 23, 
rel: 1 k: 16 rho: 12.7517 maxRV: 0, 1, 2, 3, 4, 5, 6, 7, 8, 10, 11, 12, 13, 14, 15, 16, 17, 18, 19, 20, 21, 22, 23, 25, 26, 27, 28, 29, 30, 31, 32, 33, 34, 35, 36, 37, 38, 39, 40, 41, 42, 43, 44, 45, 
rel: 1 k: 15 rho: 14.3294 maxRV: 0, 1, 3, 4, 5, 6, 7, 8, 10, 11, 12, 13, 14, 15, 16, 17, 18, 19, 20, 22, 23, 25, 26, 27, 28, 29, 30, 31, 32, 33, 34, 35, 36, 37, 38, 39, 40, 41, 42, 43, 44, 45, 46, 47, 48, 
rel: 1 k: 14 rho: 16.6006 maxRV: 0, 1, 3, 4, 5, 6, 7, 8, 10, 11, 12, 13, 14, 15, 16, 17, 18, 20, 22, 23, 25, 26, 27, 28, 29, 30, 31, 33, 34, 35, 36, 37, 38, 39, 41, 42, 44, 45, 46, 47, 48, 49, 50, 51, 
rel: 1 k: 13 rho: 17.6356 maxRV: 0, 1, 2, 3, 4, 5, 6, 7, 8, 9, 10, 11, 12, 13, 14, 15, 16, 17, 18, 19, 20, 22, 23, 25, 26, 27, 28, 29, 30, 31, 32, 33, 34, 35, 36, 37, 38, 39, 40, 41, 42, 43, 44, 45, 46, 47, 48, 49, 50, 51, 53, 54, 56, 58, 59, 
rel: 1 k: 12 rho: 19.2156 maxRV: 0, 1, 2, 3, 4, 5, 6, 7, 10, 11, 12, 13, 14, 15, 16, 17, 18, 19, 20, 22, 23, 25, 26, 27, 28, 29, 30, 31, 32, 33, 34, 35, 36, 37, 38, 39, 41, 42, 43, 44, 45, 46, 47, 48, 49, 50, 51, 53, 54, 55, 56, 58, 59, 60, 61, 62, 
rel: 1 k: 11 rho: 21.7503 maxRV: 0, 1, 2, 3, 4, 5, 6, 7, 9, 10, 11, 12, 13, 14, 15, 16, 17, 18, 19, 20, 21, 22, 23, 25, 26, 27, 28, 29, 30, 31, 32, 33, 34, 35, 36, 37, 38, 39, 40, 41, 42, 43, 44, 45, 46, 47, 48, 49, 50, 51, 53, 54, 55, 56, 58, 59, 60, 61, 62, 63, 64, 65, 66, 67, 68, 69, 
rel: 1 k: 10 rho: 23.9999 maxRV: 0, 1, 2, 3, 4, 5, 6, 7, 10, 11, 12, 13, 14, 15, 16, 17, 18, 19, 20, 21, 22, 23, 25, 26, 27, 28, 29, 30, 31, 32, 33, 34, 35, 36, 37, 38, 39, 40, 41, 42, 43, 44, 45, 46, 47, 48, 49, 50, 51, 53, 54, 56, 58, 59, 60, 61, 62, 63, 64, 65, 66, 67, 68, 69, 71, 72, 73, 75, 
rel: 1 k: 9 rho: 26.6393 maxRV: 0, 1, 2, 3, 4, 5, 6, 7, 10, 11, 12, 13, 14, 15, 16, 17, 18, 20, 21, 22, 23, 25, 26, 27, 28, 29, 30, 31, 32, 33, 34, 35, 36, 37, 38, 39, 40, 41, 42, 43, 44, 45, 46, 47, 48, 49, 50, 51, 53, 54, 56, 58, 59, 60, 61, 62, 63, 64, 65, 66, 67, 68, 69, 71, 72, 73, 75, 77, 78, 79, 80, 81, 
rel: 1 k: 8 rho: 30.116 maxRV: 0, 1, 3, 4, 5, 6, 7, 10, 11, 12, 13, 14, 15, 16, 17, 18, 20, 22, 23, 25, 26, 27, 28, 29, 30, 31, 32, 33, 34, 35, 36, 37, 38, 39, 40, 41, 42, 43, 44, 45, 46, 47, 48, 49, 50, 51, 53, 54, 56, 58, 59, 60, 61, 62, 63, 64, 65, 66, 67, 68, 69, 71, 72, 73, 75, 77, 78, 79, 80, 81, 82, 84, 85, 86, 87, 88, 
rel: 1 k: 7 rho: 30.6345 maxRV: 0, 1, 3, 4, 5, 6, 7, 8, 10, 11, 12, 13, 14, 15, 16, 17, 18, 20, 22, 23, 25, 26, 27, 28, 29, 30, 31, 32, 33, 34, 35, 36, 37, 38, 39, 41, 42, 43, 44, 45, 46, 47, 48, 49, 50, 51, 53, 54, 56, 58, 59, 60, 61, 62, 63, 64, 65, 66, 67, 68, 69, 71, 72, 73, 75, 77, 78, 79, 80, 81, 82, 84, 85, 86, 87, 88, 113, 114, 115, 116, 117, 118, 119, 130, 132, 133, 134, 
rel: 1 k: 6 rho: 32.819 maxRV: 0, 1, 2, 3, 4, 5, 6, 7, 8, 10, 11, 12, 13, 14, 15, 16, 17, 18, 20, 22, 23, 25, 26, 27, 28, 29, 30, 31, 32, 33, 34, 35, 36, 37, 38, 39, 40, 41, 42, 43, 44, 45, 46, 47, 48, 49, 50, 51, 53, 54, 56, 57, 58, 59, 60, 61, 62, 63, 64, 65, 66, 67, 68, 69, 71, 72, 73, 74, 75, 77, 78, 79, 80, 81, 82, 83, 84, 85, 86, 87, 88, 113, 114, 115, 116, 117, 119, 120, 121, 122, 125, 127, 128, 129, 130, 132, 133, 134, 145, 146, 147, 148, 166, 171, 172, 176, 177, 178, 179, 180, 181, 182, 183, 184, 185, 186, 187, 188, 189, 215, 218, 219, 
rel: 1 k: 5 rho: 43.0305 maxRV: 0, 1, 2, 4, 5, 6, 7, 8, 10, 11, 12, 13, 14, 15, 16, 17, 18, 20, 22, 23, 25, 26, 27, 28, 29, 30, 31, 33, 34, 35, 36, 37, 38, 39, 40, 41, 42, 43, 44, 45, 46, 47, 48, 49, 50, 51, 53, 54, 56, 58, 59, 60, 61, 62, 63, 64, 65, 66, 67, 68, 69, 71, 72, 73, 74, 75, 77, 78, 79, 80, 81, 82, 83, 84, 85, 86, 87, 88, 89, 90, 91, 92, 93, 94, 95, 96, 97, 98, 99, 100, 101, 102, 103, 104, 113, 114, 115, 116, 120, 121, 122, 123, 124, 125, 126, 127, 128, 129, 130, 132, 133, 134, 142, 143, 144, 145, 146, 147, 148, 149, 150, 164, 165, 166, 169, 170, 171, 172, 173, 174, 176, 177, 178, 179, 180, 181, 182, 183, 184, 185, 186, 187, 188, 189, 201, 202, 203, 204, 205, 206, 207, 208, 209, 213, 216, 217, 218, 243, 252, 253, 254, 255, 267, 268, 269, 270, 275, 282, 284, 285, 286, 287, 288, 289, 295, 296, 297, 298, 299, 300, 301, 302, 303, 304, 306, 307, 308, 309, 310, 311, 312, 313, 314, 315, 317, 324, 325, 326, 327, 328, 329, 335, 343, 344, 345, 346, 351, 355, 356, 357, 358, 359, 360, 361, 362, 364, 365, 366, 367, 368, 369, 370, 376, 378, 379, 380, 381, 
rel: 1 k: 4 rho: 86.2079 maxRV: 5, 23, 26, 27, 31, 32, 33, 34, 38, 40, 41, 47, 56, 75, 79, 82, 89, 90, 91, 92, 93, 94, 95, 96, 97, 98, 99, 100, 101, 102, 103, 104, 114, 116, 119, 120, 121, 122, 123, 124, 125, 126, 127, 128, 129, 142, 143, 144, 145, 146, 147, 148, 150, 151, 153, 155, 156, 164, 165, 167, 169, 170, 172, 173, 174, 180, 201, 202, 203, 204, 205, 206, 207, 208, 209, 213, 214, 215, 216, 217, 218, 219, 243, 252, 253, 254, 255, 262, 263, 264, 265, 266, 267, 282, 283, 284, 285, 286, 287, 288, 289, 299, 319, 320, 321, 322, 323, 324, 325, 326, 327, 328, 329, 330, 331, 332, 333, 334, 335, 343, 344, 345, 346, 347, 348, 349, 350, 351, 355, 356, 357, 358, 359, 360, 361, 362, 364, 365, 366, 367, 368, 370, 376, 378, 379, 380, 381, 397, 400, 401, 403, 407, 414, 415, 416, 417, 418, 419, 420, 421, 422, 432, 462, 463, 464, 465, 467, 468, 469, 484, 485, 486, 487, 488, 489, 496, 497, 498, 499, 503, 504, 505, 506, 514, 515, 516, 518, 519, 520, 522, 523, 524, 525, 526, 533, 534, 535, 536, 537, 544, 546, 547, 548, 549, 550, 551, 552, 558, 563, 564, 566, 568, 591, 595, 596, 597, 598, 599, 600, 615, 616, 617, 618, 619, 620, 627, 628, 629, 630, 631, 632, 634, 635, 636, 637, 638, 639, 668, 669, 670, 677, 678, 679, 680, 681, 682, 683, 684, 685, 686, 687, 692, 693, 694, 696, 697, 698, 699, 700, 702, 703, 704, 705, 706, 707, 708, 709, 710, 711, 712, 713, 719, 720, 722, 723, 724, 725, 726, 727, 728, 729, 731, 732, 733, 734, 735, 736, 737, 738, 739, 740, 741, 742, 745, 746, 747, 748, 749, 752, 753, 754, 755, 757, 758, 759, 760, 761, 762, 775, 797, 798, 799, 800, 801, 802, 803, 804, 805, 806, 812, 813, 819, 820, 821, 826, 827, 
rel: 1 k: 3 rho: 368.969 maxRV: 10, 11, 26, 27, 33, 34, 39, 40, 41, 47, 56, 60, 62, 79, 82, 89, 90, 91, 92, 93, 94, 95, 96, 97, 98, 99, 100, 101, 102, 103, 104, 106, 107, 108, 114, 116, 118, 120, 121, 122, 123, 124, 125, 126, 127, 128, 129, 136, 137, 139, 140, 141, 142, 143, 144, 145, 146, 147, 148, 149, 150, 151, 154, 155, 156, 164, 165, 169, 170, 171, 172, 173, 174, 180, 192, 193, 194, 195, 196, 197, 198, 201, 202, 203, 204, 205, 206, 207, 208, 209, 210, 211, 212, 213, 214, 216, 217, 218, 219, 221, 223, 225, 229, 231, 232, 240, 242, 243, 245, 247, 252, 253, 254, 255, 257, 258, 259, 260, 261, 262, 263, 264, 265, 266, 267, 269, 282, 283, 284, 285, 286, 287, 288, 289, 290, 291, 292, 293, 294, 319, 320, 321, 322, 323, 324, 325, 326, 327, 328, 329, 330, 331, 332, 333, 334, 335, 343, 344, 345, 346, 347, 348, 349, 350, 351, 352, 353, 355, 356, 357, 358, 359, 360, 361, 362, 364, 365, 366, 367, 368, 370, 373, 376, 377, 378, 379, 380, 381, 403, 405, 414, 415, 416, 418, 419, 420, 421, 422, 432, 434, 435, 436, 437, 438, 441, 442, 443, 444, 445, 447, 448, 449, 450, 451, 452, 453, 454, 461, 467, 468, 469, 470, 474, 476, 478, 479, 480, 481, 482, 483, 485, 486, 487, 488, 489, 494, 495, 496, 497, 498, 499, 500, 501, 503, 504, 505, 506, 507, 509, 511, 515, 516, 518, 519, 520, 521, 522, 523, 524, 525, 526, 530, 531, 532, 535, 537, 544, 546, 547, 548, 549, 550, 551, 552, 553, 554, 555, 558, 568, 578, 583, 591, 597, 598, 599, 600, 608, 609, 610, 611, 612, 613, 614, 615, 616, 617, 618, 619, 620, 621, 623, 624, 625, 626, 627, 628, 629, 630, 631, 632, 634, 635, 636, 637, 638, 639, 642, 643, 645, 647, 648, 649, 650, 651, 652, 653, 654, 655, 656, 657, 658, 660, 661, 662, 663, 664, 665, 666, 667, 668, 669, 670, 677, 678, 679, 680, 681, 682, 683, 684, 685, 686, 687, 692, 693, 694, 696, 697, 698, 699, 700, 702, 703, 704, 705, 706, 707, 708, 709, 710, 711, 712, 713, 718, 719, 720, 721, 722, 723, 724, 725, 726, 727, 728, 729, 731, 732, 733, 734, 735, 736, 737, 738, 739, 740, 741, 742, 745, 746, 747, 748, 749, 750, 751, 752, 753, 754, 755, 757, 758, 759, 760, 761, 762, 771, 775, 776, 778, 779, 780, 781, 792, 793, 794, 795, 796, 797, 798, 799, 800, 801, 802, 803, 804, 805, 806, 807, 808, 809, 810, 811, 812, 813, 814, 815, 816, 817, 819, 820, 821, 822, 823, 824, 825, 826, 827, 868, 869, 871, 872, 878, 880, 881, 884, 885, 886, 889, 890, 891, 896, 898, 899, 906, 907, 908, 925, 926, 927, 928, 929, 932, 933, 934, 935, 936, 937, 938, 939, 940, 944, 945, 946, 947, 948, 949, 950, 951, 952, 953, 954, 957, 958, 959, 960, 961, 962, 963, 964, 965, 966, 967, 968, 971, 972, 973, 974, 975, 979, 982, 983, 986, 987, 988, 995, 996, 997, 1001, 1002, 1003, 1004, 1005, 1006, 1007, 1008, 1009, 1010, 1011, 1012, 1013, 1014, 1015, 1016, 1017, 1018, 1019, 1024, 1025, 1027, 1028, 1029, 1032, 1033, 1034, 1035, 1036, 1037, 1038, 1040, 1041, 1042, 1043, 1045, 1046, 1047, 1048, 1052, 1053, 1054, 1058, 1059, 1060, 1064, 1065, 1066, 1067, 1098, 1100, 1101, 1102, 1103, 1104, 1105, 1106, 1107, 1108, 1109, 1110, 1115, 1116, 1117, 1118, 1119, 1120, 1125, 1126, 1127, 1128, 1129, 1130, 1131, 1132, 1136, 1137, 1138, 1139, 1140, 1142, 1143, 1144, 1145, 1146, 1147, 1148, 1149, 1152, 1153, 1155, 1156, 1160, 1161, 1162, 1163, 1166, 1169, 1170, 1171, 1172, 1174, 1176, 1178, 1179, 1180, 1181, 1182, 1183, 1184, 1185, 1190, 1191, 1192, 1193, 1194, 1195, 1196, 1197, 1198, 1199, 1200, 1201, 1202, 1203, 1204, 1211, 1212, 1213, 1214, 1215, 1216, 1218, 1219, 1220, 1221, 1222, 1223, 1224, 1226, 1227, 1228, 1229, 1230, 1232, 1233, 1234, 1236, 1238, 1241, 1242, 1243, 1245, 1246, 1255, 1256, 1259, 1263, 1264, 1265, 1266, 1267, 1268, 1269, 1270, 1271, 1272, 1273, 1274, 1275, 1276, 1277, 1278, 1279, 1280, 1281, 1282, 1283, 1284, 1285, 1286, 1287, 1288, 1289, 1290, 1291, 1292, 1293, 1294, 1295, 1296, 1304, 1305, 1311, 1312, 1313, 1318, 1319, 1326, 1328, 1329, 1343, 1344, 1345, 1346, 1354, 1355, 1356, 1357, 1358, 1359, 1360, 1361, 1362, 1363, 1367, 1369, 1374, 1375, 1377, 1378, 1379, 1380, 1381, 1386, 1387, 1388, 1391, 1393, 1395, 1397, 1398, 1399, 1400, 1401, 1403, 1404, 1407, 1411, 1416, 1417, 1418, 1419, 1420, 1421, 1422, 1423, 1424, 1425, 1426, 1427, 1428, 1429, 1433, 1434, 1435, 1436, 1437, 1438, 1439, 1440, 1441, 1442, 1443, 1444, 1445, 1446, 1450, 1451, 1452, 1469, 1470, 1471, 1475, 1476, 1477, 1478, 1481, 1482, 1498, 1499, 1505, 1506, 1514, 1517, 1518, 1521, 1525, 1526, 1527, 1528, 1529, 1530, 1531, 1532, 1533, 1534, 1535, 1536, 1537, 1538, 1544, 1546, 1550, 1551, 1552, 1553, 1557, 1558, 1559, 1560, 1561, 1562, 1566, 1567, 1568, 1569, 1571, 1572, 1573, 1574, 1575, 1576, 1577, 1578, 1579, 1580, 1583, 1584, 1585, 1586, 1587, 1588, 1589, 1590, 1591, 1592, 1593, 1594, 1595, 1604, 1605, 1606, 1607, 1608, 1609, 1610, 1611, 1612, 1613, 1615, 1616, 1617, 1618, 1624, 1628, 1629, 1638, 1639, 1640, 1641, 1642, 1643, 1644, 1645, 1646, 1647, 1651, 1660, 1662, 1663, 1664, 1665, 1666, 1667, 1668, 1669, 1671, 1672, 1673, 1674, 1675, 1676, 1677, 1678, 1679, 1680, 1681, 1682, 1683, 1684, 1691, 1692, 1693, 1694, 1695, 1696, 1697, 1698, 1699, 1700, 1701, 1702, 1703, 1704, 1705, 1706, 1716, 1717, 1718, 1719, 1720, 1721, 1722, 1723, 1725, 1726, 1727, 1729, 1730, 1731, 1732, 1733, 1734, 1735, 1736, 1737, 1739, 1740, 1741, 1742, 1743, 1744, 1745, 1746, 1747, 1748, 1749, 1750, 1751, 1752, 1753, 1754, 1755, 1756, 1757, 1758, 1759, 1760, 1761, 1762, 1763, 1764, 1765, 1766, 1767, 1771, 1772, 1773, 1774, 1775, 1776, 1778, 1779, 1782, 1783, 1786, 1793, 1794, 1795, 1796, 1797, 1798, 1799, 1802, 1803, 1805, 1806, 1807, 1808, 1809, 1810, 1811, 1812, 1813, 1814, 1817, 1818, 1819, 1820, 1821, 1822, 1823, 1824, 1825, 1826, 1827, 1828, 1829, 1830, 1831, 1832, 1833, 1834, 1835, 1836, 1837, 1846, 1847, 1848, 1850, 1851, 1852, 1853, 1854, 1855, 1856, 1857, 1858, 1859, 1860, 1861, 1862, 1863, 1864, 1865, 1866, 1867, 1868, 1869, 1870, 1871, 1872, 1873, 1874, 1875, 1876, 1877, 1878, 1879, 1880, 1881, 1882, 1883, 1884, 1885, 1886, 1887, 1888, 1889, 1890, 1891, 1892, 1893, 1894, 1895, 1896, 1897, 1898, 1899, 1900, 1901, 1902, 1904, 1905, 1906, 1907, 1908, 1909, 1910, 1911, 1912, 1913, 1914, 1915, 1916, 1917, 1918, 1919, 1920, 1921, 1922, 1923, 1924, 1925, 1926, 1927, 1928, 1930, 1931, 1932, 1934, 1935, 1936, 1937, 1943, 1944, 1945, 1946, 1947, 1948, 1949, 1951, 1953, 1955, 1956, 1957, 1958, 1959, 1960, 1961, 1962, 1963, 1964, 1965, 1966, 1967, 1968, 1969, 1970, 1971, 1972, 1973, 1974, 1975, 1980, 1981, 1982, 1983, 1984, 1985, 1986, 1987, 1988, 1989, 1990, 1991, 1992, 1993, 1994, 1995, 1996, 1998, 2007, 2008, 2009, 2013, 2014, 2016, 2021, 2022, 2029, 2030, 2031, 2033, 2034, 2035, 2036, 2037, 2038, 2039, 2040, 2041, 2042, 2043, 2044, 2045, 2046, 2054, 2055, 2061, 2065, 2066, 2077, 2078, 2079, 2083, 2084, 2085, 2087, 2088, 2089, 2090, 2091, 2092, 2093, 2097, 2098, 2104, 2105, 2106, 2107, 2108, 2109, 2110, 2111, 2112, 2113, 2114, 2121, 2122, 2123, 2126, 2130, 2132, 2140, 2141, 2142, 2143, 2144, 2145, 2146, 2147, 2153, 2154, 2155, 2156, 2158, 2159, 2160, 2161, 2162, 2163, 2164, 2165, 2166, 2167, 2169, 2170, 2171, 2172, 2184, 2185, 2186, 2187, 2188, 2193, 2194, 2195, 2196, 2197, 2198, 2202, 2203, 2204, 2210, 2211, 2215, 2216, 2217, 2218, 2219, 2220, 2221, 2223, 2227, 2228, 2229, 2230, 2231, 2232, 2234, 2235, 2243, 2244, 2245, 2246, 2247, 2248, 2250, 2251, 2252, 2253, 2254, 2255, 2256, 2257, 2258, 2259, 2268, 2269, 2270, 2271, 2272, 2274, 2275, 2276, 2277, 2278, 2279, 2280, 2281, 2287, 2288, 2291, 2292, 2293, 2299, 2306, 2314, 2315, 2322, 2329, 2330, 
rel: 1 k: 3 rho: 369.21 maxRV: 1, 6, 7, 9, 10, 11, 16, 18, 25, 27, 28, 30, 32, 34, 43, 46, 47, 58, 66, 68, 70, 74, 77, 79, 103, 104, 106, 110, 116, 118, 129, 131, 133, 135, 138, 140, 147, 149, 150, 153, 155, 158, 160, 168, 169, 170, 175, 178, 183, 190, 200, 202, 208, 211, 214, 218, 226, 235, 236, 246, 253, 271, 277, 280, 295, 301, 319, 320, 321, 325, 354, 362, 378, 412, 413, 414, 415, 427, 439, 444, 449, 457, 463, 467, 481, 491, 493, 501, 505, 516, 527, 531, 539, 553, 558, 562, 568, 573, 575, 612, 613, 630, 634, 636, 647, 650, 652, 655, 659, 680, 682, 683, 685, 686, 687, 696, 707, 712, 717, 718, 721, 729, 731, 736, 740, 745, 753, 757, 786, 792, 797, 802, 842, 851, 853, 883, 893, 894, 898, 900, 902, 905, 909, 910, 914, 916, 921, 934, 944, 945, 950, 967, 970, 979, 980, 981, 985, 986, 989, 990, 994, 996, 1004, 1005, 1011, 1014, 1024, 1039, 1068, 1073, 1076, 1082, 1085, 1087, 1088, 1099, 1109, 1128, 1129, 1139, 1143, 1150, 1158, 1159, 1160, 1162, 1164, 1168, 1170, 1179, 1182, 1187, 1190, 1199, 1206, 1213, 1214, 1220, 1233, 1239, 1244, 1253, 1258, 1278, 1300, 1307, 1310, 1318, 1320, 1322, 1326, 1329, 1343, 1345, 1346, 1369, 1436, 1458, 1498, 1505, 1506, 1508, 1511, 1515, 1516, 1521, 1523, 1524, 1528, 1536, 1538, 1540, 1541, 1544, 1546, 1549, 1552, 1572, 1581, 1582, 1584, 1588, 1592, 1603, 1609, 1610, 1617, 1641, 1644, 1654, 1655, 1660, 1671, 1686, 1690, 1717, 1720, 1721, 1772, 1775, 1781, 1786, 1805, 1806, 1832, 1862, 1864, 1867, 1878, 1879, 1887, 1890, 1891, 1897, 1921, 1924, 1925, 1959, 1973, 1979, 1986, 1989, 1994, 1995, 2003, 2004, 2008, 2015, 2017, 2020, 2030, 2036, 2039, 2053, 2057, 2066, 2072, 2075, 2077, 2079, 2100, 2101, 2106, 2135, 2136, 2139, 2145, 2151, 2176, 2190, 2192, 2199, 2201, 2224, 2235, 2244, 2248, 2260, 2297, 2312, 2315, 2318, 2339, 2345, 2360, 2368, 2378, 2385, 2387, 2394, 2396, 2399, 2406, 2408, 2421, 2425, 2428, 2436, 2443, 2449, 2475, 2477, 2508, 2510, 2515, 2566, 2594, 2613, 2615, 2618, 2619, 2623, 2626, 2660, 2664, 2675, 2722, 2726, 2767, 2789, 2791, 2819, 2820, 2826, 2835, 2836, 2840, 2841, 2842, 2849, 2858, 2868, 2874, 2896, 2905, 2911, 2919, 2921, 2922, 2928, 2943, 2944, 2957, 2958, 2988, 2990, 3032, 3036, 3059, 3060, 3063, 3064, 3067, 3081, 3084, 3108, 3109, 3111, 3145, 3151, 3159, 3179, 3189, 3193, 3209, 3220, 3227, 3241, 3247, 3256, 3305, 3309, 3328, 3336, 3337, 3342, 3349, 3357, 3363, 3366, 3368, 3373, 3380, 3384, 3389, 3395, 3409, 3427, 3430, 3436, 3446, 3458, 3465, 3496, 3518, 3523, 3566, 3580, 3583, 3642, 3645, 3662, 3663, 3668, 3675, 3682, 3687, 3692, 3713, 3730, 3732, 3750, 3753, 3757, 3762, 3786, 3792, 3818, 3826, 3880, 3881, 3883, 3924, 3926, 3941, 3949, 3950, 4012, 4028, 4045, 4046, 4148, 4178, 4203, 4232, 4244, 4249, 4271, 4298, 4300, 4319, 4367, 4417, 4442, 4447, 4469, 4495, 4512, 4547, 4568, 4576, 4578, 4618, 4629, 4633, 4646, 4647, 4656, 4659, 4690, 4692, 4695, 4700, 4804, 4819, 4825, 4826, 4841, 4871, 4875, 4939, 4942, 4948, 4982, 4987, 4994, 4996, 4997, 5006, 5011, 5012, 5019, 5026, 5028, 5033, 5035, 5039, 5055, 5077, 5099, 5155, 5168, 5220, 5221, 5259, 5270, 5274, 5294, 5331, 5411, 5415, 5424, 5425, 5437, 5440, 5450, 5460, 5532, 5566, 5594, 5612, 5637, 5641, 5643, 5644, 5648, 5657, 5658, 5664, 5689, 5693, 5705, 5708, 5719, 5723, 5730, 5733, 5742, 5748, 5754, 5760, 5773, 5785, 5801, 5848, 5856, 5857, 5858, 5872, 5896, 5911, 5920, 5932, 5933, 5957, 5967, 5977, 5981, 5987, 5992, 5994, 5998, 6001, 6012, 6018, 6021, 6032, 6035, 6038, 6067, 6083, 6085, 6097, 6100, 6102, 6110, 6115, 6120, 6121, 6123, 6158, 6187, 6192, 6208, 6215, 6222, 6228, 6244, 6262, 6265, 6269, 6294, 6298, 6300, 6304, 6310, 6312, 6318, 6327, 6339, 6341, 6344, 6346, 6381, 6385, 6410, 6425, 6440, 6448, 6473, 6487, 6488, 6489, 6500, 6526, 6582, 6588, 6591, 6595, 6612, 6618, 6619, 6663, 6701, 6708, 6729, 6737, 6740, 6743, 6776, 6785, 6826, 6833, 6835, 6863, 6869, 6873, 6880, 6894, 6907, 6921, 6933, 6940, 6951, 6954, 6961, 6972, 6991, 7016, 7026, 7051, 7052, 7079, 7122, 7210, 7212, 7216, 7217, 7248, 7299, 7301, 7312, 7317, 7322, 7339, 7362, 7374, 7375, 7385, 7387, 7406, 7407, 7419, 7442, 7449, 7470, 7488, 7520, 7546, 7602, 7618, 7630, 7639, 7672, 7710, 7723, 7727, 7735, 7811, 7813, 7825, 7836, 7895, 7900, 7927, 7960, 7971, 7984, 7987, 8017, 8024, 8029, 8031, 8033, 8037, 8046, 8060, 8065, 8127, 8167, 8175, 8261, 8272, 8279, 8297, 8342, 8377, 8380, 8385, 8388, 8390, 8434, 8450, 8457, 8465, 8506, 8520, 8531, 8553, 8572, 8583, 8588, 8592, 8595, 8631, 8653, 8699, 8704, 8705, 8727, 8766, 8775, 8800, 8843, 8846, 8874, 8880, 8885, 8896, 8910, 8922, 8923, 8926, 8934, 8944, 8949, 8950, 8962, 8972, 9000, 9022, 9023, 9030, 9042, 9117, 9188, 9189, 9209, 9226, 9239, 9285, 9309, 9311, 9313, 9318, 9319, 9332, 9335, 9338, 9379, 9408, 9511, 9528, 9534, 9548, 9553, 9610, 9615, 9654, 9656, 9664, 9719, 9720, 9723, 9738, 9744, 9749, 9760, 9765, 9772, 9792, 9798, 9826, 9827, 9835, 9869, 9870, 9887, 9895, 9897, 9989, 10039, 10042, 10076, 10132, 10136, 10137, 10146, 10163, 10217, 10243, 10256, 10378, 10414, 10489, 10529, 10557, 10877, 10964, 10971, 11104, 11152, 11156, 11175, 11177, 11190, 11194, 11208, 11217, 11221, 11243, 11249, 11260, 11328, 11346, 11382, 11409, 11428, 11429, 11450, 11452, 11457, 11473, 11479, 11496, 11583, 11599, 11614, 11647, 11666, 11676, 11708, 11817, 11910, 11913, 11987, 12028, 12042, 12059, 12097, 12109, 12141, 12181, 12218, 12247, 12260, 12261, 12269, 12272, 12343, 12351, 12383, 12428, 12432, 12465, 12467, 12468, 12471, 12477, 12480, 12481, 12607, 12649, 12666, 12671, 12733, 12739, 12748, 12752, 12753, 12756, 12788, 12797, 12800, 12819, 12821, 12838, 12862, 12877, 12885, 12896, 12898, 12902, 12906, 12922, 12947, 12973, 12982, 13048, 13056, 13084, 13132, 13138, 13342, 13468, 13474, 13483, 13523, 13535, 13545, 13550, 13646, 13659, 13686, 13689, 13699, 13701, 13717, 13770, 13824, 13908, 13909, 13919, 13925, 13929, 13936, 13968, 13975, 14004, 14011, 14088, 14095, 14101, 14115, 14154, 14198, 14200, 14226, 14227, 14228, 14230, 14235, 14244, 14247, 14258, 14261, 14274, 14275, 14277, 14294, 14304, 14318, 14322, 14326, 14360, 14379, 14388, 14448, 14489, 14513, 14546, 14549, 14553, 14578, 14598, 14613, 14624, 14628, 14641, 14755, 14763, 14768, 14772, 14779, 14798, 14814, 14815, 14866, 14874, 14907, 14949, 14950, 14954, 14958, 14981, 14988, 15055, 15075, 15190, 15290, 15378, 15382, 15459, 15475, 15569, 15570, 15744, 15756, 15828, 15868, 15968, 16086, 16095, 16103, 16138, 16284, 16294, 16353, 16453, 16462, 16472, 16591, 16625, 16742, 16754, 16761, 17045, 17200, 17213, 17226, 17330, 17422, 17514, 17575, 17579, 17582, 17597, 17658, 17796, 17798, 17802, 17804, 17807, 17808, 17812, 17813, 17819, 17903, 17907, 17912, 17939, 18005, 18058, 18059, 18093, 18113, 18128, 18175, 18398, 18427, 18876, 18924, 18932, 19036, 19044, 19072, 19133, 19224, 19245, 19252, 19323, 19363, 19379, 19456, 19486, 19603, 19610, 19656, 19666, 19675, 19731, 19735, 19751, 19760, 19820, 19848, 19953, 20157, 20226, 20332, 20376, 20384, 20412, 20424, 20425, 20481, 20491, 20492, 20493, 20494, 20531, 20591, 20678, 20679, 20950, 21032, 21044, 21061, 21137, 21240, 21248, 21326, 21329, 21369, 21396, 21422, 21591, 21595, 21597, 21621, 21686, 21695, 21698, 21699, 21707, 21709, 21728, 21731, 21868, 21896, 21958, 21978, 21982, 22002, 22155, 22166, 22344, 22555, 22772, 23037, 23077, 23141, 23142, 23226, 23249, 23251, 23346, 23404, 23452, 23459, 23502, 23548, 23619, 23689, 23763, 23774, 23841, 23850, 23875, 23895, 23904, 23929, 23949, 23950, 24085, 24178, 24187, 24278, 24337, 24351, 24438, 24478, 24597, 24606, 24618, 24621, 24629, 24712, 24724, 24968, 24998, 25034, 25044, 25256, 25373, 25405, 25662, 25810, 25817, 26004, 26075, 26296, 26312, 26378, 26416, 26496, 26963, 27301, 27521, 27580, 27631, 27868, 27883, 27999, 28016, 28019, 28059, 28084, 28088, 28432, 28435, 28910, 28949, 28977, 29103, 29277, 29352, 29353, 29437, 29490, 29509, 29554, 29630, 29644, 29890, 30373, 30691, 30775, 30999, 31006, 31019, 31053, 31302, 31589, 31590, 31624, 31627, 31628, 31629, 31630, 31662, 31802, 31904, 32061, 32077, 32187, 32261, 32425, 32427, 32511, 32592, 33060, 33162, 33307, 33605, 34054, 35071, 35089, 35405, 35406, 35824, 36715, 36830, 37024, 37095, 37110, 37459, 37527, 38090, 38092, 38949, 39242, 39245, 39316, 39518, 40103, 40889, 42127, 42405, 42482, 42807, 42810, 42934, 43245, 44587, 45144, 46231, 49399, 49553, 
rel: 1 k: 4 rho: 86.1218 maxRV: 1, 7, 9, 11, 16, 18, 27, 30, 46, 47, 58, 68, 74, 103, 116, 129, 131, 133, 135, 140, 147, 149, 150, 153, 155, 158, 168, 170, 183, 200, 208, 214, 218, 226, 235, 246, 253, 262, 277, 280, 295, 301, 319, 362, 378, 412, 415, 427, 444, 457, 467, 516, 527, 562, 634, 636, 652, 655, 659, 680, 682, 683, 685, 686, 687, 712, 718, 721, 729, 736, 797, 802, 894, 898, 900, 910, 921, 944, 981, 986, 989, 1068, 1073, 1076, 1082, 1085, 1087, 1088, 1139, 1143, 1158, 1160, 1164, 1168, 1179, 1182, 1187, 1213, 1220, 1244, 1253, 1310, 1343, 1345, 1436, 1453, 1498, 1505, 1506, 1508, 1515, 1516, 1523, 1524, 1528, 1536, 1540, 1544, 1546, 1549, 1572, 1582, 1592, 1609, 1641, 1720, 1805, 1862, 1864, 1875, 1878, 1897, 1906, 1924, 1935, 1973, 1979, 1994, 2003, 2004, 2035, 2075, 2244, 2260, 2387, 2428, 2613, 2767, 2789, 2806, 2812, 2814, 2815, 2819, 2820, 2821, 2822, 2825, 2835, 2840, 2842, 2874, 2880, 2893, 2894, 2896, 2907, 2919, 2921, 2945, 2947, 2957, 2958, 2990, 2993, 3036, 3040, 3060, 3063, 3080, 3108, 3109, 3151, 3159, 3179, 3209, 3328, 3352, 3384, 3419, 3458, 3642, 3732, 3757, 3762, 3792, 3883, 4300, 4568, 4633, 4646, 4695, 4700, 4804, 4871, 5012, 5028, 5039, 5259, 5331, 5404, 5460, 5594, 5648, 5658, 5733, 5760, 5773, 5920, 5933, 5998, 6001, 6012, 6115, 6262, 6582, 6591, 6595, 6612, 6618, 6619, 6663, 6729, 6737, 6740, 6743, 6835, 6894, 6903, 6907, 6914, 6921, 6933, 6951, 7052, 7079, 7103, 7170, 7212, 7217, 7301, 7317, 7322, 7334, 7387, 7406, 7407, 7419, 7449, 7470, 7513, 7546, 7602, 7603, 7900, 8031, 8037, 8065, 8121, 8170, 8175, 8247, 8450, 8465, 8506, 8631, 8704, 8888, 8917, 8924, 8926, 8934, 8935, 8949, 8950, 8962, 8972, 9309, 9311, 9332, 9338, 9379, 9511, 9629, 9719, 9723, 9738, 9749, 9772, 9792, 10039, 10136, 10143, 10336, 10340, 10344, 10346, 10355, 10357, 10359, 10360, 10363, 10365, 10376, 10388, 10389, 10394, 10395, 10401, 10408, 10411, 10414, 10422, 10423, 10430, 10431, 10435, 10439, 10442, 10457, 10464, 10607, 10610, 10612, 10616, 10619, 10621, 10623, 10625, 10632, 10635, 10637, 10640, 10645, 10646, 10649, 10662, 10663, 10675, 10676, 10683, 10685, 10691, 10694, 10695, 10708, 10709, 10710, 10713, 10728, 10729, 10741, 10744, 10754, 10755, 10760, 10773, 10781, 10801, 10809, 10827, 10964, 10966, 10968, 10971, 10975, 10980, 10983, 10986, 11002, 11009, 11016, 11018, 11042, 11044, 11207, 11208, 11260, 11263, 11310, 11319, 11320, 11322, 11429, 11666, 11689, 11818, 12025, 12046, 12060, 12261, 12471, 12800, 12819, 12896, 13032, 13035, 13048, 13056, 13117, 13686, 13701, 13717, 13909, 13911, 13925, 13952, 14088, 14095, 14228, 14258, 14322, 14388, 14395, 15200, 15282, 15284, 15286, 15290, 15296, 15330, 15337, 15340, 15358, 15360, 15377, 15378, 15392, 15393, 15426, 15429, 15441, 15453, 15488, 15570, 15839, 16095, 16246, 18431, 19731, 20376, 20491, 20493, 21456, 21591, 21595, 21621, 21792, 21820, 21923, 22555, 23502, 23548, 26489, 27100, 28011, 28020, 28750, 35071, 35089, 36810, 
rel: 1 k: 5 rho: 43.0305 maxRV: 1, 7, 9, 11, 18, 27, 30, 38, 58, 68, 74, 103, 116, 129, 131, 133, 135, 140, 147, 149, 150, 155, 158, 170, 214, 218, 226, 235, 246, 253, 262, 277, 301, 319, 362, 412, 415, 444, 630, 634, 636, 659, 680, 683, 687, 712, 718, 736, 853, 1068, 1073, 1076, 1082, 1139, 1143, 1160, 1220, 1506, 1508, 1515, 1516, 1523, 1524, 1540, 1546, 1549, 1572, 1582, 1592, 1609, 1864, 1875, 1878, 1906, 1935, 1973, 1994, 2387, 2806, 2812, 2814, 2815, 2819, 2820, 2821, 2822, 2825, 2842, 2874, 2880, 2893, 2894, 2896, 2907, 2919, 2947, 2958, 2990, 3040, 3060, 3109, 3159, 3352, 3419, 6115, 6582, 6591, 6595, 6618, 6663, 6729, 6737, 6894, 6903, 6907, 6914, 6921, 6933, 7079, 7103, 7170, 7449, 7602, 7603, 8037, 8170, 8175, 8704, 8888, 8917, 8924, 8935, 8950, 8962, 9604, 9723, 9749, 9792, 10336, 10340, 10342, 10344, 10346, 10355, 10357, 10359, 10360, 10363, 10376, 10394, 10395, 10401, 10414, 10422, 10423, 10430, 10431, 10435, 10439, 10442, 10457, 10607, 10610, 10612, 10613, 10616, 10619, 10621, 10623, 10632, 10635, 10637, 10640, 10645, 10646, 10649, 10662, 10663, 10675, 10676, 10683, 10685, 10691, 10695, 10709, 10710, 10728, 10729, 10741, 10743, 10744, 10754, 10755, 10760, 10773, 10781, 10809, 10827, 10964, 10966, 10980, 10986, 11002, 11016, 11042, 11044, 11207, 11208, 11260, 11310, 11320, 11666, 12471, 12819, 13117, 13717, 15282, 15284, 15296, 15340, 15377, 15392, 15488, 16095, 21792, 23548, 35071, 
rel: 1 k: 6 rho: 32.819 maxRV: 7, 147, 149, 150, 155, 214, 246, 253, 262, 277, 301, 634, 652, 680, 736, 853, 1073, 1076, 1453, 1875, 1878, 1906, 1935, 2806, 2811, 2812, 2814, 2815, 2819, 2821, 2822, 2825, 2842, 2874, 2880, 2893, 2894, 2896, 2919, 2947, 2990, 2993, 3080, 3109, 3352, 3419, 6903, 6907, 6914, 6921, 6933, 7103, 7170, 7602, 7603, 8888, 8917, 10336, 10340, 10342, 10344, 10346, 10355, 10357, 10359, 10360, 10363, 10376, 10394, 10395, 10414, 10422, 10423, 10430, 10435, 10439, 10442, 10457, 10607, 10610, 10612, 10613, 10616, 10619, 10621, 10623, 10632, 10635, 10637, 10640, 10645, 10646, 10662, 10663, 10675, 10676, 10683, 10685, 10691, 10695, 10709, 10710, 10720, 10728, 10729, 10741, 10743, 10754, 10755, 10760, 10773, 10781, 10809, 10849, 10966, 11016, 11042, 11208, 11260, 13117, 15282, 15377, 
rel: 1 k: 7 rho: 30.6345 maxRV: 262, 634, 1073, 1076, 1875, 1878, 1906, 1935, 2806, 2811, 2812, 2814, 2815, 2819, 2821, 2822, 2825, 2842, 2874, 2880, 2893, 2894, 2896, 2905, 2919, 2947, 2993, 3109, 3419, 6903, 6907, 6914, 6921, 6933, 7103, 7170, 7602, 7603, 8888, 10336, 10340, 10344, 10346, 10355, 10357, 10359, 10363, 10376, 10394, 10395, 10414, 10423, 10435, 10439, 10610, 10612, 10616, 10621, 10632, 10635, 10637, 10640, 10645, 10646, 10662, 10663, 10675, 10676, 10683, 10685, 10691, 10695, 10709, 10710, 10728, 10729, 10743, 10754, 10755, 10760, 10781, 10809, 10849, 10966, 11016, 11260, 15377, 
rel: 1 k: 8 rho: 30.116 maxRV: 262, 634, 1073, 1076, 1875, 1878, 1906, 1935, 2806, 2811, 2812, 2815, 2819, 2821, 2822, 2825, 2842, 2874, 2880, 2893, 2894, 2896, 2919, 2947, 3080, 3419, 6903, 6907, 6914, 6921, 6933, 7103, 7170, 8888, 10336, 10344, 10346, 10355, 10357, 10359, 10376, 10394, 10395, 10414, 10423, 10435, 10439, 10610, 10612, 10616, 10621, 10632, 10635, 10637, 10640, 10645, 10646, 10662, 10663, 10675, 10676, 10683, 10685, 10691, 10695, 10709, 10710, 10728, 10729, 10754, 10760, 10781, 10809, 10966, 11016, 11260, 
rel: 1 k: 9 rho: 26.6393 maxRV: 262, 634, 1073, 1076, 1875, 1878, 1935, 2806, 2811, 2812, 2815, 2819, 2821, 2822, 2825, 2874, 2880, 2893, 2894, 2896, 2919, 2947, 3080, 3419, 6903, 6907, 6914, 6921, 6933, 7103, 7170, 8888, 10336, 10342, 10344, 10346, 10357, 10359, 10376, 10394, 10395, 10414, 10435, 10439, 10610, 10612, 10616, 10621, 10632, 10635, 10637, 10640, 10645, 10646, 10659, 10662, 10663, 10675, 10676, 10683, 10685, 10695, 10709, 10710, 10728, 10729, 10754, 10760, 10781, 10809, 11016, 11260, 
rel: 1 k: 10 rho: 23.9999 maxRV: 262, 634, 1073, 1076, 1875, 1878, 1935, 2806, 2811, 2812, 2815, 2819, 2821, 2822, 2825, 2874, 2880, 2893, 2894, 2896, 2919, 2947, 3080, 6903, 6907, 6914, 6921, 6933, 7103, 7170, 8888, 10336, 10342, 10344, 10346, 10357, 10359, 10376, 10394, 10395, 10414, 10435, 10610, 10612, 10616, 10621, 10632, 10635, 10637, 10640, 10645, 10646, 10659, 10662, 10663, 10675, 10676, 10683, 10685, 10695, 10709, 10710, 10724, 10728, 10729, 10754, 10760, 11016, 
rel: 1 k: 11 rho: 21.7503 maxRV: 262, 634, 1073, 1076, 1875, 1878, 2806, 2811, 2812, 2815, 2819, 2821, 2822, 2825, 2874, 2880, 2893, 2894, 2896, 2919, 2947, 3080, 6636, 6903, 6907, 6914, 6921, 6933, 7103, 7170, 10336, 10342, 10344, 10346, 10357, 10359, 10376, 10394, 10395, 10414, 10610, 10612, 10616, 10621, 10632, 10635, 10637, 10640, 10645, 10646, 10659, 10662, 10663, 10676, 10683, 10685, 10695, 10708, 10709, 10710, 10724, 10728, 10729, 10754, 10760, 11016, 
rel: 1 k: 12 rho: 19.2156 maxRV: 262, 634, 1073, 1875, 1878, 2806, 2811, 2812, 2815, 2819, 2821, 2822, 2825, 2874, 2880, 2893, 2894, 2896, 2919, 2947, 3080, 6636, 6903, 6907, 6914, 6921, 6933, 7170, 10336, 10342, 10344, 10346, 10359, 10376, 10394, 10395, 10414, 10610, 10612, 10621, 10632, 10635, 10637, 10640, 10645, 10646, 10659, 10662, 10663, 10676, 10683, 10685, 10709, 10710, 10728, 10729, 
rel: 1 k: 13 rho: 17.6356 maxRV: 262, 634, 1073, 1076, 1875, 1878, 2806, 2811, 2812, 2815, 2819, 2821, 2822, 2825, 2880, 2893, 2894, 2896, 2919, 2947, 3080, 6903, 6907, 6914, 6921, 6933, 7170, 10342, 10344, 10346, 10359, 10376, 10394, 10395, 10610, 10612, 10621, 10632, 10635, 10637, 10640, 10645, 10646, 10659, 10662, 10663, 10676, 10683, 10685, 10708, 10709, 10710, 10728, 10729, 10743, 
rel: 1 k: 14 rho: 16.6006 maxRV: 634, 1073, 1875, 2806, 2811, 2812, 2815, 2819, 2821, 2822, 2825, 2880, 2893, 2896, 2919, 2947, 6903, 6907, 6914, 6921, 6933, 7170, 10344, 10346, 10359, 10376, 10394, 10395, 10610, 10612, 10621, 10632, 10635, 10637, 10640, 10645, 10662, 10663, 10676, 10683, 10710, 10728, 10729, 10743, 
rel: 1 k: 15 rho: 14.3294 maxRV: 262, 634, 1073, 1076, 1875, 2806, 2811, 2812, 2815, 2819, 2821, 2822, 2825, 2880, 2893, 2896, 2919, 2947, 3080, 6903, 6907, 6914, 6921, 6933, 7170, 10344, 10346, 10359, 10376, 10610, 10612, 10621, 10632, 10635, 10637, 10640, 10645, 10659, 10662, 10663, 10676, 10683, 10710, 10729, 10743, 
rel: 1 k: 16 rho: 12.7517 maxRV: 262, 634, 1073, 1076, 1875, 2806, 2811, 2812, 2815, 2819, 2821, 2825, 2880, 2893, 2896, 2919, 3080, 6903, 6914, 6921, 6933, 7170, 10342, 10344, 10346, 10359, 10376, 10610, 10612, 10621, 10632, 10635, 10637, 10640, 10645, 10659, 10662, 10663, 10676, 10683, 10710, 10724, 10729, 10743, 
rel: 1 k: 17 rho: 7.25586 maxRV: 2811, 2815, 2819, 2919, 6914, 10344, 10359, 10610, 10612, 10621, 10632, 10635, 10637, 10645, 10659, 10662, 10663, 10676, 10683, 10708, 10729, 
rel: 1 k: 18 rho: 7.06241 maxRV: 2811, 2815, 2819, 2919, 6914, 10344, 10359, 10610, 10612, 10621, 10632, 10635, 10637, 10645, 10659, 10662, 10663, 10676, 10683, 10708, 10724, 10729, 
rel: 1 k: 3 rho: 364.575 maxRV: 1, 6, 7, 9, 11, 16, 18, 25, 27, 30, 32, 34, 38, 43, 46, 47, 58, 66, 68, 70, 74, 103, 104, 106, 110, 116, 118, 129, 131, 133, 135, 138, 140, 147, 149, 150, 153, 155, 158, 160, 168, 169, 170, 175, 178, 183, 190, 200, 202, 208, 211, 214, 218, 226, 235, 236, 246, 253, 267, 271, 277, 280, 295, 301, 319, 320, 321, 325, 354, 362, 378, 412, 413, 414, 415, 427, 439, 444, 449, 457, 463, 467, 481, 491, 493, 501, 505, 516, 527, 531, 539, 553, 554, 558, 562, 568, 573, 575, 612, 613, 630, 634, 636, 647, 650, 652, 655, 659, 680, 682, 683, 685, 686, 687, 696, 707, 712, 717, 718, 721, 731, 736, 740, 745, 753, 757, 786, 792, 797, 802, 851, 853, 883, 893, 894, 898, 900, 902, 905, 909, 910, 914, 916, 921, 934, 944, 945, 950, 967, 970, 979, 980, 981, 985, 986, 989, 990, 994, 996, 1004, 1005, 1011, 1014, 1024, 1039, 1068, 1073, 1076, 1082, 1085, 1087, 1088, 1099, 1109, 1128, 1129, 1139, 1143, 1150, 1158, 1159, 1160, 1162, 1164, 1168, 1170, 1179, 1182, 1187, 1190, 1199, 1206, 1213, 1214, 1220, 1233, 1239, 1244, 1253, 1258, 1278, 1300, 1307, 1310, 1318, 1320, 1322, 1326, 1329, 1343, 1345, 1346, 1354, 1369, 1409, 1436, 1453, 1458, 1498, 1505, 1506, 1508, 1511, 1515, 1516, 1521, 1523, 1524, 1528, 1536, 1538, 1540, 1541, 1544, 1546, 1549, 1552, 1572, 1581, 1582, 1584, 1588, 1592, 1603, 1609, 1610, 1617, 1641, 1644, 1654, 1655, 1660, 1671, 1717, 1720, 1721, 1772, 1775, 1781, 1786, 1797, 1805, 1806, 1832, 1862, 1864, 1867, 1878, 1879, 1887, 1890, 1891, 1897, 1906, 1921, 1924, 1925, 1935, 1959, 1973, 1979, 1986, 1989, 1994, 1995, 2003, 2004, 2008, 2009, 2015, 2020, 2030, 2036, 2039, 2053, 2057, 2066, 2072, 2075, 2077, 2079, 2101, 2106, 2135, 2136, 2139, 2151, 2176, 2190, 2192, 2199, 2201, 2224, 2235, 2244, 2248, 2260, 2312, 2315, 2324, 2339, 2345, 2360, 2368, 2378, 2385, 2387, 2394, 2396, 2399, 2406, 2408, 2421, 2425, 2428, 2436, 2443, 2449, 2475, 2477, 2508, 2510, 2515, 2566, 2594, 2613, 2615, 2618, 2619, 2623, 2626, 2660, 2664, 2675, 2722, 2726, 2767, 2789, 2791, 2806, 2815, 2819, 2820, 2821, 2822, 2825, 2826, 2835, 2840, 2841, 2842, 2849, 2858, 2868, 2874, 2880, 2893, 2894, 2896, 2905, 2911, 2919, 2921, 2922, 2928, 2943, 2944, 2947, 2951, 2957, 2958, 2988, 2990, 3032, 3036, 3060, 3063, 3067, 3081, 3084, 3108, 3109, 3111, 3135, 3145, 3151, 3159, 3179, 3189, 3193, 3209, 3227, 3241, 3247, 3256, 3328, 3336, 3337, 3342, 3349, 3357, 3363, 3368, 3373, 3380, 3384, 3395, 3409, 3419, 3427, 3430, 3436, 3446, 3458, 3465, 3496, 3504, 3518, 3566, 3580, 3583, 3638, 3642, 3645, 3662, 3663, 3668, 3675, 3682, 3692, 3732, 3750, 3753, 3757, 3762, 3786, 3792, 3818, 3826, 3880, 3881, 3883, 3924, 3926, 3941, 3949, 3950, 4012, 4028, 4045, 4046, 4058, 4148, 4178, 4190, 4203, 4232, 4244, 4249, 4271, 4298, 4300, 4319, 4367, 4417, 4419, 4442, 4447, 4469, 4495, 4512, 4547, 4568, 4578, 4618, 4629, 4633, 4646, 4647, 4656, 4659, 4690, 4692, 4695, 4700, 4804, 4819, 4825, 4826, 4841, 4871, 4875, 4939, 4942, 4948, 4982, 4987, 4996, 4997, 5006, 5011, 5012, 5019, 5026, 5028, 5033, 5035, 5039, 5055, 5077, 5099, 5155, 5168, 5220, 5221, 5259, 5270, 5274, 5294, 5331, 5415, 5424, 5425, 5437, 5440, 5450, 5460, 5532, 5566, 5571, 5594, 5612, 5637, 5641, 5643, 5644, 5648, 5657, 5658, 5664, 5689, 5693, 5695, 5705, 5708, 5719, 5723, 5730, 5733, 5742, 5748, 5754, 5760, 5773, 5785, 5801, 5848, 5856, 5857, 5858, 5872, 5896, 5911, 5920, 5932, 5933, 5957, 5967, 5977, 5981, 5987, 5992, 5994, 5998, 6001, 6012, 6018, 6021, 6032, 6035, 6038, 6067, 6083, 6085, 6097, 6100, 6102, 6110, 6115, 6120, 6121, 6123, 6158, 6187, 6192, 6193, 6197, 6208, 6215, 6222, 6227, 6228, 6244, 6262, 6265, 6269, 6294, 6298, 6300, 6304, 6310, 6312, 6318, 6327, 6339, 6341, 6344, 6346, 6366, 6381, 6385, 6410, 6425, 6440, 6448, 6473, 6487, 6488, 6489, 6500, 6526, 6582, 6588, 6591, 6595, 6596, 6612, 6618, 6619, 6663, 6701, 6708, 6729, 6737, 6740, 6743, 6776, 6826, 6833, 6835, 6863, 6869, 6873, 6880, 6894, 6903, 6907, 6914, 6921, 6933, 6940, 6951, 6954, 6961, 6972, 6991, 7016, 7026, 7051, 7052, 7076, 7079, 7103, 7122, 7170, 7210, 7212, 7216, 7217, 7248, 7299, 7301, 7312, 7317, 7322, 7339, 7362, 7374, 7375, 7385, 7387, 7406, 7407, 7419, 7442, 7449, 7459, 7470, 7488, 7513, 7520, 7546, 7602, 7618, 7639, 7672, 7710, 7723, 7727, 7735, 7811, 7813, 7836, 7895, 7900, 7927, 7960, 7971, 7984, 7987, 8017, 8024, 8029, 8031, 8033, 8037, 8046, 8055, 8060, 8065, 8121, 8127, 8143, 8167, 8175, 8247, 8272, 8279, 8297, 8342, 8377, 8380, 8385, 8388, 8390, 8434, 8450, 8457, 8465, 8506, 8520, 8531, 8553, 8572, 8583, 8588, 8592, 8595, 8611, 8631, 8653, 8699, 8704, 8705, 8766, 8775, 8800, 8843, 8874, 8880, 8885, 8888, 8896, 8910, 8924, 8926, 8934, 8950, 8962, 9000, 9022, 9023, 9117, 9188, 9189, 9209, 9226, 9239, 9285, 9309, 9311, 9313, 9318, 9319, 9332, 9335, 9338, 9379, 9511, 9528, 9534, 9548, 9553, 9610, 9615, 9654, 9656, 9661, 9663, 9664, 9673, 9707, 9719, 9720, 9723, 9738, 9744, 9749, 9760, 9765, 9772, 9792, 9798, 9822, 9826, 9827, 9835, 9869, 9870, 9887, 9897, 9989, 10039, 10042, 10076, 10132, 10136, 10137, 10146, 10163, 10217, 10243, 10256, 10336, 10340, 10346, 10355, 10357, 10376, 10378, 10388, 10394, 10395, 10401, 10407, 10422, 10423, 10431, 10435, 10439, 10489, 10529, 10557, 10599, 10607, 10610, 10612, 10621, 10632, 10649, 10675, 10685, 10691, 10709, 10713, 10809, 10848, 10877, 10966, 11009, 11016, 11018, 11104, 11152, 11156, 11175, 11177, 11190, 11194, 11198, 11208, 11217, 11221, 11243, 11249, 11346, 11382, 11409, 11428, 11429, 11450, 11452, 11457, 11473, 11479, 11496, 11647, 11666, 11817, 11913, 11987, 12042, 12060, 12097, 12109, 12141, 12181, 12218, 12247, 12260, 12261, 12269, 12272, 12351, 12383, 12428, 12432, 12465, 12467, 12468, 12471, 12477, 12480, 12481, 12607, 12649, 12666, 12671, 12724, 12733, 12739, 12748, 12752, 12753, 12756, 12788, 12797, 12800, 12819, 12821, 12838, 12862, 12877, 12885, 12898, 12902, 12906, 12922, 12947, 12969, 12973, 12982, 13056, 13084, 13117, 13138, 13342, 13474, 13523, 13535, 13646, 13659, 13686, 13689, 13699, 13701, 13717, 13795, 13907, 13908, 13909, 13911, 13919, 13925, 13929, 13930, 13936, 13945, 13952, 13963, 13964, 13968, 13975, 14004, 14011, 14082, 14088, 14095, 14101, 14115, 14142, 14154, 14198, 14200, 14226, 14227, 14228, 14230, 14235, 14244, 14247, 14258, 14261, 14274, 14277, 14304, 14318, 14322, 14326, 14360, 14388, 14489, 14513, 14546, 14549, 14553, 14578, 14598, 14613, 14624, 14628, 14755, 14763, 14768, 14772, 14779, 14798, 14815, 14866, 14874, 14907, 14949, 14950, 14954, 14958, 14981, 14988, 15055, 15075, 15190, 15202, 15282, 15284, 15296, 15337, 15340, 15360, 15377, 15382, 15484, 15570, 15839, 15968, 16086, 16095, 16103, 16138, 16234, 16284, 16294, 16345, 16353, 16453, 16462, 16472, 16591, 16625, 16742, 16754, 16761, 17045, 17200, 17213, 17226, 17255, 17330, 17422, 17575, 17579, 17582, 17597, 17658, 17796, 17798, 17802, 17804, 17807, 17808, 17812, 17813, 17819, 17903, 17907, 17912, 17939, 18005, 18058, 18059, 18093, 18113, 18128, 18175, 18398, 18876, 18924, 18932, 19036, 19044, 19072, 19133, 19224, 19245, 19252, 19323, 19363, 19366, 19379, 19443, 19456, 19486, 19512, 19598, 19603, 19610, 19656, 19666, 19675, 19731, 19735, 19751, 19760, 19820, 19848, 19953, 20157, 20226, 20358, 20376, 20384, 20412, 20424, 20425, 20481, 20491, 20492, 20493, 20494, 20531, 20591, 20678, 20679, 20950, 21032, 21044, 21137, 21240, 21248, 21326, 21329, 21369, 21422, 21456, 21570, 21591, 21595, 21597, 21621, 21686, 21695, 21698, 21699, 21707, 21709, 21728, 21868, 21958, 21978, 21982, 22002, 22155, 22344, 22555, 22772, 23003, 23077, 23141, 23142, 23249, 23251, 23346, 23452, 23458, 23459, 23464, 23548, 23619, 23689, 23763, 23774, 23841, 23850, 23875, 23904, 23955, 24085, 24178, 24187, 24278, 24337, 24351, 24454, 24478, 24597, 24606, 24618, 24621, 24629, 24712, 24724, 24968, 25238, 25239, 25242, 25245, 25256, 25347, 25373, 25405, 25597, 25662, 25810, 25817, 26075, 26097, 26296, 26312, 26378, 26416, 26489, 26772, 26963, 27301, 27580, 27999, 28020, 29103, 29277, 29352, 29353, 29437, 29490, 29630, 29644, 30484, 30653, 30691, 30775, 30999, 31006, 31019, 31053, 31302, 31589, 31590, 31624, 31627, 31628, 31629, 31630, 31662, 31802, 32061, 32261, 32425, 32427, 32511, 32592, 33162, 33307, 33605, 34054, 35071, 35089, 35405, 35406, 35735, 35824, 36715, 36810, 36813, 36830, 37110, 37527, 39316, 39518, 40103, 42631, 42810, 42934, 43245, 43637, 44566, 46231, 
rel: 1 k: 4 rho: 86.3589 maxRV: 1, 7, 9, 11, 16, 18, 27, 30, 46, 47, 58, 68, 74, 103, 116, 129, 131, 133, 135, 140, 147, 149, 150, 153, 155, 158, 168, 170, 183, 200, 208, 214, 218, 226, 235, 246, 253, 262, 277, 280, 295, 301, 319, 362, 378, 412, 415, 444, 457, 467, 516, 527, 562, 630, 634, 636, 652, 655, 659, 680, 682, 683, 685, 686, 687, 712, 718, 721, 729, 736, 797, 802, 853, 894, 898, 900, 910, 921, 944, 981, 986, 989, 1068, 1073, 1076, 1082, 1085, 1087, 1088, 1139, 1143, 1158, 1160, 1164, 1168, 1179, 1182, 1187, 1213, 1220, 1244, 1253, 1310, 1343, 1345, 1436, 1453, 1498, 1505, 1506, 1508, 1515, 1516, 1523, 1524, 1528, 1536, 1540, 1544, 1546, 1549, 1572, 1582, 1592, 1609, 1641, 1692, 1720, 1805, 1862, 1864, 1875, 1878, 1897, 1906, 1924, 1935, 1973, 1979, 1994, 2003, 2004, 2035, 2244, 2260, 2387, 2428, 2613, 2767, 2789, 2806, 2812, 2814, 2815, 2819, 2820, 2821, 2822, 2825, 2835, 2840, 2842, 2866, 2874, 2880, 2893, 2894, 2896, 2905, 2907, 2919, 2921, 2945, 2947, 2951, 2957, 2958, 2990, 2993, 3036, 3040, 3060, 3063, 3080, 3108, 3109, 3151, 3159, 3179, 3209, 3328, 3352, 3384, 3419, 3458, 3642, 3732, 3757, 3762, 3792, 3883, 4300, 4568, 4633, 4646, 4695, 4700, 4804, 4871, 5012, 5028, 5039, 5259, 5331, 5404, 5460, 5594, 5648, 5658, 5733, 5760, 5773, 5920, 5933, 5998, 6001, 6012, 6115, 6262, 6582, 6591, 6595, 6612, 6618, 6619, 6663, 6729, 6737, 6740, 6743, 6835, 6894, 6903, 6907, 6914, 6921, 6933, 6951, 7052, 7079, 7103, 7170, 7212, 7217, 7301, 7317, 7322, 7334, 7387, 7406, 7407, 7419, 7449, 7470, 7546, 7602, 7603, 7900, 8031, 8037, 8065, 8121, 8131, 8170, 8175, 8247, 8450, 8465, 8506, 8631, 8704, 8888, 8917, 8924, 8926, 8934, 8935, 8950, 8962, 8972, 9309, 9311, 9332, 9338, 9379, 9511, 9629, 9707, 9719, 9723, 9738, 9749, 9772, 9792, 10039, 10136, 10336, 10340, 10344, 10346, 10355, 10357, 10359, 10360, 10363, 10365, 10376, 10388, 10389, 10394, 10395, 10401, 10408, 10411, 10414, 10422, 10423, 10430, 10431, 10435, 10439, 10442, 10457, 10464, 10607, 10610, 10612, 10616, 10619, 10621, 10623, 10625, 10632, 10635, 10637, 10649, 10663, 10675, 10676, 10683, 10685, 10691, 10710, 10713, 10728, 10729, 10744, 10754, 10760, 10781, 10801, 10809, 10827, 10964, 10966, 10968, 10971, 10975, 10980, 10983, 10986, 11002, 11009, 11016, 11018, 11042, 11044, 11207, 11208, 11260, 11263, 11310, 11319, 11320, 11322, 11429, 11666, 11689, 11818, 12025, 12046, 12060, 12261, 12471, 12800, 12819, 13117, 13686, 13701, 13717, 14088, 14095, 14228, 14258, 14322, 15200, 15282, 15284, 15286, 15290, 15296, 15330, 15337, 15340, 15358, 15360, 15377, 15392, 15393, 15426, 15429, 15441, 15453, 15488, 15570, 15839, 16095, 16121, 18431, 19731, 20376, 20491, 20493, 21591, 21595, 21621, 21792, 21820, 22555, 23548, 35071, 35089, 
rel: 1 k: 5 rho: 47.9065 maxRV: 147, 262, 634, 1073, 1076, 1875, 1878, 1906, 1935, 2806, 2812, 2814, 2815, 2819, 2821, 2822, 2825, 2842, 2874, 2880, 2893, 2894, 2896, 2907, 2919, 2947, 3040, 3080, 3109, 3352, 3419, 6903, 6907, 6914, 6921, 6933, 7103, 7170, 7602, 7603, 8170, 8888, 8917, 8924, 8935, 9604, 10336, 10340, 10342, 10344, 10346, 10355, 10357, 10359, 10360, 10363, 10376, 10394, 10395, 10401, 10414, 10422, 10423, 10430, 10431, 10435, 10439, 10442, 10457, 10607, 10610, 10612, 10613, 10616, 10619, 10621, 10623, 10632, 10635, 10637, 10640, 10645, 10646, 10649, 10662, 10663, 10675, 10676, 10683, 10685, 10691, 10695, 10709, 10710, 10728, 10729, 10741, 10743, 10744, 10754, 10755, 10760, 10773, 10781, 10809, 10827, 10964, 10966, 10980, 10986, 11002, 11016, 11042, 11044, 11207, 11208, 11260, 11310, 11320, 11666, 13117, 15282, 15284, 15296, 15340, 15377, 15392, 15488, 21792, 
rel: 1 k: 6 rho: 36.2039 maxRV: 262, 634, 1073, 1076, 1875, 1878, 1906, 1935, 2806, 2811, 2812, 2814, 2815, 2819, 2821, 2822, 2825, 2842, 2874, 2880, 2893, 2894, 2896, 2919, 2947, 3080, 3352, 3419, 6636, 6903, 6907, 6914, 6921, 6933, 7103, 7170, 8888, 8917, 10198, 10336, 10340, 10342, 10344, 10346, 10355, 10357, 10359, 10360, 10363, 10376, 10394, 10395, 10414, 10422, 10423, 10430, 10435, 10439, 10442, 10457, 10607, 10610, 10612, 10613, 10616, 10619, 10621, 10623, 10632, 10635, 10637, 10640, 10645, 10646, 10659, 10662, 10663, 10675, 10676, 10683, 10685, 10691, 10695, 10708, 10709, 10710, 10720, 10724, 10728, 10729, 10734, 10741, 10743, 10754, 10755, 10760, 10765, 10773, 10781, 10809, 10966, 11016, 11020, 11042, 11208, 11260, 13117, 15282, 15377, 
rel: 1 k: 7 rho: 31.897 maxRV: 262, 634, 1073, 1076, 1875, 1878, 1906, 1935, 2806, 2811, 2812, 2814, 2815, 2819, 2821, 2822, 2825, 2842, 2874, 2880, 2893, 2894, 2896, 2919, 2947, 3419, 6903, 6907, 6914, 6933, 7103, 7170, 8888, 10336, 10340, 10342, 10344, 10346, 10355, 10357, 10359, 10363, 10376, 10394, 10395, 10414, 10423, 10435, 10439, 10610, 10612, 10616, 10621, 10632, 10635, 10637, 10640, 10645, 10646, 10662, 10663, 10675, 10676, 10683, 10685, 10691, 10695, 10708, 10709, 10710, 10724, 10728, 10729, 10743, 10754, 10755, 10760, 10781, 10809, 10966, 11016, 11260, 15377, 
rel: 1 k: 8 rho: 27.3891 maxRV: 262, 634, 1073, 1076, 1875, 1878, 1906, 1935, 2806, 2811, 2812, 2815, 2819, 2821, 2822, 2825, 2842, 2874, 2880, 2893, 2894, 2896, 2919, 2947, 3080, 3352, 3419, 6596, 6636, 6903, 6907, 6914, 6921, 6933, 7103, 7170, 8888, 10198, 10336, 10342, 10344, 10346, 10355, 10357, 10359, 10376, 10394, 10395, 10414, 10423, 10435, 10439, 10610, 10612, 10613, 10616, 10621, 10632, 10635, 10637, 10640, 10645, 10646, 10659, 10662, 10663, 10675, 10676, 10683, 10685, 10691, 10695, 10708, 10709, 10710, 10720, 10724, 10728, 10729, 10734, 10743, 10754, 10760, 10765, 10781, 10809, 10966, 11016, 11260, 
rel: 1 k: 9 rho: 24.8321 maxRV: 262, 634, 1073, 1076, 1875, 1878, 1935, 2806, 2811, 2812, 2815, 2819, 2821, 2822, 2825, 2874, 2880, 2893, 2894, 2896, 2919, 2947, 3080, 3419, 6596, 6636, 6903, 6907, 6914, 6921, 6933, 7103, 7170, 8888, 10198, 10336, 10342, 10344, 10346, 10357, 10359, 10376, 10394, 10395, 10414, 10435, 10439, 10610, 10612, 10613, 10616, 10621, 10632, 10635, 10637, 10640, 10645, 10646, 10659, 10662, 10663, 10675, 10676, 10683, 10685, 10695, 10708, 10709, 10710, 10720, 10724, 10728, 10729, 10734, 10743, 10754, 10760, 10765, 10781, 10809, 11016, 11260, 
rel: 1 k: 10 rho: 24.1322 maxRV: 262, 634, 1073, 1875, 1878, 1935, 2806, 2811, 2812, 2815, 2819, 2821, 2822, 2825, 2874, 2880, 2893, 2894, 2896, 2919, 2947, 3080, 6636, 6903, 6907, 6914, 6933, 7103, 7170, 8888, 10336, 10342, 10344, 10346, 10357, 10359, 10376, 10394, 10395, 10414, 10435, 10610, 10612, 10616, 10621, 10632, 10635, 10637, 10640, 10645, 10646, 10659, 10662, 10663, 10675, 10676, 10683, 10685, 10695, 10708, 10709, 10710, 10724, 10728, 10729, 10754, 10760, 11016, 
rel: 1 k: 11 rho: 21.2217 maxRV: 262, 634, 1073, 1076, 1875, 1878, 2806, 2811, 2812, 2815, 2819, 2821, 2822, 2825, 2874, 2880, 2893, 2894, 2896, 2919, 2947, 3080, 6636, 6903, 6907, 6914, 6921, 6933, 7103, 7170, 10336, 10342, 10344, 10346, 10357, 10359, 10376, 10394, 10395, 10414, 10610, 10612, 10616, 10621, 10632, 10635, 10637, 10640, 10645, 10646, 10659, 10662, 10663, 10676, 10683, 10685, 10695, 10708, 10709, 10710, 10720, 10724, 10728, 10729, 10734, 10743, 10754, 10760, 10765, 11016, 
rel: 1 k: 12 rho: 18.3028 maxRV: 262, 634, 1073, 1076, 1875, 1878, 2806, 2811, 2812, 2815, 2819, 2821, 2822, 2825, 2874, 2880, 2893, 2894, 2896, 2919, 2947, 3080, 6636, 6903, 6907, 6914, 6921, 6933, 7170, 10336, 10342, 10344, 10346, 10359, 10376, 10394, 10395, 10414, 10610, 10612, 10621, 10632, 10635, 10637, 10640, 10645, 10646, 10659, 10662, 10663, 10676, 10683, 10685, 10708, 10709, 10710, 10720, 10724, 10728, 10729, 10734, 10743, 10765, 
rel: 1 k: 13 rho: 17.166 maxRV: 262, 634, 1073, 1076, 1875, 1878, 2806, 2811, 2812, 2815, 2819, 2821, 2822, 2825, 2880, 2893, 2894, 2896, 2919, 2947, 3080, 6636, 6903, 6907, 6914, 6921, 6933, 7170, 10342, 10344, 10346, 10359, 10376, 10394, 10395, 10610, 10612, 10621, 10632, 10635, 10637, 10640, 10645, 10646, 10659, 10662, 10663, 10676, 10683, 10685, 10708, 10709, 10710, 10720, 10724, 10728, 10729, 10734, 10743, 10765, 
rel: 1 k: 14 rho: 15.1402 maxRV: 262, 634, 1073, 1076, 1875, 2806, 2811, 2812, 2815, 2819, 2821, 2822, 2825, 2880, 2893, 2896, 2919, 2947, 3080, 6903, 6907, 6914, 6921, 6933, 7170, 10342, 10344, 10346, 10359, 10376, 10394, 10395, 10610, 10612, 10621, 10632, 10635, 10637, 10640, 10645, 10659, 10662, 10663, 10676, 10683, 10708, 10710, 10724, 10728, 10729, 10734, 10743, 10765, 
rel: 1 k: 15 rho: 14.1918 maxRV: 262, 634, 1073, 1076, 1875, 2806, 2811, 2812, 2815, 2819, 2821, 2822, 2825, 2880, 2893, 2896, 2919, 2947, 3080, 6903, 6907, 6914, 6921, 6933, 7170, 10342, 10344, 10346, 10359, 10376, 10610, 10612, 10621, 10632, 10635, 10637, 10640, 10645, 10659, 10662, 10663, 10676, 10683, 10710, 10724, 10729, 
rel: 1 k: 16 rho: 12.6538 maxRV: 262, 634, 1073, 1076, 1875, 2806, 2811, 2812, 2815, 2819, 2821, 2825, 2880, 2893, 2896, 2919, 3080, 6903, 6914, 6921, 6933, 7170, 10342, 10344, 10346, 10359, 10376, 10610, 10612, 10621, 10632, 10635, 10637, 10640, 10645, 10659, 10662, 10663, 10676, 10683, 10708, 10710, 10724, 10729, 10734, 10743, 
rel: 1 k: 17 rho: 7.25586 maxRV: 2811, 2815, 2819, 2919, 6914, 10344, 10359, 10610, 10612, 10621, 10632, 10635, 10637, 10645, 10659, 10662, 10663, 10676, 10683, 10724, 10729, 
rel: 1 k: 18 rho: 7.06241 maxRV: 2811, 2815, 2819, 2919, 6914, 10344, 10359, 10610, 10612, 10621, 10632, 10635, 10637, 10645, 10659, 10662, 10663, 10676, 10683, 10708, 10724, 10729, 
query: 52
Construct Successful.
query: 53
Construct Successful.
query: 54
Construct Successful.
query: 55
Construct Successful.
query: 56
Construct Successful.
query: 57
Construct Successful.
query: 58
Construct Successful.
query: 59
Construct Successful.
query: 60
Construct Successful.
query: 61
Construct Successful.
query: 62
Construct Successful.
query: 63
Construct Successful.
query: 64
Construct Successful.
query: 65
Construct Successful.
query: 66
Construct Successful.
query: 67
Construct Successful.
query: 68
Construct Successful.
query: 69
Construct Successful.
query: 70
Construct Successful.
query: 71
Construct Successful.
query: 72
Construct Successful.
query: 73
Construct Successful.
query: 74
Construct Successful.
query: 75
Construct Successful.
query: 76
Construct Successful.
query: 77
Construct Successful.
query: 78
Construct Successful.
query: 79
Construct Successful.
query: 80
Construct Successful.
rel: 1 k: 5 rho: 1.12933 maxRV: 0, 1, 2, 3, 4, 
rel: 1 k: 4 rho: 1.5875 maxRV: 0, 1, 2, 3, 4, 9, 
rel: 1 k: 3 rho: 2.04853 maxRV: 0, 1, 2, 3, 4, 9, 12, 
rel: 1 k: 3 rho: 2.04853 maxRV: 2812, 2821, 2874, 2896, 6907, 7108, 10619, 
rel: 1 k: 4 rho: 1.5875 maxRV: 2812, 2821, 2874, 2896, 6907, 7108, 
rel: 1 k: 5 rho: 1.12933 maxRV: 2812, 2821, 2874, 2896, 6907, 
rel: 1 k: 3 rho: 2.04853 maxRV: 2812, 2821, 2874, 2896, 6907, 7108, 10619, 
rel: 1 k: 4 rho: 1.5875 maxRV: 2812, 2821, 2874, 2896, 6907, 7108, 
rel: 1 k: 5 rho: 1.12933 maxRV: 2812, 2821, 2874, 2896, 6907, 
query: 81
Construct Successful.
query: 82
Construct Successful.
query: 83
Construct Successful.
query: 84
Construct Successful.
query: 85
Construct Successful.
query: 86
Construct Successful.
query: 87
Construct Successful.
query: 88
Construct Successful.
query: 89
Construct Successful.
query: 90
Construct Successful.
rel: 1 k: 19 rho: 6.77742 maxRV: 0, 1, 2, 3, 4, 5, 6, 7, 8, 9, 10, 11, 12, 13, 14, 15, 16, 17, 18, 19, 
rel: 1 k: 18 rho: 7.99556 maxRV: 0, 1, 2, 3, 4, 5, 6, 7, 8, 9, 10, 11, 12, 13, 14, 15, 16, 17, 18, 20, 21, 
rel: 1 k: 17 rho: 9.61705 maxRV: 0, 1, 2, 3, 4, 5, 6, 7, 8, 9, 10, 11, 12, 13, 14, 15, 16, 17, 18, 19, 20, 21, 22, 23, 24, 25, 
rel: 1 k: 16 rho: 9.92173 maxRV: 0, 1, 2, 3, 4, 5, 6, 7, 8, 9, 10, 11, 12, 13, 14, 15, 16, 17, 18, 20, 21, 22, 23, 24, 25, 
rel: 1 k: 15 rho: 10.397 maxRV: 0, 1, 2, 3, 4, 5, 6, 7, 8, 9, 10, 11, 13, 14, 15, 16, 17, 18, 19, 20, 21, 22, 23, 24, 25, 30, 
rel: 1 k: 14 rho: 15.6985 maxRV: 0, 1, 2, 3, 4, 5, 6, 7, 8, 9, 10, 11, 12, 13, 14, 15, 16, 17, 18, 19, 20, 21, 22, 23, 24, 25, 30, 32, 34, 35, 36, 37, 38, 39, 40, 41, 42, 43, 44, 45, 46, 47, 48, 49, 
rel: 1 k: 13 rho: 18.4763 maxRV: 0, 1, 2, 3, 4, 5, 6, 7, 8, 9, 10, 11, 13, 14, 15, 16, 17, 18, 19, 20, 21, 22, 23, 24, 25, 30, 32, 33, 34, 35, 36, 37, 38, 39, 40, 41, 42, 43, 44, 45, 46, 47, 48, 49, 50, 53, 54, 55, 57, 58, 
rel: 1 k: 12 rho: 19.8735 maxRV: 0, 1, 2, 3, 4, 5, 6, 7, 8, 9, 10, 11, 13, 14, 15, 16, 17, 18, 19, 20, 21, 22, 23, 24, 25, 30, 32, 33, 34, 35, 36, 37, 38, 39, 40, 41, 42, 43, 44, 45, 46, 47, 48, 49, 50, 53, 54, 55, 57, 58, 59, 61, 62, 
rel: 1 k: 11 rho: 22.1114 maxRV: 0, 1, 2, 3, 4, 5, 6, 7, 8, 9, 10, 11, 12, 13, 14, 15, 16, 17, 18, 19, 20, 21, 22, 23, 24, 25, 29, 30, 32, 33, 34, 35, 36, 37, 38, 39, 40, 41, 42, 43, 44, 45, 46, 48, 49, 50, 53, 54, 55, 57, 58, 59, 61, 62, 86, 87, 88, 89, 90, 91, 
rel: 1 k: 10 rho: 24.6973 maxRV: 0, 1, 2, 3, 4, 5, 6, 7, 8, 9, 10, 11, 12, 13, 14, 15, 16, 17, 18, 19, 20, 21, 22, 23, 24, 25, 26, 30, 32, 33, 34, 35, 36, 37, 38, 39, 40, 41, 42, 43, 44, 45, 46, 47, 48, 49, 50, 53, 54, 55, 57, 58, 59, 61, 62, 86, 87, 88, 89, 90, 91, 98, 99, 100, 101, 102, 103, 
rel: 1 k: 9 rho: 27.0538 maxRV: 0, 1, 2, 3, 4, 5, 6, 7, 8, 9, 10, 11, 12, 13, 14, 15, 16, 17, 18, 19, 20, 21, 22, 23, 24, 25, 30, 32, 33, 34, 35, 36, 37, 38, 39, 40, 41, 42, 43, 44, 45, 46, 47, 48, 49, 50, 53, 54, 55, 56, 57, 58, 59, 61, 62, 86, 87, 88, 89, 90, 91, 98, 99, 100, 101, 102, 103, 123, 124, 125, 126, 127, 
rel: 1 k: 8 rho: 28.6493 maxRV: 0, 1, 2, 3, 5, 6, 7, 8, 9, 10, 11, 12, 13, 14, 15, 16, 17, 18, 19, 20, 21, 22, 23, 24, 25, 30, 32, 33, 34, 35, 36, 37, 38, 39, 40, 41, 42, 43, 44, 45, 46, 47, 48, 49, 50, 53, 54, 55, 57, 58, 59, 61, 62, 86, 87, 88, 89, 90, 91, 98, 99, 100, 101, 102, 103, 123, 124, 125, 126, 127, 150, 151, 
rel: 1 k: 6 rho: 41.162 maxRV: 0, 1, 2, 3, 5, 6, 7, 8, 9, 10, 11, 12, 13, 14, 15, 16, 17, 18, 19, 20, 21, 22, 23, 24, 25, 30, 32, 33, 34, 35, 36, 37, 38, 39, 40, 41, 42, 43, 44, 45, 46, 47, 48, 49, 50, 53, 54, 55, 56, 57, 58, 59, 61, 62, 63, 64, 65, 66, 67, 68, 69, 70, 71, 72, 73, 74, 75, 76, 77, 78, 79, 80, 81, 82, 83, 84, 85, 86, 87, 88, 89, 90, 91, 92, 93, 94, 95, 96, 97, 98, 99, 100, 101, 102, 103, 105, 106, 107, 108, 109, 110, 111, 113, 117, 118, 119, 120, 121, 123, 124, 125, 126, 127, 129, 130, 131, 141, 142, 143, 144, 145, 146, 148, 149, 150, 151, 152, 162, 163, 164, 165, 166, 171, 172, 175, 177, 179, 180, 181, 182, 184, 185, 186, 187, 192, 193, 194, 195, 196, 197, 198, 199, 200, 201, 202, 203, 204, 205, 206, 207, 208, 209, 210, 211, 265, 266, 267, 268, 269, 270, 272, 273, 274, 276, 277, 278, 279, 280, 281, 282, 283, 285, 286, 287, 288, 289, 296, 297, 298, 299, 301, 302, 303, 305, 306, 307, 308, 309, 310, 311, 318, 319, 320, 338, 339, 340, 341, 342, 343, 344, 345, 347, 348, 349, 351, 359, 360, 361, 362, 363, 364, 365, 
rel: 1 k: 5 rho: 71.429 maxRV: 0, 16, 19, 32, 33, 34, 36, 37, 39, 40, 42, 44, 45, 46, 47, 48, 56, 57, 63, 64, 65, 66, 67, 68, 69, 70, 71, 72, 73, 74, 75, 76, 77, 78, 79, 80, 81, 82, 83, 84, 85, 88, 92, 93, 94, 95, 96, 97, 105, 106, 107, 108, 109, 110, 112, 115, 117, 118, 119, 120, 121, 130, 131, 141, 142, 143, 144, 145, 148, 149, 152, 162, 163, 164, 165, 166, 171, 172, 173, 175, 176, 177, 179, 185, 187, 192, 193, 194, 195, 196, 197, 198, 199, 200, 201, 202, 203, 204, 205, 206, 207, 208, 209, 210, 211, 212, 213, 214, 215, 216, 217, 218, 262, 263, 264, 265, 266, 267, 268, 269, 270, 272, 273, 274, 276, 277, 279, 280, 281, 282, 283, 285, 286, 287, 288, 289, 299, 305, 306, 307, 308, 309, 310, 318, 319, 320, 338, 339, 340, 341, 342, 343, 344, 345, 347, 348, 349, 351, 359, 360, 361, 362, 363, 364, 365, 382, 388, 479, 480, 481, 482, 488, 490, 491, 494, 495, 496, 498, 499, 500, 501, 502, 503, 504, 505, 506, 507, 508, 517, 518, 519, 520, 521, 530, 537, 545, 546, 552, 553, 554, 555, 556, 557, 558, 575, 576, 577, 578, 579, 580, 582, 583, 584, 585, 586, 587, 588, 594, 595, 596, 598, 599, 600, 601, 608, 609, 610, 611, 612, 613, 614, 615, 616, 617, 618, 624, 627, 628, 630, 631, 632, 633, 634, 635, 637, 639, 640, 641, 642, 645, 646, 647, 648, 649, 650, 651, 652, 653, 654, 655, 656, 657, 675, 676, 677, 678, 
rel: 1 k: 4 rho: 198.449 maxRV: 3, 14, 19, 36, 40, 43, 44, 46, 47, 48, 56, 59, 63, 64, 65, 66, 67, 68, 69, 70, 71, 72, 73, 74, 75, 76, 77, 78, 79, 80, 81, 82, 83, 84, 85, 90, 92, 93, 94, 95, 96, 97, 100, 105, 106, 107, 108, 109, 112, 115, 117, 118, 119, 120, 121, 126, 130, 131, 141, 142, 143, 144, 145, 146, 148, 149, 152, 162, 163, 164, 165, 166, 170, 172, 174, 175, 177, 187, 188, 192, 193, 194, 195, 196, 197, 198, 199, 200, 201, 202, 203, 204, 205, 206, 207, 208, 209, 210, 211, 212, 213, 214, 215, 216, 217, 218, 223, 224, 225, 234, 237, 238, 252, 255, 262, 263, 264, 265, 266, 267, 268, 269, 270, 272, 273, 274, 280, 281, 282, 283, 285, 286, 287, 288, 289, 299, 305, 306, 307, 308, 309, 310, 318, 319, 320, 322, 326, 328, 329, 331, 334, 338, 339, 340, 341, 342, 343, 344, 345, 347, 348, 349, 351, 359, 360, 361, 362, 363, 364, 365, 366, 367, 368, 369, 370, 371, 381, 382, 383, 384, 385, 386, 387, 388, 395, 396, 397, 398, 399, 404, 406, 407, 408, 412, 427, 429, 430, 433, 434, 435, 436, 438, 439, 440, 441, 442, 443, 444, 448, 450, 451, 452, 453, 455, 456, 457, 458, 459, 460, 461, 462, 463, 464, 465, 466, 467, 468, 479, 480, 481, 482, 488, 490, 491, 496, 498, 501, 504, 505, 506, 507, 508, 519, 520, 521, 530, 537, 538, 539, 540, 541, 542, 543, 544, 545, 546, 552, 553, 554, 555, 556, 557, 558, 559, 560, 561, 562, 563, 564, 571, 572, 573, 574, 575, 576, 577, 578, 579, 580, 582, 583, 584, 585, 586, 587, 588, 594, 595, 596, 598, 599, 600, 601, 602, 603, 604, 605, 606, 607, 608, 609, 610, 611, 612, 613, 614, 615, 616, 617, 618, 621, 622, 624, 627, 628, 630, 631, 632, 633, 634, 635, 637, 639, 640, 641, 642, 643, 644, 645, 646, 647, 648, 649, 650, 651, 653, 654, 655, 656, 657, 663, 664, 665, 666, 667, 668, 675, 676, 677, 678, 706, 707, 708, 737, 738, 739, 740, 741, 742, 743, 744, 745, 746, 747, 748, 757, 758, 759, 760, 761, 762, 763, 764, 765, 770, 771, 776, 777, 778, 779, 792, 799, 801, 802, 803, 804, 805, 806, 809, 810, 819, 820, 821, 822, 830, 831, 832, 833, 841, 842, 843, 844, 845, 846, 847, 848, 853, 856, 857, 858, 859, 860, 865, 867, 868, 869, 870, 885, 886, 887, 889, 901, 902, 904, 906, 907, 908, 915, 916, 922, 923, 924, 925, 926, 927, 928, 936, 937, 941, 942, 943, 944, 946, 947, 948, 950, 951, 952, 953, 957, 962, 963, 964, 965, 966, 967, 968, 969, 970, 971, 972, 973, 974, 975, 982, 984, 985, 986, 987, 988, 989, 990, 996, 998, 1000, 1001, 1002, 1003, 1004, 1005, 1006, 1014, 1015, 1016, 1017, 1018, 1019, 1020, 1021, 1022, 1023, 1024, 1025, 1026, 1027, 1029, 1033, 1034, 1035, 1036, 1037, 1038, 1039, 1040, 1041, 1042, 1043, 1052, 1053, 1054, 1071, 1072, 1073, 1074, 1075, 1079, 1080, 1081, 1082, 1083, 1084, 1094, 1095, 1096, 1097, 1098, 1099, 1100, 1101, 1102, 1103, 1104, 1105, 1106, 1107, 1108, 1109, 1111, 1112, 1115, 1117, 1118, 1119, 1120, 1121, 1122, 1123, 1125, 1127, 1128, 1129, 1132, 1133, 1134, 1135, 1136, 1137, 1138, 1139, 1140, 1141, 1142, 1146, 1150, 1151, 1152, 1153, 1154, 1156, 1157, 1158, 1159, 1160, 1165, 1166, 1167, 1168, 1169, 1170, 1171, 1173, 1174, 1177, 1178, 1179, 1180, 1181, 1182, 1183, 1184, 1185, 1186, 1187, 1188, 1189, 1190, 1191, 1192, 1193, 1194, 1195, 1196, 1197, 1198, 1199, 1201, 1202, 1203, 1204, 1205, 1210, 1211, 1212, 1214, 1215, 1216, 1217, 1218, 1219, 1220, 1221, 1222, 1223, 1224, 1225, 1226, 1227, 1232, 1233, 1234, 1235, 1236, 1237, 1242, 1243, 1244, 1245, 1264, 1265, 1266, 1267, 1268, 1269, 1270, 1277, 1285, 1300, 1301, 1306, 1307, 1309, 1310, 1311, 1312, 1313, 1314, 1315, 1316, 1317, 1318, 1319, 
rel: 1 k: 3 rho: 629.283 maxRV: 2, 19, 26, 33, 36, 37, 41, 42, 44, 45, 46, 47, 49, 57, 63, 64, 65, 66, 67, 68, 69, 70, 71, 72, 73, 74, 75, 76, 77, 78, 79, 80, 81, 82, 83, 84, 85, 90, 92, 93, 94, 95, 96, 97, 103, 105, 106, 107, 108, 109, 112, 113, 115, 118, 119, 120, 121, 122, 126, 129, 130, 131, 141, 142, 143, 144, 145, 146, 148, 149, 152, 153, 155, 157, 158, 159, 161, 162, 163, 164, 165, 166, 170, 171, 172, 175, 177, 179, 187, 188, 192, 193, 194, 195, 196, 197, 198, 199, 200, 201, 202, 203, 204, 205, 206, 207, 208, 209, 210, 211, 212, 213, 214, 215, 216, 217, 218, 223, 224, 226, 227, 228, 229, 230, 231, 232, 234, 237, 238, 247, 249, 255, 262, 263, 264, 265, 266, 267, 268, 269, 270, 271, 272, 273, 274, 279, 280, 281, 282, 283, 285, 286, 287, 288, 289, 299, 302, 305, 306, 307, 308, 309, 310, 311, 312, 313, 314, 315, 316, 317, 318, 319, 320, 322, 324, 325, 326, 331, 338, 339, 340, 341, 342, 343, 344, 345, 347, 348, 349, 351, 353, 354, 356, 359, 360, 361, 362, 363, 364, 365, 366, 367, 368, 369, 370, 371, 372, 373, 374, 375, 376, 377, 378, 379, 381, 382, 383, 384, 385, 386, 387, 388, 389, 390, 391, 392, 393, 394, 395, 396, 397, 398, 399, 402, 403, 404, 406, 408, 410, 412, 413, 414, 415, 416, 417, 418, 419, 420, 422, 423, 425, 430, 433, 434, 435, 436, 437, 438, 439, 440, 441, 442, 443, 444, 448, 450, 451, 453, 455, 456, 457, 458, 459, 460, 461, 462, 463, 464, 465, 466, 467, 468, 469, 473, 477, 479, 480, 481, 482, 486, 488, 490, 491, 496, 498, 501, 504, 505, 506, 507, 508, 512, 521, 523, 530, 535, 537, 538, 539, 540, 541, 542, 543, 544, 545, 546, 547, 548, 549, 550, 551, 552, 553, 554, 555, 556, 557, 558, 559, 560, 561, 562, 563, 571, 572, 573, 574, 575, 576, 577, 578, 579, 580, 581, 582, 583, 584, 585, 586, 587, 588, 589, 590, 591, 592, 593, 594, 595, 596, 598, 599, 600, 601, 602, 603, 604, 605, 606, 607, 608, 609, 610, 611, 612, 613, 614, 615, 616, 617, 618, 621, 622, 624, 627, 628, 630, 631, 632, 633, 634, 635, 637, 639, 640, 641, 642, 643, 644, 645, 646, 647, 648, 649, 650, 651, 652, 653, 654, 655, 656, 657, 658, 661, 662, 663, 664, 665, 666, 667, 668, 669, 670, 671, 673, 674, 675, 676, 677, 678, 689, 691, 692, 693, 699, 700, 701, 705, 706, 708, 717, 718, 719, 720, 721, 722, 733, 734, 735, 736, 737, 738, 739, 740, 741, 742, 743, 744, 745, 746, 747, 748, 749, 752, 753, 754, 755, 756, 757, 758, 759, 760, 761, 762, 763, 764, 765, 766, 767, 768, 769, 770, 771, 772, 773, 774, 775, 776, 777, 778, 779, 790, 795, 798, 801, 802, 803, 804, 805, 806, 807, 808, 809, 810, 815, 816, 817, 818, 819, 820, 821, 822, 823, 824, 825, 826, 827, 828, 830, 831, 832, 833, 834, 838, 839, 841, 842, 843, 844, 845, 846, 847, 848, 849, 851, 852, 853, 857, 858, 859, 860, 867, 868, 871, 872, 873, 875, 885, 886, 887, 889, 902, 904, 906, 907, 908, 915, 916, 920, 922, 923, 924, 925, 926, 927, 928, 941, 942, 943, 944, 945, 946, 947, 948, 949, 950, 951, 952, 953, 955, 956, 957, 962, 963, 964, 965, 966, 967, 968, 969, 970, 971, 972, 973, 974, 975, 976, 977, 978, 979, 980, 981, 982, 983, 984, 985, 986, 987, 988, 989, 990, 996, 998, 1000, 1001, 1002, 1004, 1005, 1006, 1007, 1008, 1009, 1010, 1013, 1014, 1015, 1016, 1017, 1018, 1019, 1020, 1021, 1022, 1023, 1024, 1025, 1026, 1027, 1029, 1033, 1034, 1035, 1036, 1037, 1038, 1039, 1040, 1041, 1042, 1043, 1044, 1048, 1049, 1050, 1051, 1052, 1053, 1054, 1055, 1056, 1057, 1058, 1059, 1060, 1061, 1062, 1063, 1064, 1065, 1066, 1067, 1068, 1069, 1071, 1072, 1073, 1074, 1075, 1076, 1077, 1078, 1079, 1080, 1081, 1082, 1083, 1084, 1085, 1086, 1087, 1088, 1089, 1090, 1091, 1092, 1093, 1094, 1095, 1097, 1098, 1099, 1100, 1101, 1102, 1103, 1104, 1105, 1106, 1107, 1108, 1109, 1118, 1119, 1120, 1121, 1122, 1123, 1125, 1127, 1128, 1129, 1132, 1133, 1134, 1135, 1136, 1137, 1138, 1139, 1140, 1141, 1142, 1146, 1147, 1150, 1151, 1152, 1153, 1154, 1156, 1157, 1158, 1159, 1160, 1161, 1162, 1163, 1164, 1165, 1166, 1167, 1168, 1169, 1170, 1171, 1172, 1173, 1174, 1175, 1177, 1178, 1179, 1180, 1181, 1182, 1183, 1184, 1185, 1186, 1187, 1188, 1189, 1190, 1191, 1192, 1193, 1194, 1195, 1196, 1197, 1198, 1199, 1201, 1202, 1203, 1204, 1205, 1206, 1207, 1208, 1209, 1210, 1211, 1212, 1213, 1214, 1215, 1216, 1217, 1218, 1219, 1220, 1221, 1222, 1223, 1224, 1225, 1226, 1227, 1228, 1229, 1230, 1232, 1233, 1234, 1235, 1236, 1237, 1238, 1239, 1240, 1241, 1242, 1243, 1244, 1245, 1246, 1250, 1255, 1256, 1257, 1259, 1261, 1264, 1265, 1266, 1267, 1268, 1269, 1270, 1276, 1277, 1285, 1286, 1287, 1288, 1290, 1291, 1292, 1293, 1294, 1295, 1300, 1301, 1302, 1303, 1304, 1307, 1309, 1312, 1313, 1314, 1315, 1316, 1317, 1318, 1319, 1321, 1322, 1323, 1358, 1359, 1360, 1361, 1370, 1381, 1382, 1389, 1390, 1391, 1392, 1393, 1394, 1395, 1396, 1403, 1404, 1405, 1406, 1407, 1419, 1429, 1430, 1432, 1435, 1436, 1459, 1460, 1461, 1462, 1463, 1464, 1465, 1466, 1467, 1468, 1470, 1473, 1474, 1475, 1476, 1492, 1494, 1495, 1522, 1523, 1524, 1525, 1526, 1529, 1530, 1531, 1532, 1533, 1534, 1535, 1536, 1543, 1545, 1546, 1552, 1554, 1555, 1556, 1562, 1571, 1572, 1573, 1574, 1575, 1576, 1577, 1578, 1579, 1580, 1581, 1582, 1583, 1584, 1585, 1586, 1587, 1588, 1589, 1590, 1591, 1598, 1599, 1600, 1601, 1603, 1604, 1608, 1609, 1610, 1611, 1612, 1613, 1614, 1621, 1622, 1623, 1624, 1625, 1626, 1627, 1628, 1629, 1633, 1634, 1635, 1636, 1637, 1638, 1639, 1640, 1641, 1642, 1647, 1648, 1649, 1650, 1651, 1652, 1653, 1654, 1655, 1656, 1657, 1658, 1659, 1660, 1661, 1662, 1663, 1665, 1666, 1667, 1668, 1673, 1675, 1676, 1677, 1678, 1679, 1683, 1684, 1686, 1687, 1697, 1699, 1706, 1709, 1710, 1711, 1713, 1718, 1719, 1726, 1727, 1728, 1729, 1730, 1731, 1732, 1735, 1736, 1737, 1738, 1740, 1741, 1742, 1743, 1750, 1751, 1756, 1757, 1758, 1759, 1760, 1761, 1762, 1763, 1764, 1765, 1766, 1767, 1768, 1769, 1770, 1771, 1772, 1774, 1781, 1782, 1783, 1784, 1785, 1786, 1787, 1788, 1789, 1790, 1791, 1792, 1793, 1794, 1796, 1799, 1800, 1801, 1803, 1804, 1805, 1809, 1811, 1812, 1813, 1814, 1815, 1816, 1817, 1818, 1824, 1825, 1826, 1827, 1828, 1829, 1830, 1831, 1832, 1833, 1834, 1835, 1836, 1837, 1838, 1839, 1840, 1841, 1842, 1843, 1844, 1849, 1852, 1855, 1856, 1860, 1861, 1863, 1864, 1865, 1866, 1867, 1868, 1869, 1870, 1871, 1872, 1873, 1874, 1876, 1877, 1879, 1880, 1881, 1882, 1883, 1884, 1885, 1887, 1889, 1890, 1891, 1892, 1894, 1897, 1899, 1902, 1903, 1907, 1909, 1913, 1914, 1915, 1916, 1926, 1927, 1928, 1932, 1933, 1934, 1935, 1936, 1937, 1938, 1940, 1941, 1942, 1944, 1945, 1946, 1947, 1948, 1951, 1952, 1953, 1955, 1960, 1963, 1964, 1965, 1966, 1967, 1968, 1971, 1972, 1973, 1974, 1975, 1976, 1978, 1979, 1980, 1981, 1982, 1983, 1984, 2006, 2007, 2008, 2009, 2010, 2011, 2012, 2013, 2014, 2015, 2016, 2017, 2018, 2019, 2020, 2025, 2026, 2027, 2034, 2035, 2036, 2037, 2038, 2039, 2040, 2041, 2042, 2043, 2044, 2045, 2046, 2048, 2049, 2050, 2051, 2054, 2055, 2061, 2062, 2069, 2083, 2085, 2086, 2087, 2088, 2089, 2090, 2091, 2093, 2094, 2095, 2096, 2097, 2099, 2100, 2101, 2102, 2103, 2105, 2106, 2107, 2108, 2109, 2110, 2111, 2112, 2113, 2114, 2115, 2116, 2117, 2118, 2119, 2120, 2123, 2124, 2127, 2128, 2138, 2139, 2146, 2147, 2148, 2149, 2151, 2154, 2159, 2160, 2161, 2162, 2164, 2165, 2169, 2170, 2171, 2172, 2173, 2177, 2178, 2179, 2180, 2185, 2186, 2187, 2188, 2189, 2190, 2191, 2192, 2193, 2194, 2195, 2196, 2197, 2198, 2199, 2200, 2201, 2202, 2203, 2204, 2205, 2206, 2207, 2208, 2209, 2210, 2211, 2212, 2213, 2214, 2215, 2216, 2217, 2218, 2219, 2220, 2221, 2224, 2226, 2227, 2228, 2229, 2230, 2231, 2232, 2233, 2234, 2235, 2236, 2237, 2240, 2241, 2242, 2243, 2244, 2245, 2246, 2248, 2249, 2250, 2251, 2252, 2253, 2254, 2255, 2256, 2257, 2258, 2259, 2260, 2261, 2263, 2264, 2265, 2266, 2267, 2268, 2269, 2270, 2271, 2272, 2273, 2274, 2275, 2276, 2277, 2278, 2280, 2281, 2282, 2283, 2284, 2285, 2286, 2287, 2288, 2289, 2290, 2291, 2292, 2293, 2294, 2295, 2296, 2297, 2298, 2299, 2300, 2301, 2302, 2303, 2304, 2306, 2307, 2308, 2309, 2310, 2311, 2319, 2321, 2322, 2323, 2324, 2325, 2326, 2327, 2328, 2329, 2330, 2332, 2342, 2343, 2344, 2345, 2346, 2347, 2348, 2349, 2350, 2351, 2352, 2357, 2358, 2359, 2360, 2361, 2362, 2363, 2364, 2365, 2366, 2367, 2368, 2369, 2370, 2371, 2372, 2373, 2374, 2375, 2376, 2377, 2378, 2381, 2382, 2383, 2384, 2385, 2386, 2387, 2389, 2397, 2398, 2399, 2400, 2401, 2402, 2403, 2404, 2405, 2406, 2407, 2408, 2409, 2410, 2411, 2412, 2413, 2417, 2418, 2419, 2421, 2423, 2424, 2425, 2426, 2427, 2428, 2429, 2430, 2432, 2433, 2434, 2435, 2436, 2437, 2438, 2439, 2440, 2441, 2444, 2445, 2446, 2447, 2448, 2449, 2450, 2451, 2452, 2454, 2455, 2456, 2457, 2458, 2460, 2461, 2462, 2463, 2464, 2465, 2471, 2472, 2473, 2474, 2477, 2485, 2486, 2487, 2488, 2489, 2490, 2491, 2492, 2493, 2495, 2496, 2497, 2498, 2499, 2500, 2501, 2502, 2514, 2515, 2516, 2517, 2518, 2519, 2521, 2522, 2523, 2524, 2525, 2526, 2527, 2528, 2529, 2530, 2531, 2532, 2533, 2534, 2535, 2536, 2537, 2538, 2539, 2540, 2541, 2542, 2544, 2545, 2547, 2548, 2549, 2551, 2553, 2555, 2556, 2557, 2558, 2559, 2560, 2561, 2562, 2564, 2565, 2566, 2568, 2570, 2573, 2574, 2575, 2576, 2577, 2578, 2579, 2580, 2581, 2584, 2585, 2586, 2587, 2592, 2594, 2598, 2600, 2601, 2602, 2603, 2604, 2605, 2606, 2607, 2608, 2610, 2611, 2612, 2613, 2614, 2615, 2618, 2619, 2621, 2622, 2623, 2626, 2629, 2630, 2631, 2632, 2633, 2634, 2635, 2636, 2637, 2638, 2639, 2640, 2641, 2643, 2644, 2645, 2646, 2647, 2648, 2649, 2651, 2652, 2653, 2654, 2655, 2656, 2657, 2658, 2659, 2660, 2661, 2662, 2663, 2664, 2665, 2666, 2667, 2668, 2669, 2670, 2671, 2672, 2673, 2674, 2675, 2676, 2677, 2678, 2679, 2680, 2681, 2683, 2685, 2686, 2687, 2688, 2689, 2690, 2691, 2692, 2693, 2694, 2695, 2702, 2703, 2704, 2705, 2706, 2707, 2708, 2709, 2711, 2712, 2713, 2714, 2717, 2718, 2719, 2721, 2722, 2723, 2725, 2726, 2727, 2728, 2730, 2731, 2732, 2733, 2734, 2735, 2736, 2737, 2738, 2739, 2740, 2741, 2742, 2743, 2744, 2746, 2747, 2748, 2749, 2750, 2751, 2752, 2754, 2755, 2756, 2757, 2758, 2759, 2760, 2763, 2764, 2765, 2766, 2767, 2768, 2769, 2770, 2771, 2772, 2773, 2775, 2776, 2777, 2778, 2779, 2780, 2781, 2782, 2783, 2784, 2785, 2786, 2787, 2788, 2789, 2790, 2791, 2792, 2793, 2794, 2795, 2796, 2797, 2798, 2799, 2800, 2801, 2802, 2803, 2804, 2805, 2807, 2808, 2810, 2811, 2812, 2813, 2814, 2815, 2816, 2817, 2818, 2819, 2820, 2821, 2823, 2828, 2829, 2830, 2831, 2832, 2833, 2834, 2835, 2836, 2838, 2839, 2840, 2841, 2842, 2843, 2844, 2845, 2846, 2847, 2848, 2849, 2850, 2851, 2852, 2853, 2854, 2855, 2856, 2857, 2859, 2860, 2861, 2862, 2863, 2864, 2865, 2866, 2867, 2868, 2869, 2870, 2871, 2872, 2873, 2875, 2876, 2877, 2878, 2879, 2880, 2881, 2882, 2883, 2884, 2885, 2886, 2887, 2888, 2889, 2891, 2892, 2893, 2894, 2895, 2897, 2898, 2899, 2900, 2901, 2902, 2903, 2904, 2905, 2906, 2907, 2908, 2909, 2910, 2911, 2912, 2914, 2915, 2916, 2917, 2921, 2922, 2923, 2924, 2925, 2926, 2927, 2929, 2930, 2931, 2932, 2933, 2934, 2935, 2936, 2937, 2938, 2939, 2940, 2941, 2942, 2943, 2944, 2945, 2946, 2947, 2948, 2949, 2950, 2951, 2952, 2953, 2954, 2955, 2956, 2957, 2958, 2959, 2960, 2961, 2962, 2963, 2964, 2965, 2967, 2968, 2969, 2970, 2971, 2972, 2973, 2974, 2975, 2976, 2977, 2978, 2979, 2980, 2981, 2982, 2983, 2984, 2985, 2986, 2987, 2988, 2989, 2991, 2992, 2993, 2997, 2998, 2999, 3000, 3001, 3002, 3003, 3004, 3005, 3006, 3007, 3009, 3010, 3011, 3012, 3013, 3015, 3016, 3017, 3018, 3021, 3022, 3023, 3025, 3030, 3031, 3032, 3033, 3037, 3038, 3039, 3040, 3041, 3043, 3044, 3045, 3052, 3053, 3057, 3058, 3059, 3060, 3061, 3068, 3070, 3075, 3076, 3077, 3078, 3079, 3080, 3081, 3082, 3083, 3084, 3085, 3086, 3087, 3088, 3089, 3090, 3093, 3094, 3095, 3096, 3111, 3112, 3113, 3114, 3115, 3116, 3117, 3121, 3122, 3125, 3126, 3129, 3130, 3131, 3132, 3134, 3135, 3136, 3137, 3138, 3139, 3140, 3141, 3142, 3143, 3144, 3153, 3154, 3158, 3159, 3160, 3161, 3164, 3165, 3166, 3167, 3169, 3173, 3174, 3175, 3176, 3177, 3179, 3180, 3181, 3185, 3187, 3189, 3190, 3191, 3193, 3194, 3195, 3196, 3198, 3199, 3200, 3201, 3202, 3203, 3209, 3210, 3211, 3212, 3213, 3214, 3216, 3217, 3221, 3222, 3228, 3229, 3230, 3233, 3234, 3235, 3236, 3237, 3238, 3239, 3247, 3248, 3249, 3250, 3251, 3252, 3253, 3254, 3255, 3256, 3257, 3258, 3259, 3260, 3261, 3262, 3263, 3264, 3268, 3269, 3273, 3274, 3275, 3276, 3284, 3285, 3286, 3287, 3288, 3289, 3290, 3291, 3292, 3293, 3294, 3295, 3297, 3298, 3299, 3300, 3301, 3302, 3303, 3307, 3308, 3309, 3313, 3314, 3317, 3318, 3319, 3326, 3330, 3331, 3332, 3336, 3337, 3338, 3342, 3343, 3344, 3345, 3346, 3347, 3348, 3349, 3351, 3352, 3359, 3360, 3364, 3368, 3369, 3370, 3371, 3377, 3378, 3379, 3383, 3384, 3385, 3386, 3387, 3388, 3396, 3397, 
rel: 1 k: 3 rho: 629.617 maxRV: 2, 3, 7, 9, 13, 15, 18, 20, 23, 29, 30, 34, 36, 43, 44, 46, 47, 50, 61, 64, 70, 75, 80, 84, 88, 91, 92, 95, 97, 101, 104, 105, 120, 135, 136, 137, 139, 142, 143, 146, 147, 153, 155, 157, 159, 162, 170, 174, 175, 176, 181, 189, 190, 191, 192, 195, 199, 200, 207, 209, 210, 211, 212, 218, 225, 229, 231, 246, 252, 253, 259, 260, 262, 263, 278, 280, 281, 283, 298, 300, 304, 306, 307, 309, 315, 317, 320, 321, 324, 325, 343, 344, 347, 348, 349, 353, 354, 368, 378, 381, 383, 384, 387, 407, 413, 415, 424, 427, 431, 436, 437, 445, 449, 455, 457, 470, 492, 502, 511, 512, 518, 527, 529, 558, 568, 576, 577, 590, 593, 597, 598, 599, 608, 609, 626, 639, 642, 647, 648, 650, 652, 661, 666, 674, 679, 682, 684, 686, 696, 707, 711, 712, 714, 718, 719, 721, 722, 725, 735, 740, 767, 791, 792, 836, 853, 854, 875, 878, 879, 881, 883, 893, 894, 908, 912, 921, 924, 950, 962, 965, 966, 967, 969, 970, 971, 974, 976, 978, 990, 992, 994, 997, 1003, 1006, 1009, 1020, 1027, 1032, 1035, 1036, 1037, 1038, 1039, 1042, 1047, 1050, 1051, 1052, 1055, 1061, 1079, 1082, 1093, 1109, 1122, 1123, 1124, 1126, 1133, 1142, 1150, 1156, 1158, 1162, 1163, 1164, 1168, 1170, 1177, 1179, 1192, 1210, 1213, 1220, 1228, 1230, 1236, 1239, 1240, 1241, 1243, 1255, 1256, 1258, 1260, 1263, 1265, 1267, 1270, 1271, 1280, 1302, 1304, 1307, 1308, 1309, 1310, 1313, 1314, 1315, 1320, 1324, 1335, 1350, 1351, 1356, 1358, 1359, 1361, 1393, 1412, 1414, 1416, 1417, 1419, 1430, 1435, 1436, 1445, 1452, 1458, 1459, 1489, 1491, 1502, 1504, 1505, 1507, 1510, 1512, 1515, 1516, 1521, 1523, 1525, 1528, 1531, 1545, 1554, 1566, 1570, 1583, 1587, 1592, 1604, 1632, 1639, 1659, 1660, 1662, 1665, 1668, 1670, 1673, 1676, 1698, 1710, 1715, 1720, 1725, 1729, 1730, 1748, 1752, 1758, 1759, 1760, 1769, 1772, 1780, 1781, 1785, 1798, 1801, 1803, 1815, 1816, 1817, 1818, 1820, 1845, 1859, 1861, 1862, 1864, 1866, 1867, 1868, 1871, 1872, 1879, 1892, 1898, 1905, 1917, 1947, 1954, 1973, 1986, 1989, 1994, 1996, 2020, 2024, 2025, 2030, 2037, 2039, 2042, 2046, 2057, 2058, 2059, 2066, 2076, 2077, 2081, 2087, 2090, 2093, 2097, 2103, 2106, 2131, 2133, 2136, 2149, 2156, 2157, 2173, 2180, 2187, 2197, 2199, 2201, 2206, 2222, 2231, 2232, 2234, 2235, 2236, 2237, 2238, 2242, 2244, 2247, 2252, 2259, 2261, 2267, 2275, 2282, 2288, 2299, 2305, 2311, 2312, 2313, 2315, 2317, 2318, 2321, 2322, 2324, 2328, 2334, 2338, 2339, 2341, 2356, 2364, 2369, 2377, 2380, 2383, 2385, 2387, 2391, 2394, 2396, 2397, 2406, 2408, 2411, 2421, 2432, 2443, 2455, 2460, 2463, 2467, 2475, 2477, 2478, 2484, 2495, 2497, 2503, 2507, 2510, 2519, 2529, 2531, 2532, 2533, 2535, 2538, 2545, 2548, 2554, 2556, 2557, 2561, 2566, 2580, 2601, 2613, 2617, 2618, 2623, 2626, 2630, 2635, 2639, 2641, 2659, 2660, 2664, 2670, 2680, 2690, 2696, 2700, 2701, 2713, 2720, 2726, 2738, 2740, 2742, 2761, 2778, 2791, 2804, 2810, 2813, 2817, 2821, 2825, 2829, 2835, 2837, 2840, 2841, 2843, 2847, 2849, 2850, 2868, 2871, 2883, 2887, 2888, 2901, 2907, 2920, 2921, 2929, 2933, 2944, 2949, 2953, 2957, 2958, 2977, 2990, 2998, 3004, 3029, 3036, 3045, 3049, 3052, 3060, 3063, 3065, 3075, 3081, 3085, 3093, 3096, 3097, 3108, 3109, 3111, 3112, 3131, 3145, 3148, 3151, 3154, 3180, 3181, 3186, 3198, 3220, 3239, 3247, 3251, 3256, 3259, 3284, 3294, 3307, 3314, 3328, 3337, 3342, 3349, 3350, 3351, 3352, 3357, 3368, 3373, 3379, 3380, 3384, 3389, 3398, 3399, 3405, 3417, 3427, 3430, 3452, 3495, 3511, 3525, 3540, 3566, 3580, 3583, 3596, 3618, 3626, 3631, 3635, 3639, 3645, 3655, 3663, 3680, 3687, 3689, 3692, 3703, 3706, 3721, 3732, 3733, 3742, 3744, 3750, 3753, 3757, 3773, 3781, 3786, 3796, 3806, 3818, 3846, 3861, 3871, 3873, 3880, 3883, 3889, 3905, 3914, 3920, 3924, 3932, 3938, 3941, 3946, 3948, 3949, 3950, 3979, 3985, 3989, 4015, 4028, 4045, 4057, 4065, 4069, 4086, 4096, 4112, 4129, 4140, 4166, 4172, 4181, 4197, 4201, 4203, 4218, 4271, 4283, 4297, 4305, 4313, 4320, 4325, 4332, 4334, 4380, 4381, 4382, 4383, 4392, 4403, 4406, 4417, 4426, 4429, 4433, 4449, 4471, 4474, 4512, 4533, 4568, 4573, 4583, 4611, 4616, 4617, 4618, 4622, 4627, 4629, 4632, 4642, 4653, 4657, 4658, 4659, 4660, 4669, 4673, 4689, 4690, 4696, 4700, 4710, 4711, 4723, 4728, 4729, 4740, 4767, 4784, 4791, 4825, 4826, 4841, 4843, 4845, 4854, 4863, 4867, 4871, 4878, 4881, 4885, 4887, 4890, 4902, 4932, 4973, 4981, 4991, 4993, 5033, 5036, 5039, 5049, 5055, 5056, 5067, 5078, 5085, 5094, 5101, 5104, 5108, 5111, 5132, 5150, 5152, 5161, 5196, 5202, 5210, 5215, 5220, 5252, 5254, 5259, 5285, 5287, 5321, 5325, 5326, 5331, 5339, 5343, 5376, 5380, 5395, 5398, 5415, 5419, 5421, 5422, 5425, 5439, 5443, 5450, 5465, 5486, 5488, 5518, 5532, 5544, 5578, 5579, 5591, 5594, 5595, 5598, 5604, 5627, 5634, 5637, 5643, 5651, 5652, 5653, 5656, 5658, 5663, 5664, 5665, 5676, 5693, 5696, 5705, 5708, 5710, 5719, 5720, 5721, 5729, 5730, 5731, 5733, 5734, 5737, 5740, 5753, 5754, 5756, 5758, 5760, 5768, 5769, 5773, 5774, 5778, 5797, 5801, 5803, 5808, 5819, 5821, 5828, 5842, 5844, 5850, 5852, 5853, 5858, 5859, 5871, 5896, 5920, 5938, 5950, 5968, 5973, 5981, 5982, 5988, 5992, 5993, 5995, 5998, 5999, 6001, 6017, 6018, 6021, 6035, 6046, 6054, 6055, 6097, 6107, 6115, 6118, 6125, 6134, 6142, 6154, 6180, 6187, 6192, 6194, 6198, 6199, 6205, 6214, 6222, 6228, 6229, 6232, 6234, 6240, 6241, 6244, 6249, 6264, 6265, 6269, 6275, 6280, 6300, 6303, 6304, 6310, 6318, 6321, 6325, 6327, 6335, 6336, 6344, 6345, 6346, 6352, 6365, 6368, 6406, 6410, 6417, 6437, 6440, 6442, 6468, 6473, 6487, 6490, 6500, 6523, 6580, 6585, 6586, 6587, 6588, 6591, 6593, 6594, 6598, 6599, 6605, 6618, 6619, 6621, 6625, 6629, 6632, 6639, 6641, 6661, 6662, 6663, 6665, 6685, 6691, 6692, 6694, 6699, 6710, 6729, 6730, 6734, 6737, 6740, 6741, 6743, 6746, 6753, 6774, 6782, 6785, 6804, 6805, 6825, 6828, 6833, 6843, 6845, 6846, 6847, 6848, 6849, 6862, 6863, 6870, 6872, 6873, 6879, 6885, 6886, 6887, 6893, 6918, 6921, 6933, 6951, 6955, 6957, 6961, 6980, 6988, 6991, 7013, 7015, 7026, 7027, 7032, 7039, 7052, 7059, 7071, 7082, 7093, 7113, 7116, 7118, 7122, 7127, 7131, 7174, 7183, 7187, 7189, 7207, 7216, 7220, 7224, 7255, 7257, 7259, 7278, 7281, 7302, 7317, 7319, 7324, 7335, 7345, 7355, 7356, 7374, 7375, 7379, 7383, 7385, 7387, 7396, 7410, 7415, 7419, 7422, 7424, 7425, 7426, 7435, 7445, 7449, 7469, 7477, 7479, 7490, 7518, 7523, 7526, 7528, 7534, 7549, 7555, 7569, 7575, 7603, 7604, 7610, 7618, 7642, 7647, 7656, 7657, 7665, 7683, 7685, 7697, 7699, 7702, 7704, 7710, 7711, 7712, 7715, 7723, 7735, 7751, 7785, 7791, 7797, 7803, 7814, 7818, 7824, 7825, 7836, 7843, 7855, 7865, 7870, 7887, 7888, 7897, 7900, 7924, 7928, 7930, 7932, 7940, 7942, 7945, 7948, 7951, 7960, 7967, 7981, 7984, 7987, 7992, 8016, 8021, 8024, 8027, 8046, 8057, 8060, 8081, 8127, 8139, 8140, 8150, 8179, 8187, 8197, 8198, 8204, 8212, 8216, 8228, 8238, 8258, 8265, 8272, 8279, 8293, 8297, 8298, 8303, 8308, 8315, 8317, 8331, 8360, 8366, 8380, 8385, 8391, 8398, 8408, 8434, 8452, 8467, 8469, 8485, 8487, 8493, 8531, 8544, 8553, 8572, 8602, 8604, 8625, 8653, 8715, 8716, 8754, 8761, 8799, 8800, 8820, 8840, 8874, 8880, 8885, 8896, 8903, 8904, 8907, 8911, 8925, 8926, 8933, 8950, 8951, 8952, 8965, 8972, 8973, 8983, 8989, 8996, 9000, 9001, 9003, 9009, 9018, 9025, 9027, 9028, 9044, 9058, 9065, 9069, 9070, 9073, 9083, 9089, 9101, 9118, 9120, 9121, 9125, 9130, 9142, 9151, 9153, 9159, 9165, 9175, 9184, 9198, 9220, 9240, 9241, 9244, 9253, 9261, 9264, 9265, 9268, 9282, 9284, 9285, 9326, 9332, 9381, 9384, 9389, 9396, 9398, 9408, 9416, 9485, 9497, 9501, 9503, 9504, 9515, 9523, 9531, 9534, 9542, 9546, 9548, 9561, 9571, 9575, 9577, 9578, 9587, 9604, 9605, 9611, 9622, 9661, 9663, 9684, 9700, 9704, 9712, 9716, 9717, 9738, 9740, 9746, 9749, 9764, 9765, 9767, 9782, 9803, 9813, 9834, 9869, 9870, 9872, 9887, 9903, 9911, 9919, 9951, 9973, 9982, 10039, 10067, 10069, 10082, 10084, 10103, 10116, 10131, 10175, 10186, 10210, 10240, 10341, 10344, 10401, 10410, 10445, 10450, 10467, 10474, 10477, 10491, 10495, 10543, 10548, 10550, 10613, 10627, 10765, 10889, 10892, 10950, 10951, 10963, 10974, 11015, 11042, 11065, 11087, 11104, 11122, 11123, 11176, 11194, 11215, 11221, 11233, 11240, 11243, 11287, 11382, 11409, 11422, 11439, 11457, 11477, 11487, 11549, 11563, 11571, 11629, 11643, 11652, 11666, 11676, 11730, 11737, 11746, 11765, 11782, 11813, 11840, 11846, 11875, 11912, 11920, 11950, 11954, 11972, 11983, 11996, 12012, 12028, 12042, 12064, 12071, 12109, 12121, 12124, 12126, 12140, 12141, 12194, 12209, 12215, 12218, 12220, 12223, 12233, 12247, 12268, 12298, 12317, 12337, 12348, 12378, 12422, 12425, 12444, 12459, 12463, 12468, 12479, 12480, 12481, 12520, 12545, 12569, 12613, 12645, 12651, 12658, 12671, 12693, 12694, 12732, 12733, 12736, 12739, 12741, 12753, 12756, 12784, 12788, 12800, 12808, 12819, 12822, 12829, 12830, 12833, 12839, 12842, 12844, 12849, 12890, 12896, 12906, 12932, 12936, 12947, 12959, 12973, 12979, 12982, 13005, 13014, 13018, 13039, 13048, 13056, 13084, 13138, 13139, 13177, 13210, 13219, 13356, 13401, 13433, 13535, 13540, 13552, 13580, 13640, 13654, 13675, 13677, 13686, 13689, 13690, 13699, 13702, 13717, 13725, 13730, 13768, 13770, 13812, 13819, 13826, 13907, 13929, 13932, 13933, 13948, 13968, 14011, 14013, 14015, 14033, 14059, 14081, 14088, 14090, 14099, 14125, 14137, 14174, 14226, 14228, 14230, 14235, 14251, 14253, 14258, 14265, 14269, 14294, 14312, 14322, 14325, 14346, 14351, 14379, 14388, 14399, 14401, 14404, 14413, 14431, 14440, 14489, 14490, 14535, 14537, 14563, 14573, 14579, 14595, 14602, 14608, 14610, 14615, 14616, 14619, 14628, 14738, 14763, 14770, 14781, 14782, 14783, 14792, 14798, 14836, 14852, 14866, 14896, 14897, 14901, 14907, 14921, 14924, 14937, 14947, 14963, 14980, 14981, 14986, 14988, 15039, 15159, 15349, 15364, 15428, 15443, 15475, 15493, 15511, 15704, 15723, 15727, 15738, 15741, 15791, 15792, 15800, 15856, 15948, 15995, 16055, 16090, 16103, 16108, 16130, 16138, 16156, 16166, 16171, 16199, 16202, 16207, 16291, 16333, 16340, 16341, 16353, 16366, 16428, 16449, 16454, 16466, 16485, 16573, 16574, 16622, 16625, 16654, 16738, 16754, 16761, 17071, 17096, 17121, 17128, 17129, 17137, 17213, 17226, 17231, 17276, 17306, 17308, 17394, 17397, 17398, 17422, 17435, 17438, 17440, 17441, 17443, 17445, 17458, 17467, 17487, 17597, 17605, 17608, 17616, 17672, 17795, 17796, 17797, 17798, 17805, 17806, 17808, 17811, 17812, 17813, 17816, 17817, 17820, 17823, 17835, 17867, 17872, 17873, 17876, 17907, 17913, 17939, 17941, 17942, 17947, 17948, 17960, 17980, 17981, 17982, 18002, 18003, 18006, 18019, 18037, 18038, 18039, 18047, 18070, 18079, 18099, 18101, 18113, 18133, 18141, 18146, 18166, 18208, 18215, 18241, 18272, 18294, 18311, 18315, 18346, 18419, 18467, 18516, 18540, 18557, 18575, 18626, 18627, 18655, 18661, 18748, 18785, 18798, 18852, 18867, 18936, 18945, 18959, 18992, 19010, 19153, 19159, 19174, 19183, 19189, 19208, 19224, 19310, 19363, 19369, 19372, 19374, 19379, 19413, 19424, 19440, 19462, 19497, 19589, 19707, 19714, 19721, 19735, 19756, 19777, 19780, 19795, 19820, 19876, 19903, 19908, 19916, 19920, 19922, 19923, 20030, 20070, 20078, 20157, 20188, 20201, 20226, 20278, 20279, 20323, 20355, 20363, 20364, 20376, 20381, 20384, 20412, 20418, 20424, 20425, 20433, 20450, 20491, 20492, 20494, 20505, 20527, 20562, 20587, 20594, 20679, 20700, 20749, 20818, 20947, 20966, 20967, 20982, 21032, 21038, 21043, 21072, 21121, 21238, 21329, 21397, 21398, 21408, 21414, 21420, 21422, 21456, 21533, 21577, 21585, 21588, 21591, 21595, 21596, 21620, 21622, 21644, 21666, 21688, 21698, 21699, 21701, 21702, 21705, 21726, 21772, 21800, 21837, 21896, 21958, 22071, 22100, 22230, 22541, 22545, 22612, 22656, 22664, 22778, 22822, 22827, 22832, 22843, 22882, 23008, 23034, 23077, 23142, 23226, 23248, 23346, 23355, 23356, 23366, 23372, 23452, 23498, 23659, 23671, 23689, 23725, 23729, 23774, 23780, 23835, 23842, 23875, 23877, 23892, 23897, 23933, 23995, 23999, 24085, 24095, 24121, 24289, 24291, 24336, 24400, 24404, 24509, 24512, 24513, 24515, 24563, 24564, 24567, 24568, 24605, 24610, 24618, 24629, 24636, 24637, 24638, 24656, 24696, 24712, 24753, 24931, 24956, 24959, 24969, 24978, 24998, 25007, 25022, 25026, 25029, 25042, 25044, 25069, 25242, 25244, 25254, 25255, 25256, 25268, 25305, 25355, 25405, 25611, 25612, 25759, 25810, 25817, 25862, 25876, 25878, 25930, 25974, 26025, 26077, 26144, 26256, 26312, 26477, 26539, 26566, 26582, 26643, 26644, 26646, 26884, 27024, 27197, 27199, 27217, 27255, 27274, 27303, 27321, 27338, 27564, 27648, 27683, 27774, 27799, 27847, 27895, 27914, 27947, 27991, 28029, 28144, 28173, 28236, 28338, 28482, 28575, 28621, 28635, 28729, 28783, 28878, 28880, 28928, 29018, 29062, 29118, 29130, 29161, 29179, 29217, 29223, 29248, 29290, 29318, 29319, 29329, 29388, 29437, 29539, 29541, 29554, 29644, 29791, 30005, 30006, 30395, 30418, 30455, 30457, 30521, 30548, 30549, 30644, 30690, 30713, 30767, 30908, 30945, 30999, 31004, 31005, 31016, 31017, 31131, 31155, 31258, 31302, 31421, 31473, 31525, 31572, 31626, 31628, 31633, 31660, 31662, 31734, 31828, 31830, 31840, 31850, 31905, 31951, 32015, 32059, 32061, 32220, 32371, 32396, 32402, 32439, 32526, 32688, 32827, 32875, 32876, 32878, 33073, 33158, 33328, 33330, 33398, 33465, 33474, 33595, 33617, 33682, 33796, 33877, 33941, 34086, 34147, 34182, 34287, 34312, 34313, 34394, 34458, 34565, 34807, 34811, 34886, 35119, 35530, 35531, 35532, 35599, 35692, 35828, 35903, 35933, 36101, 36102, 36301, 36302, 36573, 36895, 36918, 37206, 37207, 37245, 37258, 37471, 38002, 38004, 38005, 38006, 38194, 38217, 38255, 38295, 38491, 38492, 38617, 38897, 39026, 39075, 39088, 39122, 39124, 39149, 39242, 39245, 39316, 39340, 39519, 39842, 39843, 39892, 39962, 39985, 40257, 40423, 40793, 40982, 41369, 41711, 41782, 41843, 42087, 42127, 42324, 42783, 42944, 43073, 43242, 43700, 43715, 43818, 43838, 44613, 44841, 44924, 44925, 44949, 44951, 45507, 45758, 45805, 46226, 46926, 47541, 49545, 49553, 49785, 49786, 49787, 
rel: 1 k: 4 rho: 198.191 maxRV: 2, 3, 7, 9, 13, 15, 18, 20, 23, 29, 30, 34, 36, 44, 46, 47, 50, 61, 75, 80, 91, 92, 101, 104, 105, 135, 137, 143, 146, 147, 153, 155, 157, 159, 170, 174, 175, 189, 190, 191, 195, 199, 200, 207, 209, 210, 211, 212, 218, 229, 231, 246, 252, 253, 259, 262, 263, 280, 283, 300, 317, 320, 324, 344, 348, 378, 383, 384, 413, 415, 424, 427, 431, 457, 518, 527, 568, 590, 598, 626, 639, 642, 648, 650, 661, 666, 679, 686, 712, 718, 719, 721, 722, 836, 853, 854, 878, 883, 950, 962, 965, 966, 967, 969, 970, 971, 974, 976, 978, 990, 1003, 1006, 1009, 1027, 1035, 1037, 1038, 1039, 1047, 1050, 1055, 1061, 1079, 1082, 1093, 1109, 1142, 1156, 1158, 1164, 1168, 1170, 1177, 1179, 1192, 1213, 1220, 1228, 1241, 1280, 1302, 1304, 1307, 1308, 1309, 1310, 1314, 1315, 1320, 1324, 1350, 1361, 1445, 1452, 1459, 1502, 1507, 1510, 1515, 1516, 1523, 1525, 1528, 1531, 1570, 1587, 1592, 1604, 1632, 1660, 1668, 1698, 1720, 1758, 1766, 1772, 1780, 1785, 1815, 1817, 1861, 1864, 1868, 1872, 1892, 1898, 1917, 1973, 1989, 1994, 1996, 2020, 2057, 2059, 2076, 2077, 2097, 2106, 2131, 2133, 2136, 2149, 2175, 2180, 2197, 2206, 2222, 2234, 2236, 2238, 2244, 2261, 2267, 2305, 2312, 2315, 2322, 2339, 2356, 2364, 2377, 2380, 2385, 2394, 2408, 2421, 2432, 2443, 2455, 2477, 2495, 2507, 2535, 2538, 2548, 2557, 2601, 2618, 2664, 2670, 2701, 2726, 2740, 2742, 2778, 2810, 2811, 2812, 2813, 2817, 2825, 2835, 2840, 2843, 2847, 2849, 2850, 2868, 2881, 2883, 2896, 2905, 2906, 2908, 2949, 2957, 2958, 2977, 2990, 2998, 3036, 3049, 3052, 3060, 3065, 3069, 3085, 3109, 3148, 3151, 3154, 3181, 3186, 3237, 3373, 3379, 3399, 3417, 3452, 3479, 3525, 3540, 3583, 3596, 3618, 3645, 3663, 3721, 3742, 3757, 3796, 3883, 3924, 3938, 3948, 3989, 4045, 4111, 4200, 4392, 4417, 4429, 4533, 4568, 4573, 4622, 4627, 4629, 4642, 4657, 4689, 4723, 4729, 4841, 4843, 4854, 4871, 4886, 4890, 4902, 4932, 4981, 4991, 5033, 5039, 5055, 5067, 5078, 5111, 5161, 5196, 5259, 5331, 5415, 5419, 5422, 5450, 5486, 5488, 5532, 5594, 5651, 5652, 5656, 5696, 5708, 5730, 5731, 5734, 5808, 5828, 5850, 5920, 5938, 5968, 5998, 6001, 6017, 6046, 6142, 6205, 6214, 6222, 6229, 6234, 6241, 6300, 6304, 6318, 6325, 6344, 6352, 6365, 6500, 6523, 6585, 6586, 6587, 6588, 6591, 6593, 6594, 6598, 6605, 6618, 6619, 6621, 6625, 6629, 6632, 6636, 6639, 6641, 6661, 6663, 6665, 6685, 6694, 6729, 6730, 6734, 6737, 6743, 6746, 6753, 6825, 6833, 6843, 6846, 6849, 6862, 6870, 6872, 6873, 6879, 6885, 6886, 6921, 6933, 6951, 6980, 7013, 7015, 7027, 7039, 7052, 7059, 7071, 7113, 7114, 7116, 7131, 7155, 7187, 7189, 7207, 7216, 7220, 7224, 7255, 7319, 7345, 7355, 7375, 7379, 7387, 7415, 7419, 7477, 7518, 7526, 7528, 7569, 7618, 7704, 7735, 7814, 7888, 7897, 7900, 7981, 8024, 8258, 8272, 8279, 8298, 8308, 8317, 8331, 8385, 8398, 8469, 8485, 8572, 8602, 8653, 8754, 8907, 8926, 8950, 9000, 9003, 9018, 9027, 9101, 9130, 9153, 9193, 9220, 9241, 9265, 9268, 9548, 9575, 9577, 9578, 9740, 9782, 9804, 9813, 9869, 9870, 9888, 9895, 10039, 10069, 10210, 10653, 10668, 10889, 10950, 10951, 10963, 11194, 11346, 11409, 11643, 11666, 11737, 11972, 12064, 12140, 12142, 12194, 12223, 12569, 12733, 12739, 12741, 12800, 12819, 12822, 12947, 12959, 12973, 12979, 12982, 13056, 13138, 13219, 13401, 13675, 13677, 13686, 13689, 13690, 13702, 13717, 13725, 13826, 13932, 13936, 13952, 13968, 14011, 14081, 14228, 14230, 14235, 14351, 14388, 14399, 14431, 14440, 14602, 14738, 14763, 14907, 15407, 16090, 16130, 16250, 16279, 16353, 16454, 16466, 17306, 17308, 17397, 17422, 17435, 17440, 17443, 17445, 17795, 17797, 17805, 17808, 17811, 17812, 17813, 17816, 17817, 17820, 17867, 17872, 17907, 17913, 17939, 17941, 17948, 17960, 18003, 18079, 18101, 18215, 18294, 18346, 19372, 19379, 19381, 19413, 19417, 19424, 19432, 19462, 19465, 19472, 20226, 20412, 20491, 20527, 21329, 21585, 21588, 21591, 21595, 21596, 21620, 22882, 23021, 23888, 23933, 23949, 23959, 24291, 25759, 26025, 29324, 29326, 29329, 30767, 31940, 32061, 32876, 33682, 36101, 36102, 36106, 36573, 39149, 39519, 
rel: 1 k: 5 rho: 71.429 maxRV: 2, 3, 7, 13, 15, 18, 20, 29, 30, 36, 44, 47, 50, 61, 75, 80, 101, 104, 143, 146, 147, 153, 155, 157, 159, 170, 189, 191, 195, 200, 207, 209, 210, 212, 218, 229, 231, 246, 253, 262, 263, 281, 283, 317, 324, 344, 348, 424, 527, 626, 639, 648, 661, 679, 686, 718, 719, 722, 836, 853, 878, 962, 969, 974, 978, 1003, 1006, 1027, 1035, 1037, 1038, 1039, 1047, 1050, 1055, 1061, 1082, 1093, 1142, 1156, 1158, 1163, 1164, 1168, 1177, 1179, 1213, 1220, 1280, 1304, 1308, 1309, 1310, 1314, 1324, 1445, 1446, 1452, 1453, 1502, 1531, 1587, 1632, 1772, 1785, 1815, 1864, 1868, 1872, 1892, 1973, 2020, 2057, 2059, 2077, 2106, 2133, 2149, 2175, 2244, 2267, 2339, 2380, 2408, 2432, 2443, 2455, 2495, 2548, 2601, 2701, 2810, 2811, 2812, 2817, 2825, 2829, 2835, 2840, 2847, 2849, 2850, 2868, 2883, 2896, 2904, 2905, 2919, 2949, 2953, 2958, 2990, 3036, 3060, 3065, 3109, 3154, 3181, 3186, 3583, 3596, 3757, 3796, 3883, 3938, 4045, 4533, 4902, 5033, 5055, 5404, 5594, 6300, 6325, 6585, 6586, 6587, 6588, 6590, 6591, 6593, 6594, 6598, 6618, 6619, 6625, 6629, 6632, 6636, 6639, 6661, 6663, 6665, 6685, 6694, 6729, 6734, 6737, 6746, 6753, 6825, 6833, 6843, 6849, 6870, 6872, 6873, 6907, 6921, 6933, 6951, 7015, 7039, 7071, 7114, 7155, 7216, 7220, 7255, 7319, 7355, 7387, 7415, 7419, 7526, 7602, 7814, 8241, 8247, 8467, 8924, 8926, 9018, 9182, 9241, 9707, 9740, 9869, 9870, 10375, 10408, 10653, 10768, 10963, 11666, 12668, 12800, 12982, 13219, 14351, 14431, 15856, 16130, 16361, 17308, 17907, 18003, 18215, 21585, 21588, 21591, 21595, 21596, 21620, 22255, 32061, 
rel: 1 k: 6 rho: 41.162 maxRV: 3, 7, 20, 30, 36, 75, 80, 143, 146, 147, 153, 155, 157, 159, 170, 174, 189, 191, 195, 207, 209, 210, 212, 218, 229, 231, 246, 253, 262, 263, 281, 283, 317, 344, 348, 424, 449, 626, 648, 652, 661, 679, 718, 719, 836, 853, 962, 974, 1003, 1077, 1082, 1093, 1156, 1164, 1168, 1179, 1213, 1308, 1324, 1445, 1446, 1452, 1502, 1864, 1868, 1973, 2020, 2059, 2106, 2133, 2149, 2244, 2380, 2811, 2812, 2814, 2815, 2817, 2821, 2825, 2829, 2835, 2840, 2849, 2850, 2881, 2883, 2892, 2894, 2896, 2904, 2905, 2908, 2917, 2919, 2929, 2948, 2953, 2958, 2990, 2993, 3036, 3060, 3065, 3154, 3181, 3186, 3222, 3596, 3757, 3796, 4045, 4546, 4902, 5594, 6325, 6585, 6587, 6590, 6591, 6593, 6594, 6598, 6609, 6618, 6619, 6625, 6629, 6632, 6636, 6639, 6663, 6665, 6685, 6694, 6729, 6734, 6746, 6753, 6782, 6833, 6843, 6849, 6872, 6907, 6913, 6921, 6929, 6933, 7015, 7039, 7155, 7216, 7220, 7602, 7603, 7814, 8130, 8467, 8480, 8485, 8924, 8926, 9241, 9577, 9740, 9869, 10344, 10355, 10356, 10357, 10375, 10376, 10380, 10398, 10404, 10410, 10414, 10457, 10610, 10612, 10620, 10621, 10627, 10632, 10635, 10637, 10640, 10642, 10644, 10652, 10653, 10655, 10662, 10663, 10668, 10682, 10684, 10685, 10687, 10710, 10712, 10725, 10732, 10741, 10748, 10755, 10768, 10773, 10775, 10778, 10805, 10809, 10810, 10963, 10974, 13219, 15856, 21588, 21591, 21595, 21620, 
rel: 1 k: 7 rho: 28.5968 maxRV: 3, 7, 36, 143, 146, 147, 155, 159, 170, 174, 207, 209, 212, 218, 229, 231, 246, 253, 262, 263, 281, 283, 317, 344, 348, 626, 652, 661, 679, 718, 719, 853, 1077, 1082, 1093, 1445, 1446, 1502, 1864, 1868, 1973, 2020, 2059, 2133, 2244, 2811, 2812, 2815, 2817, 2821, 2825, 2829, 2835, 2840, 2847, 2850, 2881, 2883, 2892, 2894, 2896, 2904, 2905, 2908, 2917, 2919, 2929, 2948, 2953, 2958, 2990, 3060, 3065, 3109, 3154, 3181, 3186, 3222, 3796, 6585, 6587, 6591, 6593, 6594, 6598, 6609, 6618, 6663, 6665, 6685, 6694, 6729, 6734, 6746, 6753, 6782, 6849, 6872, 6907, 6913, 6921, 6929, 6933, 7155, 7216, 7220, 7602, 7603, 8130, 8467, 8480, 8485, 9577, 10344, 10355, 10356, 10357, 10373, 10375, 10376, 10380, 10398, 10410, 10414, 10610, 10612, 10620, 10621, 10632, 10635, 10637, 10640, 10642, 10644, 10652, 10653, 10655, 10662, 10663, 10682, 10684, 10685, 10687, 10710, 10712, 10725, 10732, 10741, 10748, 10755, 10768, 10778, 10805, 10809, 10810, 10963, 
rel: 1 k: 8 rho: 28.6493 maxRV: 262, 281, 1077, 2811, 2812, 2815, 2821, 2825, 2829, 2850, 2881, 2892, 2894, 2896, 2904, 2908, 2917, 2919, 2929, 2948, 2953, 3222, 6609, 6782, 6907, 6913, 6921, 6929, 6933, 7155, 8130, 8467, 8485, 9577, 10344, 10355, 10356, 10357, 10375, 10376, 10380, 10398, 10410, 10414, 10610, 10612, 10620, 10621, 10627, 10632, 10635, 10637, 10640, 10642, 10644, 10652, 10655, 10662, 10663, 10682, 10684, 10685, 10687, 10710, 10712, 10725, 10741, 10748, 10768, 10778, 10805, 10809, 
rel: 1 k: 9 rho: 27.0538 maxRV: 262, 281, 1077, 2811, 2812, 2815, 2821, 2825, 2829, 2850, 2881, 2892, 2894, 2896, 2904, 2908, 2917, 2919, 2929, 2948, 2953, 6609, 6636, 6782, 6907, 6913, 6921, 6929, 6933, 7155, 8130, 8467, 8485, 9577, 10344, 10355, 10356, 10357, 10373, 10375, 10376, 10380, 10398, 10410, 10414, 10610, 10612, 10620, 10621, 10627, 10632, 10635, 10637, 10640, 10642, 10644, 10652, 10655, 10662, 10663, 10682, 10684, 10685, 10687, 10710, 10712, 10725, 10741, 10748, 10768, 10778, 10805, 
rel: 1 k: 10 rho: 24.6973 maxRV: 262, 281, 1077, 2811, 2812, 2815, 2821, 2825, 2829, 2850, 2881, 2892, 2896, 2904, 2908, 2917, 2919, 2929, 2948, 2953, 6609, 6782, 6907, 6913, 6921, 6933, 7155, 8130, 8467, 8485, 10344, 10355, 10356, 10357, 10373, 10375, 10376, 10380, 10398, 10410, 10414, 10610, 10612, 10620, 10621, 10627, 10632, 10635, 10637, 10640, 10642, 10644, 10652, 10655, 10662, 10663, 10682, 10684, 10685, 10710, 10712, 10720, 10725, 10748, 10768, 10778, 10805, 
rel: 1 k: 11 rho: 22.1114 maxRV: 281, 1077, 2811, 2812, 2815, 2821, 2825, 2829, 2850, 2881, 2892, 2896, 2904, 2919, 2929, 2948, 2953, 6609, 6907, 6913, 6921, 6933, 7155, 8467, 8485, 10344, 10356, 10357, 10373, 10375, 10376, 10380, 10398, 10410, 10414, 10606, 10610, 10612, 10620, 10621, 10627, 10632, 10635, 10637, 10640, 10642, 10644, 10652, 10655, 10662, 10663, 10682, 10684, 10685, 10710, 10712, 10725, 10748, 10768, 10778, 
rel: 1 k: 12 rho: 19.8735 maxRV: 262, 281, 1077, 2811, 2812, 2815, 2821, 2825, 2829, 2850, 2881, 2892, 2896, 2904, 2919, 2929, 2948, 2953, 6609, 6907, 6913, 6921, 6933, 8467, 10344, 10373, 10375, 10376, 10380, 10398, 10410, 10414, 10610, 10612, 10620, 10621, 10632, 10635, 10637, 10640, 10642, 10644, 10652, 10655, 10662, 10663, 10682, 10684, 10685, 10710, 10712, 10725, 10768, 
rel: 1 k: 13 rho: 18.4763 maxRV: 262, 281, 1077, 2811, 2812, 2815, 2821, 2825, 2829, 2850, 2881, 2892, 2896, 2904, 2919, 2929, 2948, 2953, 6609, 6907, 6913, 6921, 6933, 8467, 10344, 10373, 10375, 10376, 10380, 10398, 10410, 10414, 10610, 10612, 10620, 10621, 10632, 10635, 10637, 10640, 10642, 10652, 10655, 10662, 10663, 10684, 10710, 10712, 10725, 10768, 
rel: 1 k: 14 rho: 15.6985 maxRV: 262, 2811, 2812, 2815, 2821, 2825, 2829, 2850, 2881, 2892, 2896, 2904, 2919, 2929, 2948, 6609, 6907, 6913, 6921, 6933, 8467, 10344, 10373, 10375, 10380, 10398, 10610, 10612, 10620, 10621, 10627, 10632, 10635, 10637, 10640, 10642, 10652, 10655, 10662, 10663, 10710, 10712, 10725, 10768, 
rel: 1 k: 15 rho: 10.397 maxRV: 2811, 2815, 2892, 2904, 2919, 6609, 6913, 10344, 10373, 10398, 10610, 10612, 10620, 10621, 10632, 10635, 10637, 10640, 10642, 10652, 10655, 10662, 10663, 10710, 10712, 10725, 
rel: 1 k: 16 rho: 9.92173 maxRV: 2815, 2892, 2904, 2919, 6609, 6913, 10344, 10373, 10398, 10610, 10612, 10620, 10621, 10627, 10632, 10635, 10637, 10640, 10642, 10652, 10655, 10662, 10663, 10710, 10712, 
rel: 1 k: 17 rho: 9.61705 maxRV: 2811, 2815, 2892, 2904, 2919, 6609, 6913, 10344, 10373, 10398, 10610, 10612, 10620, 10621, 10627, 10632, 10635, 10637, 10640, 10642, 10652, 10655, 10662, 10663, 10710, 10712, 
rel: 1 k: 18 rho: 7.99556 maxRV: 2815, 2892, 2904, 2919, 6609, 6913, 10344, 10373, 10398, 10610, 10612, 10620, 10621, 10627, 10632, 10635, 10637, 10642, 10652, 10663, 10710, 
rel: 1 k: 19 rho: 6.77742 maxRV: 2811, 2815, 2892, 2904, 2919, 6609, 10344, 10373, 10398, 10610, 10612, 10620, 10621, 10627, 10632, 10635, 10637, 10642, 10652, 10663, 
rel: 1 k: 3 rho: 604.965 maxRV: 2, 3, 7, 9, 13, 15, 18, 20, 23, 29, 30, 34, 36, 43, 44, 46, 47, 50, 61, 64, 70, 75, 80, 84, 88, 91, 92, 95, 97, 101, 104, 105, 120, 135, 136, 137, 139, 142, 143, 146, 147, 153, 155, 157, 159, 162, 170, 174, 175, 176, 181, 189, 190, 191, 192, 195, 199, 200, 207, 209, 210, 211, 212, 218, 225, 229, 231, 246, 248, 252, 253, 256, 259, 260, 262, 263, 267, 278, 280, 281, 283, 298, 300, 304, 306, 307, 315, 317, 320, 321, 324, 325, 343, 344, 347, 348, 349, 353, 354, 368, 378, 381, 383, 384, 387, 407, 413, 415, 424, 427, 431, 436, 437, 445, 449, 455, 457, 470, 492, 511, 512, 518, 527, 529, 558, 568, 576, 577, 590, 593, 597, 598, 599, 608, 609, 626, 639, 641, 642, 647, 648, 650, 652, 661, 666, 674, 679, 682, 684, 686, 696, 707, 711, 712, 714, 718, 719, 721, 722, 725, 735, 740, 767, 791, 792, 836, 853, 854, 875, 878, 879, 880, 881, 883, 893, 894, 908, 912, 921, 924, 950, 962, 965, 966, 967, 969, 970, 971, 974, 976, 978, 990, 992, 994, 997, 1003, 1006, 1009, 1020, 1027, 1032, 1035, 1036, 1037, 1038, 1039, 1042, 1047, 1050, 1051, 1052, 1055, 1061, 1077, 1079, 1082, 1093, 1109, 1122, 1123, 1124, 1126, 1133, 1142, 1150, 1156, 1158, 1162, 1163, 1164, 1168, 1170, 1177, 1179, 1192, 1210, 1213, 1220, 1228, 1230, 1236, 1239, 1240, 1241, 1243, 1255, 1256, 1258, 1260, 1263, 1265, 1267, 1270, 1271, 1280, 1302, 1304, 1307, 1308, 1309, 1310, 1313, 1314, 1315, 1320, 1324, 1335, 1350, 1351, 1356, 1358, 1359, 1361, 1393, 1412, 1414, 1416, 1417, 1419, 1430, 1435, 1436, 1445, 1446, 1452, 1453, 1458, 1459, 1489, 1491, 1502, 1504, 1505, 1507, 1510, 1512, 1515, 1516, 1521, 1523, 1525, 1528, 1531, 1545, 1554, 1566, 1570, 1583, 1587, 1592, 1604, 1632, 1639, 1659, 1660, 1662, 1665, 1668, 1670, 1673, 1676, 1698, 1710, 1715, 1720, 1725, 1729, 1730, 1732, 1748, 1752, 1758, 1759, 1760, 1769, 1772, 1780, 1781, 1785, 1798, 1801, 1803, 1815, 1816, 1817, 1818, 1820, 1845, 1859, 1861, 1862, 1864, 1866, 1867, 1868, 1871, 1872, 1879, 1892, 1898, 1905, 1917, 1947, 1954, 1961, 1973, 1986, 1989, 1994, 1996, 2009, 2020, 2024, 2025, 2030, 2037, 2039, 2042, 2046, 2057, 2058, 2059, 2066, 2076, 2077, 2081, 2087, 2090, 2093, 2096, 2097, 2103, 2106, 2131, 2133, 2136, 2149, 2152, 2156, 2157, 2173, 2175, 2180, 2187, 2197, 2199, 2201, 2206, 2222, 2225, 2231, 2232, 2234, 2235, 2236, 2237, 2238, 2242, 2244, 2247, 2252, 2259, 2261, 2266, 2267, 2275, 2282, 2288, 2299, 2305, 2308, 2311, 2312, 2313, 2315, 2317, 2318, 2321, 2322, 2324, 2328, 2334, 2338, 2339, 2341, 2356, 2364, 2369, 2377, 2380, 2383, 2385, 2387, 2391, 2394, 2396, 2397, 2406, 2408, 2411, 2421, 2428, 2432, 2443, 2455, 2460, 2463, 2467, 2475, 2477, 2478, 2484, 2495, 2497, 2503, 2507, 2510, 2519, 2529, 2531, 2532, 2533, 2535, 2538, 2545, 2548, 2554, 2556, 2557, 2561, 2566, 2580, 2601, 2608, 2613, 2617, 2618, 2623, 2626, 2630, 2635, 2639, 2641, 2659, 2660, 2664, 2670, 2680, 2690, 2696, 2700, 2701, 2713, 2720, 2724, 2726, 2738, 2740, 2742, 2761, 2778, 2791, 2810, 2811, 2812, 2813, 2814, 2815, 2817, 2821, 2825, 2826, 2829, 2835, 2837, 2840, 2841, 2843, 2847, 2849, 2850, 2868, 2871, 2881, 2883, 2887, 2888, 2892, 2894, 2896, 2901, 2903, 2904, 2905, 2906, 2908, 2917, 2919, 2920, 2921, 2929, 2933, 2942, 2944, 2948, 2949, 2953, 2957, 2958, 2977, 2990, 2993, 2998, 3004, 3029, 3036, 3045, 3049, 3052, 3060, 3063, 3065, 3069, 3072, 3081, 3085, 3093, 3096, 3097, 3108, 3109, 3111, 3112, 3131, 3139, 3145, 3148, 3151, 3154, 3180, 3181, 3186, 3222, 3239, 3247, 3251, 3256, 3259, 3284, 3294, 3305, 3314, 3328, 3337, 3342, 3349, 3350, 3352, 3357, 3368, 3373, 3379, 3380, 3384, 3385, 3398, 3399, 3405, 3417, 3427, 3430, 3479, 3495, 3511, 3523, 3525, 3527, 3540, 3566, 3580, 3583, 3596, 3618, 3626, 3631, 3635, 3645, 3655, 3663, 3680, 3687, 3689, 3692, 3703, 3706, 3721, 3732, 3733, 3742, 3744, 3750, 3753, 3757, 3773, 3781, 3786, 3796, 3806, 3818, 3846, 3861, 3871, 3873, 3880, 3883, 3889, 3905, 3914, 3920, 3924, 3932, 3938, 3941, 3946, 3948, 3949, 3950, 3979, 3985, 3989, 4015, 4028, 4045, 4057, 4065, 4069, 4086, 4096, 4112, 4129, 4140, 4166, 4172, 4181, 4190, 4197, 4201, 4203, 4218, 4271, 4283, 4297, 4305, 4313, 4320, 4325, 4332, 4334, 4380, 4381, 4382, 4383, 4392, 4403, 4406, 4417, 4426, 4429, 4433, 4449, 4471, 4512, 4533, 4546, 4568, 4573, 4583, 4611, 4616, 4617, 4618, 4622, 4627, 4629, 4632, 4642, 4653, 4657, 4658, 4659, 4660, 4669, 4673, 4689, 4690, 4696, 4700, 4710, 4711, 4723, 4728, 4729, 4740, 4767, 4784, 4791, 4825, 4826, 4841, 4843, 4845, 4854, 4863, 4867, 4871, 4878, 4881, 4885, 4887, 4890, 4902, 4932, 4973, 4981, 4986, 4991, 4993, 5033, 5036, 5039, 5049, 5055, 5056, 5067, 5078, 5085, 5094, 5101, 5104, 5108, 5111, 5132, 5150, 5152, 5161, 5196, 5202, 5210, 5215, 5220, 5252, 5254, 5259, 5321, 5325, 5326, 5331, 5339, 5343, 5355, 5376, 5380, 5395, 5398, 5404, 5415, 5419, 5421, 5422, 5425, 5439, 5442, 5443, 5450, 5465, 5486, 5488, 5518, 5532, 5578, 5579, 5591, 5594, 5595, 5598, 5618, 5627, 5634, 5637, 5643, 5651, 5652, 5653, 5656, 5658, 5664, 5665, 5676, 5693, 5696, 5705, 5708, 5710, 5719, 5720, 5729, 5730, 5731, 5733, 5734, 5740, 5754, 5756, 5758, 5760, 5768, 5769, 5773, 5774, 5778, 5797, 5801, 5803, 5808, 5819, 5821, 5828, 5842, 5844, 5850, 5852, 5853, 5858, 5859, 5871, 5896, 5920, 5938, 5950, 5968, 5973, 5981, 5982, 5988, 5992, 5993, 5995, 5998, 5999, 6001, 6011, 6017, 6018, 6021, 6035, 6046, 6054, 6055, 6097, 6104, 6107, 6115, 6118, 6125, 6134, 6142, 6154, 6180, 6187, 6192, 6194, 6198, 6199, 6205, 6214, 6222, 6226, 6228, 6229, 6232, 6234, 6240, 6241, 6244, 6249, 6263, 6264, 6265, 6269, 6280, 6300, 6303, 6304, 6310, 6318, 6321, 6325, 6327, 6335, 6336, 6344, 6345, 6346, 6352, 6365, 6368, 6406, 6417, 6437, 6440, 6442, 6468, 6473, 6487, 6490, 6500, 6523, 6580, 6585, 6586, 6587, 6588, 6591, 6593, 6594, 6598, 6599, 6605, 6618, 6619, 6621, 6625, 6629, 6631, 6632, 6636, 6639, 6641, 6647, 6650, 6661, 6662, 6663, 6665, 6672, 6679, 6685, 6691, 6692, 6694, 6699, 6710, 6729, 6730, 6734, 6737, 6740, 6741, 6743, 6746, 6753, 6774, 6782, 6785, 6804, 6805, 6825, 6828, 6833, 6843, 6845, 6846, 6847, 6848, 6849, 6862, 6870, 6872, 6873, 6879, 6885, 6886, 6887, 6893, 6897, 6907, 6913, 6918, 6921, 6929, 6933, 6951, 6955, 6957, 6961, 6980, 6988, 7013, 7015, 7026, 7027, 7032, 7037, 7039, 7052, 7059, 7071, 7082, 7087, 7093, 7113, 7114, 7115, 7116, 7118, 7122, 7127, 7131, 7148, 7155, 7174, 7183, 7187, 7189, 7195, 7196, 7199, 7202, 7203, 7207, 7216, 7220, 7224, 7255, 7257, 7259, 7278, 7281, 7302, 7317, 7319, 7324, 7335, 7345, 7355, 7356, 7359, 7365, 7374, 7375, 7379, 7383, 7385, 7387, 7396, 7410, 7415, 7419, 7422, 7424, 7426, 7435, 7445, 7449, 7469, 7477, 7479, 7490, 7518, 7523, 7526, 7528, 7534, 7549, 7555, 7569, 7575, 7582, 7602, 7603, 7604, 7610, 7618, 7642, 7647, 7656, 7657, 7665, 7673, 7683, 7685, 7699, 7702, 7703, 7704, 7710, 7711, 7712, 7715, 7723, 7735, 7738, 7751, 7785, 7790, 7791, 7797, 7798, 7803, 7814, 7818, 7824, 7836, 7843, 7855, 7865, 7870, 7887, 7888, 7897, 7900, 7924, 7928, 7930, 7932, 7940, 7942, 7948, 7951, 7960, 7967, 7981, 7987, 7992, 8005, 8016, 8021, 8024, 8027, 8046, 8057, 8060, 8081, 8127, 8130, 8131, 8134, 8139, 8140, 8150, 8170, 8179, 8187, 8194, 8197, 8198, 8204, 8212, 8216, 8228, 8238, 8241, 8247, 8255, 8258, 8265, 8272, 8279, 8293, 8297, 8298, 8303, 8308, 8315, 8317, 8331, 8360, 8366, 8380, 8391, 8398, 8408, 8434, 8452, 8467, 8469, 8485, 8487, 8493, 8503, 8531, 8544, 8553, 8572, 8593, 8602, 8604, 8625, 8653, 8715, 8716, 8724, 8754, 8761, 8799, 8800, 8820, 8840, 8874, 8880, 8885, 8895, 8896, 8903, 8904, 8907, 8911, 8915, 8924, 8925, 8926, 8933, 8950, 8951, 8952, 8954, 8965, 8971, 8972, 8973, 8983, 8989, 8996, 9000, 9003, 9009, 9017, 9018, 9025, 9027, 9028, 9044, 9058, 9069, 9070, 9073, 9083, 9089, 9101, 9118, 9120, 9121, 9125, 9130, 9142, 9151, 9153, 9159, 9165, 9175, 9184, 9198, 9240, 9241, 9244, 9253, 9261, 9264, 9265, 9268, 9282, 9285, 9326, 9332, 9381, 9384, 9389, 9396, 9398, 9416, 9485, 9497, 9501, 9503, 9504, 9515, 9523, 9531, 9532, 9534, 9542, 9546, 9548, 9561, 9568, 9575, 9577, 9578, 9580, 9587, 9604, 9605, 9611, 9622, 9661, 9684, 9700, 9704, 9707, 9712, 9716, 9717, 9738, 9740, 9746, 9749, 9764, 9765, 9767, 9782, 9803, 9813, 9834, 9869, 9870, 9872, 9876, 9887, 9903, 9911, 9919, 9951, 9973, 9982, 10039, 10067, 10069, 10082, 10084, 10103, 10116, 10131, 10175, 10186, 10198, 10210, 10240, 10341, 10344, 10355, 10357, 10373, 10375, 10376, 10380, 10398, 10401, 10410, 10414, 10415, 10420, 10445, 10450, 10457, 10469, 10477, 10491, 10495, 10543, 10548, 10550, 10606, 10612, 10613, 10619, 10620, 10621, 10627, 10632, 10637, 10640, 10644, 10652, 10653, 10655, 10668, 10681, 10685, 10687, 10718, 10720, 10738, 10765, 10767, 10775, 10809, 10849, 10889, 10892, 10950, 10951, 10959, 10962, 10963, 10964, 10974, 11005, 11007, 11009, 11015, 11020, 11029, 11042, 11065, 11087, 11104, 11122, 11123, 11176, 11194, 11215, 11221, 11233, 11240, 11243, 11346, 11382, 11409, 11422, 11439, 11457, 11477, 11487, 11549, 11563, 11571, 11629, 11643, 11652, 11666, 11675, 11676, 11680, 11730, 11737, 11738, 11746, 11765, 11783, 11813, 11840, 11873, 11875, 11912, 11920, 11928, 11954, 11972, 11983, 11996, 12012, 12025, 12042, 12071, 12109, 12121, 12124, 12126, 12140, 12141, 12194, 12209, 12215, 12218, 12220, 12223, 12233, 12247, 12268, 12298, 12317, 12330, 12337, 12348, 12422, 12425, 12444, 12459, 12463, 12468, 12479, 12480, 12481, 12520, 12545, 12569, 12613, 12645, 12651, 12658, 12671, 12693, 12694, 12732, 12733, 12736, 12739, 12741, 12753, 12756, 12784, 12788, 12800, 12808, 12819, 12822, 12829, 12830, 12833, 12839, 12842, 12844, 12849, 12890, 12906, 12932, 12936, 12947, 12959, 12973, 12979, 12982, 13005, 13014, 13018, 13048, 13056, 13084, 13138, 13139, 13177, 13219, 13356, 13359, 13362, 13401, 13416, 13433, 13436, 13540, 13552, 13580, 13596, 13597, 13633, 13640, 13654, 13675, 13677, 13686, 13689, 13690, 13699, 13702, 13717, 13725, 13730, 13768, 13795, 13812, 13819, 13826, 13925, 13932, 13933, 13948, 13968, 14011, 14013, 14033, 14059, 14081, 14088, 14090, 14099, 14101, 14125, 14137, 14174, 14226, 14228, 14230, 14235, 14251, 14253, 14258, 14265, 14269, 14294, 14312, 14322, 14325, 14346, 14351, 14379, 14388, 14399, 14401, 14413, 14426, 14431, 14440, 14489, 14490, 14563, 14573, 14579, 14595, 14608, 14610, 14612, 14616, 14619, 14628, 14738, 14763, 14770, 14781, 14782, 14783, 14792, 14798, 14812, 14836, 14852, 14866, 14896, 14897, 14901, 14907, 14921, 14924, 14937, 14947, 14963, 14980, 14981, 14986, 14988, 15039, 15159, 15199, 15228, 15298, 15302, 15305, 15349, 15363, 15364, 15394, 15407, 15443, 15449, 15511, 15546, 15668, 15791, 15792, 15800, 15839, 15995, 16055, 16090, 16103, 16108, 16130, 16132, 16138, 16142, 16156, 16166, 16171, 16199, 16202, 16207, 16237, 16244, 16250, 16291, 16333, 16341, 16353, 16366, 16428, 16449, 16454, 16466, 16485, 16573, 16574, 16622, 16625, 16654, 16738, 16754, 16761, 17052, 17071, 17096, 17121, 17128, 17129, 17137, 17213, 17226, 17231, 17276, 17306, 17308, 17394, 17397, 17398, 17422, 17435, 17438, 17440, 17441, 17443, 17445, 17458, 17467, 17487, 17597, 17605, 17616, 17625, 17672, 17795, 17796, 17797, 17798, 17805, 17806, 17808, 17811, 17812, 17813, 17816, 17817, 17820, 17823, 17835, 17867, 17872, 17873, 17876, 17907, 17913, 17939, 17941, 17942, 17947, 17948, 17960, 17980, 17981, 17982, 18002, 18003, 18006, 18019, 18037, 18038, 18039, 18047, 18079, 18099, 18101, 18113, 18133, 18141, 18146, 18166, 18208, 18215, 18241, 18272, 18294, 18311, 18315, 18346, 18408, 18417, 18419, 18467, 18516, 18540, 18557, 18575, 18626, 18627, 18748, 18785, 18798, 18852, 18867, 18936, 18945, 18959, 18992, 19010, 19153, 19159, 19174, 19183, 19189, 19208, 19224, 19310, 19363, 19369, 19372, 19374, 19379, 19413, 19424, 19440, 19462, 19497, 19504, 19589, 19707, 19714, 19721, 19735, 19756, 19777, 19780, 19820, 19903, 19908, 19916, 19920, 19922, 19923, 19951, 20030, 20129, 20157, 20226, 20278, 20321, 20323, 20355, 20363, 20364, 20376, 20381, 20384, 20412, 20418, 20424, 20425, 20433, 20450, 20491, 20492, 20494, 20505, 20527, 20562, 20587, 20594, 20679, 20700, 20749, 20818, 20947, 20967, 20982, 21032, 21038, 21043, 21061, 21072, 21121, 21194, 21238, 21329, 21397, 21398, 21408, 21414, 21420, 21422, 21533, 21570, 21577, 21585, 21588, 21591, 21595, 21596, 21620, 21622, 21644, 21666, 21688, 21698, 21699, 21701, 21702, 21705, 21726, 21918, 21919, 21958, 22071, 22100, 22230, 22255, 22259, 22541, 22545, 22612, 22778, 22822, 22827, 22832, 22843, 22882, 23077, 23142, 23226, 23248, 23331, 23346, 23355, 23356, 23366, 23372, 23498, 23613, 23659, 23671, 23689, 23725, 23729, 23774, 23780, 23835, 23842, 23875, 23877, 23882, 23888, 23889, 23892, 23893, 23897, 23904, 23910, 23923, 23927, 23928, 23933, 23937, 23945, 23949, 23950, 23951, 23954, 23955, 23959, 23995, 23999, 24085, 24095, 24121, 24289, 24291, 24336, 24400, 24404, 24509, 24512, 24513, 24515, 24563, 24564, 24567, 24568, 24595, 24605, 24606, 24610, 24611, 24618, 24629, 24636, 24637, 24638, 24656, 24696, 24712, 24753, 24956, 24959, 24964, 24969, 24978, 25029, 25069, 25254, 25255, 25256, 25268, 25305, 25355, 25405, 25611, 25612, 25759, 25762, 25810, 25817, 25862, 25876, 25878, 25930, 26025, 26059, 26110, 26140, 26144, 26256, 26312, 26358, 26582, 26643, 26644, 26646, 26722, 26884, 27024, 27255, 27303, 27321, 27333, 27564, 27589, 27631, 27648, 27683, 27709, 27710, 27799, 27847, 27895, 27914, 27947, 27982, 27991, 28029, 28144, 28168, 28176, 28236, 28335, 28482, 28621, 28714, 28729, 28859, 28860, 28902, 28905, 28909, 28910, 28915, 28917, 28919, 28959, 29003, 29018, 29118, 29130, 29179, 29217, 29223, 29248, 29290, 29318, 29319, 29329, 29388, 29437, 29613, 29644, 29791, 30003, 30005, 30006, 30367, 30372, 30393, 30395, 30418, 30455, 30457, 30521, 30690, 30712, 30767, 30945, 30999, 31004, 31005, 31016, 31017, 31131, 31155, 31258, 31302, 31525, 31572, 31626, 31628, 31633, 31660, 31662, 31734, 31840, 31850, 31905, 31940, 31951, 32015, 32059, 32061, 32077, 32187, 32220, 32222, 32371, 32396, 32402, 32439, 32514, 32526, 32827, 32875, 32876, 32878, 33073, 33158, 33398, 33465, 33474, 33595, 33598, 33617, 33682, 33749, 33796, 33877, 33941, 34086, 34147, 34182, 34287, 34312, 34313, 34394, 34565, 34807, 34886, 35530, 35531, 35532, 35599, 35735, 35828, 35903, 36301, 36302, 36573, 36895, 36918, 37206, 37207, 37258, 37471, 37535, 38002, 38004, 38005, 38006, 38194, 38491, 38492, 38897, 39075, 39077, 39088, 39122, 39124, 39316, 39519, 39842, 39843, 39892, 39962, 39985, 40257, 40423, 41369, 41711, 41843, 42087, 42405, 42408, 42491, 42805, 42828, 42873, 42944, 43242, 43821, 43841, 44146, 44613, 44841, 44876, 44880, 44924, 44925, 44949, 44951, 45507, 46226, 47281, 47541, 49545, 49785, 49786, 49787, 
rel: 1 k: 4 rho: 179.647 maxRV: 2, 3, 7, 9, 13, 15, 18, 20, 23, 29, 30, 34, 36, 44, 46, 47, 50, 61, 75, 80, 91, 92, 101, 104, 105, 135, 137, 143, 146, 147, 153, 155, 157, 159, 170, 174, 175, 181, 189, 190, 191, 195, 199, 200, 207, 209, 210, 211, 212, 218, 229, 231, 246, 248, 252, 253, 259, 262, 263, 267, 280, 281, 283, 300, 317, 320, 324, 344, 348, 378, 383, 384, 413, 415, 424, 431, 449, 457, 518, 527, 531, 568, 590, 598, 626, 639, 642, 648, 650, 652, 661, 666, 679, 686, 712, 718, 719, 721, 722, 836, 853, 854, 878, 883, 950, 962, 965, 966, 967, 969, 970, 971, 974, 976, 978, 990, 1003, 1006, 1009, 1027, 1035, 1037, 1038, 1039, 1047, 1050, 1055, 1061, 1077, 1079, 1082, 1093, 1109, 1142, 1156, 1158, 1164, 1168, 1170, 1177, 1179, 1192, 1213, 1220, 1228, 1241, 1280, 1302, 1304, 1307, 1308, 1309, 1310, 1314, 1315, 1320, 1324, 1350, 1361, 1445, 1446, 1452, 1453, 1459, 1502, 1507, 1510, 1515, 1516, 1523, 1525, 1528, 1531, 1570, 1587, 1592, 1604, 1632, 1660, 1668, 1698, 1720, 1758, 1766, 1772, 1780, 1785, 1815, 1817, 1861, 1864, 1868, 1872, 1892, 1898, 1917, 1961, 1973, 1989, 1994, 1996, 2009, 2016, 2020, 2057, 2059, 2076, 2077, 2097, 2106, 2131, 2133, 2136, 2149, 2175, 2197, 2206, 2222, 2234, 2236, 2238, 2244, 2261, 2267, 2305, 2312, 2315, 2322, 2339, 2356, 2364, 2377, 2380, 2385, 2394, 2408, 2421, 2432, 2443, 2455, 2477, 2495, 2507, 2535, 2538, 2548, 2557, 2601, 2618, 2664, 2670, 2701, 2726, 2740, 2742, 2778, 2810, 2811, 2812, 2813, 2814, 2815, 2817, 2821, 2825, 2826, 2829, 2835, 2840, 2843, 2847, 2849, 2850, 2868, 2881, 2883, 2892, 2894, 2896, 2903, 2904, 2905, 2906, 2908, 2917, 2919, 2929, 2948, 2949, 2953, 2957, 2958, 2977, 2990, 2993, 2998, 3036, 3049, 3052, 3060, 3065, 3075, 3085, 3093, 3109, 3131, 3148, 3151, 3154, 3181, 3186, 3222, 3373, 3379, 3399, 3417, 3419, 3525, 3527, 3540, 3583, 3596, 3618, 3645, 3663, 3721, 3742, 3757, 3796, 3883, 3924, 3938, 3948, 3989, 4045, 4111, 4200, 4392, 4417, 4429, 4533, 4546, 4568, 4573, 4622, 4627, 4629, 4642, 4657, 4689, 4723, 4729, 4843, 4854, 4871, 4886, 4890, 4902, 4932, 4981, 4991, 5033, 5039, 5055, 5067, 5078, 5111, 5161, 5196, 5259, 5331, 5419, 5450, 5486, 5532, 5555, 5594, 5651, 5652, 5656, 5696, 5704, 5708, 5730, 5731, 5734, 5808, 5828, 5850, 5920, 5938, 5968, 5998, 6001, 6017, 6046, 6142, 6205, 6214, 6222, 6229, 6241, 6300, 6304, 6318, 6325, 6344, 6352, 6365, 6500, 6523, 6585, 6586, 6587, 6588, 6590, 6591, 6593, 6594, 6598, 6605, 6609, 6618, 6619, 6621, 6625, 6629, 6631, 6632, 6636, 6639, 6641, 6661, 6663, 6665, 6685, 6694, 6729, 6730, 6734, 6737, 6743, 6746, 6753, 6782, 6825, 6833, 6843, 6846, 6849, 6862, 6870, 6872, 6873, 6879, 6885, 6886, 6907, 6913, 6921, 6929, 6933, 6951, 6980, 7013, 7015, 7027, 7039, 7052, 7059, 7071, 7113, 7114, 7115, 7116, 7131, 7155, 7187, 7189, 7207, 7216, 7220, 7224, 7255, 7319, 7345, 7355, 7375, 7379, 7387, 7415, 7419, 7477, 7518, 7526, 7528, 7569, 7602, 7603, 7618, 7704, 7735, 7814, 7888, 7897, 7900, 7981, 8024, 8130, 8131, 8134, 8241, 8247, 8258, 8272, 8279, 8298, 8308, 8317, 8331, 8385, 8398, 8467, 8469, 8480, 8485, 8493, 8564, 8572, 8589, 8602, 8653, 8754, 8907, 8924, 8926, 8950, 9000, 9003, 9018, 9027, 9101, 9130, 9153, 9241, 9265, 9268, 9548, 9575, 9577, 9578, 9707, 9740, 9782, 9799, 9801, 9804, 9813, 9822, 9869, 9870, 10039, 10069, 10210, 10344, 10355, 10356, 10357, 10360, 10375, 10376, 10380, 10398, 10401, 10404, 10408, 10410, 10414, 10420, 10422, 10430, 10457, 10557, 10607, 10610, 10612, 10619, 10620, 10621, 10623, 10632, 10635, 10637, 10640, 10642, 10644, 10652, 10653, 10655, 10662, 10663, 10668, 10685, 10687, 10710, 10712, 10713, 10718, 10725, 10732, 10739, 10744, 10768, 10775, 10778, 10809, 10849, 10889, 10950, 10951, 10962, 10963, 10964, 10974, 10975, 11009, 11194, 11268, 11310, 11409, 11635, 11643, 11666, 11674, 11737, 11738, 11972, 12140, 12142, 12194, 12223, 12569, 12668, 12733, 12739, 12741, 12800, 12819, 12822, 12861, 12862, 12867, 12947, 12959, 12973, 12979, 12982, 13138, 13219, 13535, 13675, 13677, 13686, 13689, 13690, 13702, 13717, 13725, 13852, 14011, 14081, 14228, 14230, 14235, 14351, 14431, 14440, 14738, 14763, 14907, 15199, 15200, 15228, 15407, 15449, 15856, 16090, 16130, 16250, 16353, 16361, 16454, 16466, 17308, 17397, 17422, 17435, 17440, 17443, 17445, 17795, 17797, 17805, 17808, 17811, 17812, 17813, 17816, 17817, 17820, 17867, 17872, 17907, 17913, 17939, 17941, 17948, 17960, 18003, 18079, 18101, 18215, 18294, 18346, 19371, 19372, 19373, 19375, 19379, 19381, 19389, 19394, 19399, 19401, 19404, 19413, 19414, 19417, 19419, 19424, 19432, 19439, 19444, 19452, 19453, 19462, 19465, 19472, 20226, 20412, 20491, 20527, 21329, 21585, 21588, 21591, 21595, 21596, 21620, 21851, 22255, 22259, 22882, 23021, 24291, 25759, 26025, 26042, 26496, 28699, 29324, 29326, 29329, 30767, 32061, 32876, 33682, 36573, 39519, 
rel: 1 k: 5 rho: 66.8252 maxRV: 2, 3, 7, 13, 15, 18, 20, 29, 30, 36, 44, 47, 50, 61, 75, 80, 101, 104, 143, 146, 147, 153, 155, 157, 159, 170, 174, 189, 191, 195, 200, 207, 209, 210, 212, 218, 229, 231, 246, 253, 256, 262, 263, 281, 283, 317, 324, 344, 348, 424, 527, 626, 639, 648, 652, 661, 679, 686, 718, 719, 722, 836, 853, 878, 962, 969, 974, 978, 1003, 1006, 1027, 1035, 1037, 1038, 1039, 1047, 1050, 1055, 1061, 1077, 1082, 1093, 1142, 1156, 1158, 1163, 1164, 1168, 1177, 1179, 1213, 1220, 1280, 1304, 1308, 1309, 1310, 1314, 1324, 1445, 1446, 1452, 1453, 1502, 1531, 1587, 1632, 1692, 1772, 1785, 1815, 1864, 1868, 1872, 1892, 1961, 1973, 2016, 2020, 2057, 2059, 2077, 2106, 2133, 2149, 2175, 2244, 2267, 2339, 2380, 2408, 2432, 2443, 2455, 2495, 2548, 2601, 2701, 2810, 2811, 2812, 2814, 2815, 2817, 2821, 2825, 2829, 2835, 2840, 2847, 2849, 2850, 2868, 2881, 2883, 2892, 2894, 2896, 2903, 2904, 2905, 2906, 2908, 2917, 2919, 2920, 2929, 2942, 2948, 2949, 2953, 2958, 2990, 2993, 3036, 3060, 3065, 3093, 3109, 3154, 3181, 3186, 3222, 3419, 3438, 3583, 3596, 3757, 3796, 3883, 3938, 4045, 4533, 4902, 5033, 5055, 5404, 5594, 6300, 6325, 6585, 6586, 6587, 6588, 6590, 6591, 6593, 6594, 6598, 6605, 6609, 6618, 6619, 6623, 6625, 6629, 6632, 6636, 6639, 6647, 6650, 6661, 6663, 6665, 6685, 6690, 6694, 6729, 6734, 6735, 6737, 6746, 6753, 6782, 6825, 6833, 6843, 6849, 6870, 6872, 6873, 6907, 6913, 6921, 6929, 6933, 6951, 7015, 7039, 7071, 7114, 7115, 7155, 7216, 7220, 7255, 7319, 7355, 7387, 7415, 7419, 7526, 7602, 7603, 7814, 8130, 8131, 8170, 8241, 8247, 8467, 8480, 8485, 8493, 8924, 8926, 9018, 9241, 9577, 9740, 9869, 9870, 10344, 10355, 10356, 10357, 10358, 10360, 10375, 10376, 10380, 10398, 10401, 10404, 10408, 10410, 10414, 10420, 10422, 10430, 10442, 10457, 10607, 10610, 10612, 10619, 10620, 10621, 10623, 10627, 10632, 10635, 10637, 10640, 10642, 10644, 10652, 10653, 10655, 10662, 10663, 10668, 10682, 10684, 10685, 10687, 10710, 10712, 10713, 10725, 10732, 10739, 10741, 10744, 10748, 10755, 10768, 10773, 10775, 10778, 10805, 10809, 10810, 10849, 10880, 10959, 10963, 10964, 10974, 11020, 11310, 11666, 12668, 12800, 12982, 13219, 14351, 14431, 15856, 16130, 16361, 17308, 17907, 18003, 18215, 21585, 21588, 21591, 21595, 21596, 21620, 22255, 26042, 32061, 
rel: 1 k: 6 rho: 39.6386 maxRV: 3, 7, 20, 30, 36, 75, 80, 143, 146, 147, 153, 155, 157, 159, 170, 174, 189, 191, 195, 207, 209, 210, 212, 218, 229, 231, 246, 253, 262, 263, 281, 283, 317, 344, 348, 424, 449, 626, 648, 652, 661, 679, 718, 719, 836, 853, 962, 974, 1003, 1077, 1082, 1093, 1156, 1164, 1168, 1179, 1213, 1308, 1324, 1445, 1446, 1452, 1453, 1502, 1692, 1864, 1868, 1961, 1973, 2020, 2059, 2106, 2133, 2149, 2244, 2380, 2811, 2812, 2814, 2815, 2817, 2821, 2825, 2829, 2835, 2840, 2847, 2849, 2850, 2881, 2883, 2892, 2894, 2896, 2904, 2905, 2906, 2908, 2917, 2919, 2920, 2929, 2948, 2953, 2958, 2990, 2993, 3036, 3060, 3065, 3109, 3154, 3181, 3186, 3222, 3596, 3757, 3796, 4045, 4546, 4902, 5594, 6325, 6585, 6587, 6590, 6591, 6593, 6594, 6598, 6605, 6609, 6618, 6619, 6623, 6625, 6629, 6632, 6636, 6639, 6647, 6663, 6665, 6685, 6690, 6694, 6729, 6734, 6746, 6753, 6782, 6833, 6843, 6849, 6872, 6907, 6913, 6921, 6929, 6933, 7015, 7039, 7115, 7155, 7216, 7220, 7602, 7603, 7814, 8130, 8247, 8467, 8480, 8485, 8924, 8926, 9241, 9577, 9740, 9869, 10344, 10355, 10356, 10357, 10375, 10376, 10380, 10398, 10404, 10410, 10414, 10457, 10610, 10612, 10613, 10620, 10621, 10632, 10635, 10637, 10640, 10642, 10644, 10652, 10653, 10655, 10662, 10663, 10668, 10682, 10684, 10685, 10687, 10710, 10712, 10725, 10732, 10741, 10748, 10755, 10768, 10775, 10778, 10805, 10809, 10810, 10849, 10880, 10963, 10974, 11020, 13219, 15228, 15856, 21588, 21591, 21595, 21620, 
rel: 1 k: 7 rho: 28.6387 maxRV: 3, 7, 36, 143, 146, 147, 155, 159, 170, 174, 207, 209, 212, 218, 229, 231, 246, 253, 262, 263, 281, 283, 317, 348, 626, 652, 679, 718, 719, 1077, 1082, 1093, 1446, 1502, 1864, 1868, 1973, 2020, 2059, 2133, 2244, 2811, 2812, 2815, 2817, 2821, 2825, 2829, 2835, 2850, 2881, 2883, 2892, 2894, 2896, 2904, 2908, 2917, 2919, 2929, 2948, 2953, 2990, 3060, 3065, 3154, 3181, 3186, 3222, 3796, 6585, 6587, 6591, 6594, 6598, 6609, 6618, 6665, 6729, 6734, 6746, 6753, 6782, 6849, 6872, 6907, 6913, 6921, 6929, 6933, 7155, 7216, 7220, 8130, 8467, 8480, 9577, 10344, 10355, 10356, 10357, 10373, 10375, 10376, 10380, 10398, 10410, 10414, 10610, 10612, 10620, 10621, 10632, 10635, 10637, 10640, 10642, 10644, 10652, 10653, 10655, 10662, 10663, 10682, 10684, 10685, 10687, 10710, 10712, 10725, 10732, 10741, 10748, 10755, 10768, 10778, 10805, 10809, 10810, 10963, 
rel: 1 k: 8 rho: 29.0529 maxRV: 262, 281, 1077, 2811, 2812, 2815, 2821, 2825, 2829, 2850, 2881, 2892, 2894, 2896, 2904, 2908, 2917, 2919, 2929, 2948, 2953, 3222, 6609, 6782, 6907, 6913, 6929, 6933, 7155, 8130, 8467, 8485, 9577, 10344, 10355, 10356, 10357, 10375, 10376, 10380, 10398, 10410, 10414, 10610, 10612, 10620, 10621, 10627, 10632, 10635, 10637, 10640, 10642, 10644, 10652, 10655, 10662, 10663, 10682, 10684, 10685, 10687, 10710, 10712, 10725, 10741, 10748, 10768, 10778, 10805, 10809, 
rel: 1 k: 9 rho: 25.27 maxRV: 262, 281, 1077, 2811, 2812, 2815, 2821, 2825, 2829, 2850, 2881, 2892, 2894, 2896, 2904, 2908, 2917, 2919, 2929, 2948, 2953, 6609, 6636, 6782, 6907, 6913, 6921, 6929, 6933, 7155, 8130, 8467, 8485, 9577, 10198, 10344, 10355, 10356, 10357, 10373, 10375, 10376, 10380, 10398, 10410, 10414, 10606, 10610, 10612, 10620, 10621, 10627, 10632, 10635, 10637, 10640, 10642, 10644, 10652, 10655, 10662, 10663, 10666, 10681, 10682, 10684, 10685, 10687, 10707, 10710, 10712, 10720, 10725, 10734, 10741, 10747, 10748, 10765, 10768, 10778, 10805, 
rel: 1 k: 10 rho: 24.437 maxRV: 262, 281, 1077, 2811, 2812, 2815, 2821, 2825, 2829, 2850, 2881, 2892, 2896, 2904, 2908, 2917, 2919, 2929, 2948, 2953, 6609, 6636, 6782, 6907, 6913, 6921, 6933, 7155, 8130, 8467, 8485, 10344, 10355, 10356, 10357, 10373, 10375, 10376, 10380, 10398, 10410, 10414, 10610, 10612, 10620, 10621, 10627, 10632, 10635, 10637, 10640, 10642, 10644, 10652, 10655, 10662, 10663, 10682, 10684, 10685, 10710, 10712, 10720, 10725, 10748, 10768, 10778, 10805, 
rel: 1 k: 11 rho: 21.6078 maxRV: 262, 281, 1077, 2811, 2812, 2815, 2821, 2825, 2829, 2850, 2881, 2892, 2896, 2904, 2919, 2929, 2948, 2953, 6609, 6636, 6907, 6913, 6921, 6933, 7155, 8467, 8485, 10344, 10356, 10357, 10373, 10375, 10376, 10380, 10398, 10410, 10414, 10606, 10610, 10612, 10620, 10621, 10627, 10632, 10635, 10637, 10640, 10642, 10644, 10652, 10655, 10662, 10663, 10682, 10684, 10685, 10710, 10712, 10725, 10748, 10768, 10778, 
rel: 1 k: 12 rho: 19.5981 maxRV: 262, 281, 1077, 2811, 2812, 2815, 2821, 2825, 2829, 2850, 2881, 2892, 2896, 2904, 2919, 2929, 2948, 2953, 6609, 6636, 6907, 6913, 6921, 6933, 8467, 10344, 10373, 10375, 10376, 10380, 10398, 10410, 10414, 10610, 10612, 10620, 10621, 10632, 10635, 10637, 10640, 10642, 10644, 10652, 10655, 10662, 10663, 10682, 10684, 10685, 10710, 10712, 10725, 10768, 
rel: 1 k: 13 rho: 18.2121 maxRV: 262, 281, 1077, 2811, 2812, 2815, 2821, 2825, 2829, 2850, 2881, 2892, 2896, 2904, 2919, 2929, 2948, 2953, 6609, 6636, 6907, 6913, 6921, 6933, 8467, 10344, 10373, 10375, 10376, 10380, 10398, 10410, 10414, 10610, 10612, 10620, 10621, 10632, 10635, 10637, 10640, 10642, 10652, 10655, 10662, 10663, 10684, 10710, 10712, 10725, 10768, 
rel: 1 k: 14 rho: 14.7147 maxRV: 262, 2811, 2812, 2815, 2821, 2825, 2829, 2850, 2881, 2892, 2896, 2904, 2919, 2929, 2948, 2953, 6609, 6907, 6913, 6921, 6933, 8467, 10344, 10373, 10375, 10380, 10398, 10606, 10610, 10612, 10620, 10621, 10627, 10632, 10635, 10637, 10640, 10642, 10652, 10655, 10662, 10663, 10707, 10710, 10712, 10720, 10725, 10734, 10765, 10768, 
rel: 1 k: 15 rho: 10.397 maxRV: 2811, 2815, 2892, 2904, 2919, 6609, 6913, 10344, 10373, 10398, 10610, 10612, 10620, 10621, 10632, 10635, 10637, 10640, 10642, 10652, 10655, 10662, 10663, 10710, 10712, 10725, 
rel: 1 k: 16 rho: 9.92173 maxRV: 2815, 2892, 2904, 2919, 6609, 6913, 10344, 10373, 10398, 10610, 10612, 10620, 10621, 10627, 10632, 10635, 10637, 10640, 10642, 10652, 10655, 10662, 10663, 10710, 10712, 
rel: 1 k: 17 rho: 9.61705 maxRV: 2811, 2815, 2892, 2904, 2919, 6609, 6913, 10344, 10373, 10398, 10610, 10612, 10620, 10621, 10627, 10632, 10635, 10637, 10640, 10642, 10652, 10655, 10662, 10663, 10710, 10712, 
rel: 1 k: 18 rho: 7.99556 maxRV: 2815, 2892, 2904, 2919, 6609, 6913, 10344, 10373, 10398, 10610, 10612, 10620, 10621, 10627, 10632, 10635, 10637, 10642, 10652, 10663, 10710, 
rel: 1 k: 19 rho: 6.77742 maxRV: 2811, 2815, 2892, 2904, 2919, 6609, 10344, 10373, 10398, 10610, 10612, 10620, 10621, 10627, 10632, 10635, 10637, 10642, 10652, 10663, 
query: 91
Construct Successful.
query: 92
Construct Successful.
query: 93
Construct Successful.
rel: 1 k: 11 rho: 5.93454 maxRV: 0, 1, 2, 3, 4, 5, 7, 8, 9, 10, 11, 12, 13, 14, 15, 16, 17, 18, 
rel: 1 k: 10 rho: 11.8956 maxRV: 0, 2, 3, 4, 5, 7, 8, 9, 10, 11, 12, 13, 14, 15, 16, 17, 18, 19, 20, 22, 23, 24, 25, 26, 27, 28, 29, 30, 32, 34, 37, 38, 
rel: 1 k: 9 rho: 12.9023 maxRV: 0, 2, 3, 4, 5, 7, 8, 9, 10, 11, 12, 13, 14, 15, 16, 17, 18, 19, 20, 21, 22, 23, 24, 25, 26, 27, 28, 29, 30, 32, 34, 37, 38, 39, 41, 42, 
rel: 1 k: 8 rho: 14.9597 maxRV: 0, 2, 3, 4, 5, 7, 8, 9, 10, 11, 12, 13, 14, 15, 16, 17, 18, 19, 20, 22, 23, 24, 25, 26, 27, 28, 29, 30, 34, 37, 38, 39, 41, 42, 43, 45, 54, 55, 56, 
rel: 1 k: 7 rho: 16.551 maxRV: 0, 2, 3, 4, 5, 7, 8, 9, 10, 11, 12, 13, 14, 15, 16, 17, 18, 19, 20, 22, 23, 24, 25, 26, 27, 28, 29, 30, 31, 32, 33, 34, 37, 38, 39, 41, 42, 43, 45, 54, 55, 56, 57, 58, 59, 60, 61, 
rel: 1 k: 6 rho: 18.7747 maxRV: 0, 2, 3, 4, 5, 8, 9, 10, 11, 12, 13, 14, 15, 16, 17, 18, 19, 20, 21, 22, 23, 24, 25, 26, 27, 28, 29, 30, 31, 32, 33, 34, 35, 37, 38, 39, 41, 42, 45, 54, 55, 56, 57, 58, 59, 60, 61, 73, 74, 75, 76, 77, 
rel: 1 k: 5 rho: 20.9583 maxRV: 0, 2, 3, 4, 5, 7, 8, 9, 10, 11, 12, 13, 14, 15, 16, 17, 18, 19, 20, 22, 23, 24, 25, 26, 27, 28, 29, 30, 31, 32, 33, 34, 37, 38, 39, 41, 42, 45, 54, 55, 56, 57, 58, 59, 60, 61, 73, 74, 75, 76, 77, 93, 94, 97, 132, 
rel: 1 k: 4 rho: 27.4622 maxRV: 0, 2, 3, 4, 5, 7, 8, 9, 11, 12, 13, 14, 15, 16, 17, 18, 19, 20, 22, 23, 24, 25, 26, 27, 28, 29, 30, 31, 32, 33, 34, 35, 37, 38, 39, 41, 42, 45, 46, 47, 48, 49, 50, 51, 52, 53, 54, 55, 56, 57, 58, 59, 60, 61, 62, 71, 72, 73, 74, 75, 76, 77, 78, 80, 93, 94, 97, 98, 99, 100, 101, 102, 125, 126, 132, 133, 134, 136, 137, 139, 165, 166, 167, 168, 174, 175, 176, 178, 201, 202, 210, 211, 212, 213, 214, 215, 216, 218, 219, 220, 221, 222, 223, 224, 225, 226, 228, 229, 230, 257, 258, 259, 260, 265, 266, 276, 278, 279, 280, 282, 283, 284, 285, 286, 287, 288, 289, 290, 291, 297, 298, 322, 323, 345, 346, 
rel: 1 k: 3 rho: 151.059 maxRV: 19, 26, 28, 31, 32, 35, 40, 45, 46, 47, 48, 49, 50, 51, 52, 53, 62, 71, 72, 73, 78, 79, 80, 90, 92, 96, 98, 99, 100, 101, 102, 103, 104, 105, 106, 107, 108, 109, 110, 111, 112, 113, 114, 125, 126, 127, 128, 129, 130, 133, 134, 136, 137, 139, 165, 166, 167, 168, 175, 180, 181, 182, 184, 185, 186, 187, 188, 189, 190, 192, 193, 194, 195, 196, 202, 212, 214, 219, 223, 224, 225, 226, 231, 232, 233, 234, 235, 236, 237, 238, 239, 240, 241, 242, 243, 246, 247, 249, 257, 258, 259, 260, 261, 262, 263, 264, 265, 266, 269, 270, 273, 274, 275, 276, 277, 278, 279, 280, 281, 282, 283, 284, 285, 286, 287, 288, 289, 290, 291, 292, 293, 294, 295, 296, 310, 311, 313, 315, 316, 317, 318, 319, 320, 321, 322, 323, 324, 325, 326, 327, 328, 329, 330, 331, 332, 333, 337, 338, 339, 340, 341, 342, 343, 344, 345, 360, 361, 362, 363, 364, 365, 366, 367, 368, 369, 371, 380, 381, 382, 383, 384, 385, 389, 390, 391, 406, 407, 408, 409, 410, 411, 412, 415, 416, 417, 418, 422, 423, 424, 425, 426, 427, 428, 429, 441, 442, 443, 444, 445, 447, 453, 454, 455, 456, 457, 458, 459, 460, 461, 462, 463, 464, 465, 466, 467, 468, 469, 470, 471, 473, 474, 475, 476, 477, 478, 479, 480, 481, 482, 483, 484, 485, 486, 489, 490, 491, 492, 493, 494, 509, 511, 515, 524, 525, 529, 530, 531, 532, 533, 535, 536, 537, 538, 539, 540, 541, 542, 543, 544, 545, 546, 547, 548, 549, 550, 551, 552, 553, 554, 555, 556, 557, 558, 561, 562, 564, 565, 566, 567, 568, 569, 570, 571, 572, 573, 574, 575, 576, 577, 578, 579, 580, 581, 582, 584, 585, 586, 587, 588, 589, 590, 591, 592, 593, 594, 595, 596, 597, 598, 599, 603, 604, 605, 606, 607, 609, 610, 611, 612, 613, 614, 615, 616, 617, 618, 623, 624, 625, 626, 628, 629, 630, 631, 632, 633, 645, 646, 653, 654, 655, 656, 657, 658, 659, 660, 661, 662, 663, 669, 670, 674, 675, 676, 677, 678, 679, 680, 681, 682, 683, 684, 685, 686, 688, 689, 692, 693, 694, 695, 696, 697, 698, 699, 703, 704, 706, 710, 711, 712, 713, 714, 715, 716, 717, 721, 722, 723, 724, 725, 726, 727, 728, 729, 730, 732, 734, 737, 738, 739, 740, 741, 742, 743, 744, 745, 746, 747, 748, 749, 750, 751, 752, 753, 754, 755, 757, 758, 759, 760, 761, 762, 763, 764, 765, 766, 767, 768, 772, 773, 774, 775, 777, 779, 817, 818, 819, 820, 821, 822, 823, 824, 825, 834, 836, 837, 838, 839, 840, 841, 842, 843, 844, 845, 846, 847, 848, 849, 850, 854, 855, 856, 857, 858, 863, 864, 865, 866, 867, 868, 870, 871, 884, 885, 886, 887, 888, 889, 890, 897, 898, 899, 901, 902, 903, 904, 905, 906, 910, 911, 912, 913, 914, 915, 916, 929, 930, 931, 932, 933, 934, 935, 936, 937, 938, 939, 940, 941, 942, 948, 949, 950, 951, 952, 953, 954, 955, 956, 957, 974, 976, 982, 989, 990, 991, 992, 995, 996, 1002, 1003, 1004, 1005, 1006, 1008, 1013, 1014, 1015, 1016, 1018, 1019, 1020, 1021, 1024, 1025, 1026, 1027, 1032, 1033, 1034, 1035, 1039, 1041, 1042, 1043, 1044, 1049, 1050, 1051, 1052, 1053, 1055, 1062, 1064, 1065, 1067, 1068, 1069, 1071, 1072, 1079, 1083, 1084, 1085, 1086, 1089, 1091, 1092, 1093, 1094, 1095, 1102, 1112, 1113, 1117, 1118, 1119, 1123, 1124, 
rel: 1 k: 3 rho: 151.273 maxRV: 20, 62, 80, 118, 146, 147, 153, 157, 170, 174, 176, 183, 195, 202, 209, 210, 214, 229, 253, 262, 263, 280, 283, 304, 315, 319, 332, 341, 349, 353, 354, 387, 404, 413, 415, 427, 433, 436, 457, 489, 505, 568, 598, 626, 650, 666, 686, 719, 736, 749, 833, 853, 969, 970, 981, 989, 1035, 1048, 1049, 1059, 1076, 1080, 1082, 1156, 1160, 1168, 1171, 1177, 1179, 1220, 1228, 1239, 1248, 1309, 1310, 1335, 1358, 1362, 1366, 1429, 1452, 1498, 1505, 1510, 1511, 1524, 1536, 1540, 1542, 1546, 1578, 1662, 1702, 1721, 1730, 1742, 1762, 1780, 1798, 1817, 1820, 1879, 1917, 1921, 1964, 1968, 1984, 1996, 1998, 2011, 2020, 2026, 2029, 2036, 2041, 2057, 2093, 2096, 2136, 2168, 2180, 2199, 2207, 2227, 2232, 2236, 2242, 2250, 2273, 2284, 2313, 2322, 2339, 2368, 2374, 2386, 2387, 2394, 2455, 2507, 2553, 2619, 2642, 2684, 2701, 2745, 2767, 2810, 2812, 2820, 2841, 2868, 2896, 2907, 2922, 2941, 2970, 3032, 3063, 3065, 3085, 3096, 3111, 3112, 3113, 3158, 3186, 3193, 3256, 3284, 3295, 3342, 3350, 3379, 3417, 3515, 3517, 3527, 3531, 3540, 3563, 3583, 3635, 3662, 3682, 3713, 3733, 3801, 3825, 3826, 3882, 3908, 3941, 4045, 4412, 4443, 4471, 4495, 4546, 4659, 4683, 4695, 4696, 4711, 4722, 4770, 4802, 4871, 4887, 4932, 4973, 4996, 5025, 5026, 5028, 5033, 5045, 5053, 5055, 5058, 5161, 5259, 5326, 5393, 5418, 5419, 5421, 5424, 5425, 5443, 5486, 5532, 5595, 5604, 5635, 5641, 5656, 5679, 5693, 5698, 5708, 5731, 5738, 5744, 5756, 5763, 5798, 5799, 5844, 5858, 5868, 5920, 5932, 5955, 5964, 5967, 5981, 5992, 6001, 6017, 6055, 6104, 6118, 6127, 6136, 6168, 6192, 6199, 6205, 6214, 6217, 6265, 6318, 6325, 6328, 6346, 6442, 6500, 6584, 6585, 6588, 6596, 6599, 6618, 6641, 6737, 6743, 6747, 6758, 6776, 6815, 6833, 6843, 6847, 6862, 6864, 6872, 6879, 6885, 6948, 6955, 6991, 7052, 7174, 7216, 7306, 7312, 7317, 7353, 7362, 7385, 7392, 7410, 7419, 7426, 7442, 7443, 7449, 7459, 7467, 7470, 7513, 7523, 7546, 7548, 7569, 7579, 7618, 7636, 7703, 7814, 7822, 7852, 7981, 7984, 8020, 8070, 8169, 8194, 8197, 8216, 8272, 8283, 8380, 8434, 8467, 8520, 8542, 8653, 8820, 8868, 8895, 8911, 8916, 8967, 8971, 8983, 9044, 9134, 9142, 9151, 9153, 9154, 9197, 9209, 9253, 9322, 9332, 9394, 9402, 9419, 9577, 9593, 9659, 9663, 9707, 9736, 9744, 9749, 9762, 9764, 9765, 9878, 10069, 10084, 10131, 10359, 10431, 10435, 10467, 10599, 10637, 10649, 10662, 10748, 10964, 11044, 11104, 11243, 11310, 11322, 11393, 11434, 11563, 11817, 11996, 12200, 12261, 12268, 12303, 12331, 12333, 12343, 12384, 12404, 12424, 12467, 12468, 12477, 12479, 12569, 12571, 12586, 12668, 12732, 12736, 12784, 12819, 12844, 12979, 13023, 13026, 13048, 13084, 13138, 13210, 13329, 13453, 13503, 13689, 13691, 13698, 13702, 13717, 13762, 13826, 13916, 13947, 13968, 13971, 14024, 14036, 14081, 14099, 14101, 14113, 14345, 14348, 14388, 14465, 14546, 14549, 14615, 14649, 14758, 14798, 14817, 14866, 14907, 15019, 15021, 15051, 15307, 15321, 15429, 15435, 15453, 15471, 15493, 15628, 15659, 15856, 16108, 16341, 16345, 16353, 16573, 16654, 17213, 17231, 17300, 17324, 17355, 17805, 17812, 17813, 17876, 17910, 17915, 17939, 18101, 18222, 18324, 18366, 18474, 18692, 18959, 19224, 19413, 19675, 19678, 19787, 20412, 20424, 20496, 20497, 20527, 20650, 21398, 21772, 21896, 22295, 22307, 22843, 22858, 22860, 23153, 23346, 23452, 23755, 23764, 23774, 23780, 23875, 23929, 23937, 23959, 24033, 24186, 24351, 24425, 25063, 25227, 25231, 25759, 25828, 25951, 26425, 26507, 27324, 27338, 27895, 27982, 28431, 29130, 29320, 29685, 29687, 29691, 29732, 29735, 29976, 30385, 30580, 30689, 30747, 30945, 31386, 31626, 31629, 31761, 31904, 32875, 33036, 33229, 33337, 33682, 33763, 34211, 34394, 34398, 34811, 35823, 35828, 36573, 37803, 38908, 39026, 39075, 40237, 41031, 41859, 42125, 42127, 44502, 46242, 49553, 
rel: 1 k: 4 rho: 27.4622 maxRV: 146, 147, 157, 170, 209, 214, 229, 253, 262, 263, 283, 341, 626, 638, 719, 833, 1071, 1076, 1082, 1964, 2020, 2041, 2168, 2810, 2812, 2814, 2815, 2820, 2821, 2825, 2829, 2892, 2896, 2904, 2913, 2922, 2970, 2975, 3032, 3065, 3080, 3158, 3186, 3419, 3682, 3882, 4045, 6325, 6584, 6585, 6618, 6641, 6758, 6843, 6864, 6872, 6903, 6907, 6914, 7216, 7306, 7419, 7443, 7523, 7546, 7651, 7814, 8467, 8469, 8898, 8902, 9577, 9749, 9764, 10339, 10345, 10355, 10359, 10360, 10368, 10370, 10375, 10383, 10400, 10414, 10423, 10430, 10435, 10436, 10457, 10458, 10554, 10607, 10611, 10616, 10621, 10622, 10635, 10637, 10640, 10649, 10652, 10659, 10662, 10682, 10685, 10699, 10717, 10728, 10744, 10748, 10762, 10773, 10802, 10805, 10964, 11009, 11042, 12979, 13503, 15296, 15307, 15407, 15628, 15815, 15855, 16573, 18366, 20424, 21825, 23153, 23774, 23780, 25999, 26042, 
rel: 1 k: 5 rho: 20.9583 maxRV: 262, 1076, 2811, 2812, 2814, 2815, 2821, 2825, 2829, 2892, 2896, 2904, 2913, 2975, 3080, 6903, 6907, 6914, 8467, 8898, 9577, 10339, 10345, 10355, 10359, 10368, 10370, 10375, 10383, 10400, 10414, 10423, 10435, 10436, 10458, 10611, 10616, 10621, 10622, 10635, 10637, 10640, 10652, 10659, 10662, 10682, 10685, 10699, 10717, 10728, 10748, 10762, 10802, 10805, 15296, 
rel: 1 k: 6 rho: 18.7747 maxRV: 262, 638, 1076, 2811, 2812, 2815, 2821, 2825, 2829, 2892, 2896, 2904, 2913, 2975, 3080, 6636, 6903, 6907, 6914, 8467, 8898, 9577, 10339, 10345, 10355, 10359, 10368, 10370, 10375, 10383, 10400, 10414, 10423, 10435, 10436, 10611, 10616, 10621, 10622, 10635, 10637, 10640, 10652, 10662, 10682, 10685, 10699, 10717, 10728, 10748, 10762, 10802, 
rel: 1 k: 7 rho: 16.551 maxRV: 262, 1076, 2811, 2812, 2815, 2821, 2825, 2829, 2892, 2896, 2904, 2913, 2975, 3080, 6903, 6907, 6914, 8467, 8898, 10339, 10345, 10355, 10359, 10370, 10375, 10383, 10400, 10414, 10435, 10611, 10616, 10621, 10635, 10637, 10640, 10652, 10659, 10662, 10666, 10682, 10685, 10699, 10717, 10728, 10748, 10762, 10802, 
rel: 1 k: 8 rho: 14.9597 maxRV: 2811, 2812, 2815, 2821, 2825, 2829, 2892, 2896, 2904, 2913, 2975, 6903, 6907, 6914, 8467, 8898, 10339, 10345, 10359, 10370, 10375, 10414, 10616, 10621, 10635, 10637, 10640, 10652, 10659, 10662, 10666, 10682, 10685, 10699, 10717, 10728, 10748, 10762, 10802, 
rel: 1 k: 9 rho: 12.9023 maxRV: 262, 2811, 2812, 2815, 2821, 2825, 2829, 2892, 2896, 2904, 2913, 2975, 6636, 6903, 6907, 6914, 8467, 8898, 10339, 10345, 10359, 10370, 10375, 10414, 10621, 10635, 10637, 10640, 10652, 10659, 10662, 10682, 10685, 10699, 10717, 10762, 
rel: 1 k: 10 rho: 11.8956 maxRV: 262, 2811, 2812, 2815, 2821, 2825, 2829, 2892, 2896, 2904, 2913, 2975, 6903, 6907, 6914, 8467, 8898, 10345, 10359, 10370, 10375, 10621, 10635, 10637, 10640, 10652, 10659, 10662, 10682, 10699, 10717, 10762, 
rel: 1 k: 11 rho: 5.93454 maxRV: 2811, 2815, 2892, 2904, 6914, 10345, 10359, 10370, 10621, 10635, 10637, 10652, 10659, 10682, 10699, 10707, 10717, 10762, 
rel: 1 k: 3 rho: 163.003 maxRV: 20, 62, 80, 118, 146, 147, 153, 157, 170, 174, 176, 181, 183, 195, 202, 209, 210, 214, 229, 253, 263, 280, 283, 304, 315, 319, 341, 349, 353, 354, 387, 404, 413, 415, 433, 436, 457, 489, 505, 568, 598, 626, 650, 666, 686, 719, 736, 749, 833, 853, 969, 970, 981, 989, 1035, 1048, 1049, 1059, 1076, 1082, 1156, 1160, 1168, 1171, 1177, 1179, 1220, 1228, 1239, 1248, 1309, 1310, 1335, 1358, 1362, 1366, 1429, 1452, 1498, 1505, 1510, 1511, 1524, 1536, 1540, 1542, 1546, 1578, 1662, 1702, 1721, 1730, 1742, 1762, 1780, 1798, 1817, 1820, 1879, 1917, 1921, 1964, 1968, 1984, 1996, 1998, 2011, 2020, 2026, 2029, 2036, 2041, 2057, 2093, 2096, 2136, 2168, 2199, 2207, 2227, 2232, 2236, 2242, 2250, 2273, 2284, 2313, 2322, 2339, 2368, 2374, 2386, 2387, 2394, 2455, 2507, 2553, 2619, 2642, 2684, 2701, 2745, 2767, 2810, 2820, 2821, 2825, 2829, 2841, 2868, 2892, 2896, 2904, 2913, 2922, 2941, 2952, 2970, 2975, 3032, 3063, 3065, 3085, 3096, 3111, 3112, 3113, 3158, 3179, 3186, 3256, 3284, 3295, 3342, 3350, 3379, 3417, 3515, 3517, 3527, 3531, 3540, 3563, 3583, 3635, 3662, 3682, 3733, 3801, 3825, 3826, 3882, 3908, 3941, 4045, 4412, 4443, 4471, 4495, 4659, 4683, 4695, 4696, 4711, 4722, 4770, 4802, 4871, 4887, 4932, 4973, 4996, 5025, 5026, 5028, 5033, 5045, 5053, 5055, 5058, 5161, 5259, 5393, 5418, 5419, 5421, 5424, 5425, 5436, 5443, 5486, 5532, 5538, 5595, 5635, 5641, 5656, 5679, 5693, 5698, 5708, 5731, 5737, 5738, 5744, 5756, 5763, 5798, 5799, 5844, 5858, 5868, 5920, 5932, 5955, 5964, 5967, 5981, 5992, 6001, 6017, 6055, 6118, 6127, 6136, 6168, 6192, 6199, 6205, 6214, 6265, 6318, 6325, 6328, 6346, 6442, 6500, 6584, 6585, 6588, 6596, 6599, 6612, 6618, 6641, 6737, 6743, 6747, 6758, 6776, 6815, 6833, 6843, 6847, 6862, 6864, 6872, 6879, 6885, 6903, 6907, 6948, 6955, 6991, 7052, 7122, 7174, 7216, 7306, 7312, 7317, 7353, 7362, 7385, 7410, 7419, 7426, 7442, 7443, 7449, 7467, 7470, 7523, 7546, 7548, 7569, 7579, 7618, 7636, 7814, 7822, 7852, 7981, 7984, 8020, 8070, 8169, 8197, 8216, 8272, 8283, 8380, 8434, 8467, 8520, 8542, 8653, 8820, 8868, 8898, 8911, 8967, 8983, 9044, 9134, 9142, 9151, 9153, 9154, 9197, 9209, 9253, 9322, 9332, 9394, 9402, 9419, 9473, 9577, 9707, 9736, 9744, 9749, 9762, 9764, 9765, 9878, 10069, 10084, 10131, 10208, 10339, 10375, 10400, 10414, 10557, 10685, 11044, 11104, 11243, 11310, 11322, 11393, 11434, 11563, 11817, 11996, 12200, 12261, 12268, 12303, 12331, 12333, 12343, 12384, 12404, 12424, 12467, 12468, 12477, 12479, 12569, 12571, 12668, 12732, 12736, 12784, 12819, 12844, 12979, 13023, 13026, 13084, 13138, 13329, 13689, 13691, 13698, 13702, 13717, 13762, 13916, 13917, 13925, 14024, 14036, 14081, 14099, 14101, 14113, 14345, 14348, 14465, 14546, 14549, 14649, 14758, 14798, 14817, 14866, 14907, 15019, 15021, 15051, 15659, 16108, 16246, 16341, 16345, 16353, 16573, 16654, 17213, 17231, 17300, 17324, 17355, 17805, 17812, 17813, 17876, 17910, 17915, 17939, 18101, 18222, 18324, 18530, 18692, 18959, 19224, 19413, 19675, 19678, 19787, 20412, 20424, 20496, 20497, 20527, 20650, 21398, 21825, 22295, 22307, 22843, 22858, 22860, 23153, 23346, 23755, 23764, 23774, 23780, 23875, 24033, 24186, 24351, 24425, 25063, 25759, 25951, 26425, 27324, 27895, 29130, 29320, 29685, 29687, 29691, 29732, 29735, 30689, 30747, 30945, 31386, 31626, 31629, 31761, 31904, 32875, 33036, 33337, 33682, 34394, 34398, 35823, 35828, 36573, 37803, 40237, 41859, 46242, 
rel: 1 k: 4 rho: 29.8448 maxRV: 262, 638, 1071, 1076, 2811, 2812, 2814, 2815, 2821, 2825, 2829, 2892, 2896, 2904, 2913, 2975, 3080, 3419, 5404, 6596, 6636, 6903, 6907, 6914, 7651, 8467, 8469, 8898, 8902, 9577, 9593, 10339, 10345, 10355, 10359, 10360, 10368, 10370, 10375, 10383, 10400, 10414, 10423, 10430, 10435, 10436, 10457, 10458, 10554, 10607, 10611, 10616, 10621, 10622, 10635, 10637, 10640, 10649, 10652, 10662, 10682, 10685, 10699, 10717, 10728, 10744, 10748, 10762, 10773, 10802, 10805, 10959, 10964, 11009, 11042, 13503, 13798, 15296, 15307, 15407, 15628, 15815, 15855, 18366, 21825, 25999, 26042, 
rel: 1 k: 5 rho: 20.9583 maxRV: 262, 1076, 2811, 2812, 2814, 2815, 2821, 2825, 2829, 2892, 2896, 2904, 2913, 2975, 3080, 6903, 6907, 6914, 8467, 8898, 9577, 10339, 10345, 10355, 10359, 10368, 10370, 10375, 10383, 10400, 10414, 10423, 10435, 10436, 10458, 10611, 10616, 10621, 10622, 10635, 10637, 10640, 10652, 10659, 10662, 10682, 10685, 10699, 10717, 10728, 10748, 10762, 10802, 10805, 15296, 
rel: 1 k: 6 rho: 18.4885 maxRV: 262, 638, 1076, 2811, 2812, 2815, 2821, 2825, 2829, 2892, 2896, 2904, 2913, 2975, 3080, 6596, 6636, 6903, 6907, 6914, 8467, 8898, 9577, 10339, 10345, 10355, 10359, 10368, 10370, 10375, 10383, 10400, 10414, 10423, 10435, 10436, 10611, 10616, 10621, 10622, 10635, 10637, 10640, 10652, 10662, 10682, 10685, 10699, 10717, 10728, 10748, 10762, 10802, 
rel: 1 k: 7 rho: 16.551 maxRV: 262, 1076, 2811, 2812, 2815, 2821, 2825, 2829, 2892, 2896, 2904, 2913, 2975, 3080, 6903, 6907, 6914, 8467, 8898, 10339, 10345, 10355, 10359, 10370, 10375, 10383, 10400, 10414, 10435, 10611, 10616, 10621, 10635, 10637, 10640, 10652, 10659, 10662, 10666, 10682, 10685, 10699, 10717, 10728, 10748, 10762, 10802, 
rel: 1 k: 8 rho: 14.9597 maxRV: 2811, 2812, 2815, 2821, 2825, 2829, 2892, 2896, 2904, 2913, 2975, 6903, 6907, 6914, 8467, 8898, 10339, 10345, 10359, 10370, 10375, 10414, 10616, 10621, 10635, 10637, 10640, 10652, 10659, 10662, 10666, 10682, 10685, 10699, 10717, 10728, 10748, 10762, 10802, 
rel: 1 k: 9 rho: 12.9023 maxRV: 262, 2811, 2812, 2815, 2821, 2825, 2829, 2892, 2896, 2904, 2913, 2975, 6636, 6903, 6907, 6914, 8467, 8898, 10339, 10345, 10359, 10370, 10375, 10414, 10621, 10635, 10637, 10640, 10652, 10659, 10662, 10682, 10685, 10699, 10717, 10762, 
rel: 1 k: 10 rho: 11.6563 maxRV: 262, 2811, 2812, 2815, 2821, 2825, 2829, 2892, 2896, 2904, 2913, 2975, 3080, 6903, 6907, 6914, 8467, 8898, 10345, 10359, 10370, 10375, 10621, 10635, 10637, 10640, 10652, 10659, 10662, 10682, 10699, 10717, 10762, 
rel: 1 k: 11 rho: 5.93454 maxRV: 2811, 2815, 2892, 2904, 6914, 10345, 10359, 10370, 10621, 10635, 10637, 10652, 10659, 10682, 10699, 10707, 10717, 10762, 
query: 94
Construct Successful.
query: 95
Construct Successful.
query: 96
Construct Successful.
query: 97
Construct Successful.
query: 98
Construct Successful.
query: 99
Construct Successful.
Average basic: 126.21 milliseconds
Average improve: 165.48 milliseconds
Average best: 132.94 milliseconds
Average basic+qw: 127.79 milliseconds
Average improve+qw: 167.06 milliseconds
Average best+qw: 134.52 milliseconds
Average basic+qw+sim: 666.77 milliseconds
Average improve+qw+sim: 706.04 milliseconds
Average best+qw+sim: 673.5 milliseconds
simThreshold: 0.8
k: 3
query: 0
Construct Successful.
query: 1
Construct Successful.
query: 2
Construct Successful.
query: 3
Construct Successful.
query: 4
Construct Successful.
query: 5
Construct Successful.
query: 6
Construct Successful.
query: 7
Construct Successful.
query: 8
Construct Successful.
query: 9
Construct Successful.
query: 10
Construct Successful.
query: 11
Construct Successful.
query: 12
Construct Successful.
query: 13
Construct Successful.
query: 14
Construct Successful.
query: 15
Construct Successful.
query: 16
Construct Successful.
query: 17
Construct Successful.
query: 18
Construct Successful.
query: 19
Construct Successful.
query: 20
Construct Successful.
query: 21
Construct Successful.
query: 22
Construct Successful.
query: 23
Construct Successful.
query: 24
Construct Successful.
query: 25
Construct Successful.
query: 26
Construct Successful.
query: 27
Construct Successful.
query: 28
Construct Successful.
query: 29
Construct Successful.
query: 30
Construct Successful.
query: 31
Construct Successful.
query: 32
Construct Successful.
query: 33
Construct Successful.
query: 34
Construct Successful.
query: 35
Construct Successful.
query: 36
Construct Successful.
query: 37
Construct Successful.
query: 38
Construct Successful.
query: 39
Construct Successful.
query: 40
Construct Successful.
query: 41
Construct Successful.
query: 42
Construct Successful.
query: 43
Construct Successful.
query: 44
Construct Successful.
query: 45
Construct Successful.
query: 46
Construct Successful.
rel: 1 k: 5 rho: 1.35874 maxRV: 0, 1, 2, 3, 4, 5, 6, 7, 
rel: 1 k: 4 rho: 2.07053 maxRV: 0, 1, 2, 3, 4, 6, 7, 8, 9, 
rel: 1 k: 3 rho: 6.28681 maxRV: 0, 1, 2, 3, 4, 6, 7, 8, 9, 32, 34, 35, 36, 60, 72, 73, 74, 75, 83, 84, 85, 86, 
rel: 1 k: 3 rho: 6.28681 maxRV: 146, 157, 214, 229, 231, 246, 253, 317, 970, 1093, 3036, 3038, 3181, 3256, 3805, 3946, 6746, 6758, 6861, 6879, 7222, 23875, 
rel: 1 k: 4 rho: 2.07053 maxRV: 146, 157, 214, 231, 246, 253, 1093, 3038, 3181, 
rel: 1 k: 5 rho: 1.35874 maxRV: 146, 214, 231, 246, 253, 1093, 3038, 6735, 
rel: 1 k: 3 rho: 6.23105 maxRV: 146, 157, 214, 229, 231, 246, 253, 317, 970, 1093, 3036, 3038, 3181, 3805, 3946, 6746, 6758, 6861, 6879, 7222, 23875, 
rel: 1 k: 4 rho: 2.07053 maxRV: 146, 157, 214, 231, 246, 253, 1093, 3038, 3181, 
rel: 1 k: 5 rho: 1.26714 maxRV: 146, 214, 231, 246, 253, 1093, 3038, 
query: 47
Construct Successful.
query: 48
Construct Successful.
query: 49
Construct Successful.
query: 50
Construct Successful.
query: 51
Construct Successful.
rel: 1 k: 18 rho: 7.06241 maxRV: 0, 1, 3, 4, 5, 6, 7, 9, 10, 11, 12, 13, 14, 15, 16, 17, 18, 19, 20, 21, 22, 23, 
rel: 1 k: 17 rho: 7.25586 maxRV: 0, 1, 3, 4, 5, 6, 7, 9, 10, 11, 12, 13, 14, 15, 16, 17, 18, 19, 20, 22, 23, 
rel: 1 k: 16 rho: 12.7517 maxRV: 0, 1, 2, 3, 4, 5, 6, 7, 8, 10, 11, 12, 13, 14, 15, 16, 17, 18, 19, 20, 21, 22, 23, 25, 26, 27, 28, 29, 30, 31, 32, 33, 34, 35, 36, 37, 38, 39, 40, 41, 42, 43, 44, 45, 
rel: 1 k: 15 rho: 14.1918 maxRV: 0, 1, 2, 3, 4, 5, 6, 7, 8, 10, 11, 12, 13, 14, 15, 16, 17, 18, 20, 21, 22, 23, 25, 26, 27, 28, 29, 30, 31, 32, 33, 34, 35, 36, 37, 38, 39, 40, 41, 42, 43, 44, 45, 46, 47, 48, 
rel: 1 k: 14 rho: 16.6006 maxRV: 0, 1, 3, 4, 5, 6, 7, 8, 10, 11, 12, 13, 14, 15, 16, 17, 18, 20, 22, 23, 25, 26, 27, 28, 29, 30, 31, 33, 34, 35, 36, 37, 38, 39, 41, 42, 44, 45, 46, 47, 48, 49, 50, 51, 
rel: 1 k: 13 rho: 17.6356 maxRV: 0, 1, 2, 3, 4, 5, 6, 7, 8, 9, 10, 11, 12, 13, 14, 15, 16, 17, 18, 19, 20, 22, 23, 25, 26, 27, 28, 29, 30, 31, 32, 33, 34, 35, 36, 37, 38, 39, 40, 41, 42, 43, 44, 45, 46, 47, 48, 49, 50, 51, 53, 54, 56, 58, 59, 
rel: 1 k: 12 rho: 19.2014 maxRV: 0, 1, 2, 3, 4, 5, 6, 7, 10, 11, 12, 13, 14, 15, 16, 17, 18, 19, 20, 22, 23, 25, 26, 27, 28, 29, 30, 31, 32, 33, 34, 35, 36, 37, 38, 39, 41, 42, 43, 44, 45, 46, 47, 48, 49, 50, 51, 53, 54, 55, 56, 58, 59, 60, 61, 62, 
rel: 1 k: 11 rho: 21.7382 maxRV: 0, 1, 2, 3, 4, 5, 6, 7, 9, 10, 11, 12, 13, 14, 15, 16, 17, 18, 19, 20, 21, 22, 23, 25, 26, 27, 28, 29, 30, 31, 32, 33, 34, 35, 36, 37, 38, 39, 40, 41, 42, 43, 44, 45, 46, 47, 48, 49, 50, 51, 53, 54, 55, 56, 58, 59, 60, 61, 62, 63, 64, 65, 66, 67, 68, 69, 
rel: 1 k: 10 rho: 23.9882 maxRV: 0, 1, 2, 3, 4, 5, 6, 7, 10, 11, 12, 13, 14, 15, 16, 17, 18, 19, 20, 21, 22, 23, 25, 26, 27, 28, 29, 30, 31, 32, 33, 34, 35, 36, 37, 38, 39, 40, 41, 42, 43, 44, 45, 46, 47, 48, 49, 50, 51, 53, 54, 56, 58, 59, 60, 61, 62, 63, 64, 65, 66, 67, 68, 69, 71, 72, 73, 75, 
rel: 1 k: 9 rho: 26.6282 maxRV: 0, 1, 2, 3, 4, 5, 6, 7, 10, 11, 12, 13, 14, 15, 16, 17, 18, 20, 21, 22, 23, 25, 26, 27, 28, 29, 30, 31, 32, 33, 34, 35, 36, 37, 38, 39, 40, 41, 42, 43, 44, 45, 46, 47, 48, 49, 50, 51, 53, 54, 56, 58, 59, 60, 61, 62, 63, 64, 65, 66, 67, 68, 69, 71, 72, 73, 75, 77, 78, 79, 80, 81, 
rel: 1 k: 8 rho: 30.1055 maxRV: 0, 1, 3, 4, 5, 6, 7, 10, 11, 12, 13, 14, 15, 16, 17, 18, 20, 22, 23, 25, 26, 27, 28, 29, 30, 31, 32, 33, 34, 35, 36, 37, 38, 39, 40, 41, 42, 43, 44, 45, 46, 47, 48, 49, 50, 51, 53, 54, 56, 58, 59, 60, 61, 62, 63, 64, 65, 66, 67, 68, 69, 71, 72, 73, 75, 77, 78, 79, 80, 81, 82, 84, 85, 86, 87, 88, 
rel: 1 k: 7 rho: 30.3341 maxRV: 0, 1, 3, 4, 5, 6, 7, 8, 10, 11, 12, 13, 14, 15, 16, 17, 18, 20, 22, 23, 25, 26, 27, 28, 29, 30, 31, 32, 33, 34, 35, 36, 37, 38, 39, 41, 42, 43, 44, 45, 46, 47, 48, 49, 50, 51, 53, 54, 56, 58, 59, 60, 61, 62, 63, 64, 65, 66, 67, 68, 69, 71, 72, 73, 75, 77, 78, 79, 80, 81, 82, 84, 85, 86, 87, 88, 113, 114, 115, 116, 117, 118, 119, 130, 132, 133, 134, 
rel: 1 k: 6 rho: 31.9066 maxRV: 0, 1, 2, 3, 4, 5, 6, 7, 8, 10, 11, 12, 13, 14, 15, 16, 17, 18, 20, 22, 23, 25, 26, 27, 28, 29, 30, 31, 32, 33, 34, 35, 36, 37, 38, 39, 40, 41, 42, 43, 44, 45, 46, 47, 48, 49, 50, 51, 53, 54, 56, 57, 58, 59, 60, 61, 62, 63, 64, 65, 66, 67, 68, 69, 71, 72, 73, 74, 75, 77, 78, 79, 80, 81, 82, 83, 84, 85, 86, 87, 88, 113, 114, 115, 116, 118, 120, 121, 122, 127, 128, 129, 130, 132, 133, 134, 142, 145, 146, 147, 148, 166, 168, 171, 172, 176, 177, 178, 179, 180, 181, 182, 183, 184, 185, 186, 187, 188, 189, 214, 215, 218, 219, 
rel: 1 k: 5 rho: 38.151 maxRV: 0, 1, 2, 3, 4, 5, 6, 7, 10, 11, 12, 13, 14, 15, 16, 17, 18, 20, 22, 23, 25, 26, 27, 28, 29, 30, 31, 33, 34, 35, 36, 37, 38, 39, 40, 41, 42, 43, 44, 45, 46, 47, 48, 49, 50, 51, 53, 54, 56, 58, 59, 60, 61, 62, 63, 64, 65, 66, 67, 68, 69, 71, 72, 73, 74, 75, 77, 78, 79, 80, 81, 82, 83, 84, 85, 86, 87, 88, 92, 95, 100, 102, 113, 114, 115, 116, 120, 121, 122, 127, 128, 130, 132, 133, 134, 142, 143, 144, 145, 147, 148, 149, 166, 170, 172, 173, 176, 177, 178, 179, 180, 181, 182, 183, 184, 185, 186, 187, 188, 189, 206, 208, 209, 217, 252, 253, 254, 255, 268, 269, 270, 275, 285, 286, 287, 288, 295, 296, 297, 298, 299, 300, 301, 302, 303, 304, 306, 307, 308, 309, 310, 311, 312, 313, 314, 315, 317, 325, 326, 329, 343, 346, 355, 356, 357, 358, 359, 361, 366, 368, 369, 370, 379, 380, 381, 
rel: 1 k: 4 rho: 65.1955 maxRV: 0, 1, 4, 5, 6, 7, 9, 10, 11, 12, 13, 14, 15, 16, 17, 18, 20, 22, 23, 25, 26, 27, 28, 29, 30, 31, 32, 33, 34, 35, 36, 37, 38, 39, 40, 41, 42, 43, 44, 45, 46, 47, 48, 49, 50, 51, 53, 54, 56, 58, 59, 60, 61, 62, 63, 64, 65, 66, 67, 68, 69, 71, 72, 73, 75, 77, 78, 79, 80, 81, 82, 83, 84, 85, 86, 87, 88, 89, 90, 91, 92, 93, 94, 95, 96, 97, 98, 99, 100, 101, 102, 103, 104, 113, 114, 115, 116, 119, 120, 121, 122, 123, 124, 125, 126, 127, 128, 129, 130, 132, 133, 134, 142, 143, 144, 145, 146, 147, 148, 150, 151, 153, 155, 156, 164, 165, 166, 167, 169, 170, 172, 173, 174, 176, 177, 178, 179, 180, 181, 182, 183, 184, 185, 186, 187, 188, 189, 201, 202, 203, 204, 205, 206, 207, 208, 209, 213, 214, 216, 217, 218, 219, 243, 252, 253, 254, 255, 262, 263, 264, 265, 266, 267, 268, 269, 270, 275, 282, 283, 284, 285, 286, 287, 288, 289, 295, 296, 297, 298, 299, 300, 301, 302, 303, 304, 306, 307, 308, 309, 310, 311, 312, 313, 314, 315, 316, 319, 320, 321, 322, 323, 324, 325, 326, 327, 328, 329, 330, 331, 332, 333, 334, 335, 343, 344, 345, 346, 347, 348, 349, 350, 351, 355, 356, 357, 358, 359, 360, 361, 362, 364, 365, 366, 368, 370, 376, 378, 379, 380, 381, 400, 401, 403, 404, 407, 414, 415, 416, 417, 418, 419, 420, 421, 422, 432, 461, 462, 463, 464, 465, 466, 467, 468, 469, 484, 485, 486, 487, 488, 489, 496, 497, 498, 499, 503, 504, 505, 506, 514, 515, 516, 517, 518, 519, 520, 522, 523, 524, 525, 526, 533, 534, 535, 536, 537, 540, 542, 543, 544, 547, 548, 549, 550, 551, 552, 557, 558, 559, 560, 561, 562, 563, 564, 565, 566, 567, 568, 569, 570, 571, 572, 573, 574, 576, 577, 578, 579, 580, 581, 582, 583, 584, 585, 586, 587, 588, 589, 590, 591, 592, 594, 595, 596, 597, 598, 599, 600, 615, 616, 617, 618, 619, 620, 627, 628, 629, 630, 631, 632, 634, 635, 636, 637, 638, 639, 668, 669, 670, 677, 678, 679, 680, 681, 682, 683, 684, 685, 686, 687, 692, 693, 694, 696, 697, 698, 699, 700, 702, 703, 704, 705, 706, 707, 708, 709, 710, 711, 712, 713, 715, 716, 717, 719, 720, 722, 723, 724, 725, 726, 727, 728, 729, 731, 732, 733, 734, 736, 737, 738, 739, 740, 741, 742, 745, 746, 747, 748, 749, 752, 753, 754, 755, 757, 758, 759, 760, 761, 762, 775, 797, 798, 799, 800, 801, 802, 803, 804, 805, 806, 812, 813, 819, 820, 821, 826, 827, 
rel: 1 k: 3 rho: 232.865 maxRV: 10, 11, 26, 33, 34, 39, 40, 41, 47, 56, 60, 62, 79, 82, 89, 90, 91, 92, 93, 94, 95, 96, 97, 98, 99, 100, 101, 102, 103, 104, 105, 106, 107, 108, 114, 118, 120, 121, 122, 123, 124, 125, 126, 127, 128, 129, 136, 137, 139, 140, 141, 142, 143, 144, 145, 146, 147, 148, 149, 150, 151, 155, 156, 164, 165, 168, 169, 170, 171, 172, 173, 174, 180, 192, 193, 194, 195, 196, 197, 198, 201, 202, 203, 204, 205, 206, 207, 208, 209, 210, 211, 212, 213, 214, 216, 217, 218, 219, 223, 231, 232, 242, 243, 245, 249, 252, 253, 254, 255, 256, 257, 258, 259, 260, 261, 262, 263, 264, 265, 266, 267, 269, 273, 282, 283, 284, 285, 286, 287, 288, 289, 290, 291, 292, 293, 294, 301, 319, 320, 321, 322, 323, 324, 325, 326, 327, 328, 329, 330, 331, 332, 333, 334, 335, 343, 344, 345, 346, 347, 348, 349, 350, 351, 352, 355, 356, 357, 358, 359, 360, 361, 362, 364, 365, 366, 367, 368, 370, 376, 377, 378, 379, 380, 381, 403, 405, 414, 415, 416, 418, 419, 420, 421, 422, 432, 434, 435, 436, 437, 438, 441, 442, 443, 444, 445, 447, 448, 449, 450, 451, 452, 453, 454, 461, 467, 468, 469, 470, 474, 476, 479, 480, 481, 482, 483, 485, 486, 487, 488, 489, 494, 495, 496, 497, 498, 499, 501, 503, 504, 505, 506, 507, 509, 510, 511, 515, 516, 519, 520, 521, 522, 523, 524, 525, 526, 530, 531, 532, 535, 537, 544, 546, 547, 548, 549, 550, 551, 552, 553, 554, 555, 558, 568, 578, 583, 591, 597, 598, 599, 600, 603, 608, 609, 610, 611, 612, 613, 614, 615, 616, 617, 618, 619, 620, 621, 623, 624, 625, 626, 627, 628, 629, 630, 631, 632, 634, 635, 636, 637, 638, 639, 642, 643, 645, 647, 648, 649, 650, 651, 652, 653, 654, 655, 656, 657, 658, 660, 661, 662, 663, 664, 665, 666, 667, 668, 669, 670, 677, 678, 679, 680, 681, 682, 683, 684, 685, 686, 687, 692, 693, 694, 696, 697, 698, 699, 700, 702, 703, 704, 705, 706, 707, 708, 709, 710, 711, 712, 713, 714, 718, 719, 720, 721, 722, 723, 724, 725, 726, 727, 728, 729, 731, 732, 733, 734, 735, 736, 737, 738, 739, 740, 741, 742, 745, 746, 747, 748, 749, 750, 751, 752, 753, 754, 755, 757, 758, 759, 760, 761, 762, 771, 775, 776, 778, 779, 780, 781, 792, 793, 794, 795, 796, 797, 798, 799, 800, 801, 802, 803, 804, 805, 806, 807, 808, 809, 810, 811, 812, 813, 814, 815, 816, 817, 819, 820, 821, 822, 823, 824, 825, 826, 827, 868, 869, 871, 872, 878, 880, 881, 884, 885, 886, 888, 889, 890, 891, 896, 898, 906, 907, 908, 925, 926, 927, 928, 929, 932, 933, 934, 935, 936, 937, 938, 939, 940, 944, 945, 946, 947, 948, 949, 950, 951, 952, 953, 954, 957, 958, 959, 960, 961, 962, 963, 964, 965, 966, 967, 968, 971, 972, 973, 974, 975, 979, 982, 983, 986, 987, 988, 995, 996, 997, 1001, 1002, 1003, 1004, 1005, 1006, 1007, 1008, 1009, 1010, 1011, 1012, 1013, 1014, 1015, 1016, 1017, 1018, 1019, 1024, 1025, 1027, 1028, 1029, 1032, 1033, 1034, 1035, 1036, 1037, 1038, 1040, 1041, 1042, 1043, 1045, 1046, 1047, 1048, 1052, 1053, 1054, 1058, 1059, 1060, 1064, 1065, 1066, 1067, 1098, 1100, 1101, 1102, 1103, 1104, 1105, 1106, 1107, 1108, 1109, 1110, 1115, 1116, 1117, 1118, 1119, 1120, 1125, 1126, 1127, 1128, 1129, 1130, 1131, 1132, 1136, 1137, 1138, 1139, 1140, 1142, 1143, 1144, 1145, 1146, 1147, 1148, 1149, 1152, 1153, 1155, 1156, 1157, 1158, 1161, 1162, 1163, 1166, 1169, 1170, 1171, 1172, 1174, 1176, 1178, 1179, 1180, 1181, 1182, 1183, 1184, 1185, 1190, 1191, 1192, 1193, 1194, 1195, 1196, 1197, 1198, 1199, 1200, 1201, 1202, 1203, 1204, 1211, 1212, 1213, 1214, 1215, 1216, 1217, 1218, 1219, 1220, 1221, 1222, 1223, 1224, 1227, 1228, 1229, 1230, 1232, 1233, 1234, 1236, 1238, 1241, 1242, 1243, 1245, 1246, 1252, 1255, 1256, 1257, 1258, 1259, 1263, 1264, 1265, 1266, 1267, 1268, 1269, 1270, 1271, 1272, 1273, 1274, 1275, 1276, 1277, 1278, 1279, 1280, 1281, 1282, 1283, 1284, 1285, 1286, 1287, 1288, 1289, 1290, 1291, 1292, 1293, 1294, 1295, 1296, 1304, 1305, 1311, 1312, 1313, 1318, 1319, 1328, 1329, 1343, 1344, 1345, 1346, 1354, 1355, 1356, 1357, 1358, 1359, 1360, 1361, 1362, 1363, 1367, 1369, 1374, 1375, 1377, 1378, 1379, 1380, 1381, 1386, 1387, 1388, 1391, 1393, 1395, 1397, 1398, 1399, 1400, 1401, 1403, 1404, 1407, 1411, 1416, 1417, 1418, 1419, 1420, 1421, 1422, 1424, 1425, 1426, 1427, 1428, 1429, 1433, 1434, 1435, 1436, 1437, 1438, 1439, 1440, 1441, 1442, 1443, 1444, 1445, 1446, 1450, 1451, 1452, 1469, 1470, 1471, 1475, 1476, 1477, 1478, 1481, 1482, 1498, 1499, 1505, 1506, 1514, 1517, 1518, 1521, 1525, 1526, 1527, 1528, 1529, 1530, 1531, 1532, 1533, 1534, 1535, 1536, 1537, 1538, 1544, 1546, 1550, 1551, 1552, 1553, 1557, 1558, 1559, 1560, 1561, 1562, 1566, 1567, 1568, 1569, 1571, 1572, 1573, 1574, 1575, 1576, 1577, 1578, 1579, 1580, 1583, 1584, 1585, 1586, 1587, 1588, 1589, 1590, 1591, 1592, 1593, 1594, 1595, 1604, 1605, 1606, 1607, 1608, 1609, 1610, 1611, 1612, 1613, 1615, 1616, 1617, 1618, 1624, 1628, 1629, 1630, 1631, 1638, 1639, 1640, 1641, 1642, 1643, 1644, 1645, 1646, 1647, 1651, 1660, 1662, 1663, 1664, 1665, 1666, 1667, 1668, 1669, 1671, 1672, 1673, 1674, 1675, 1676, 1677, 1678, 1679, 1680, 1681, 1682, 1683, 1684, 1691, 1692, 1693, 1694, 1695, 1696, 1697, 1698, 1699, 1700, 1701, 1702, 1703, 1704, 1705, 1706, 1716, 1717, 1718, 1719, 1720, 1721, 1722, 1723, 1725, 1726, 1727, 1729, 1730, 1731, 1732, 1733, 1734, 1735, 1736, 1737, 1739, 1740, 1741, 1742, 1743, 1744, 1745, 1746, 1747, 1748, 1749, 1750, 1751, 1752, 1753, 1754, 1755, 1756, 1757, 1758, 1759, 1760, 1761, 1762, 1763, 1764, 1765, 1766, 1767, 1771, 1772, 1773, 1774, 1775, 1776, 1778, 1779, 1782, 1783, 1786, 1793, 1794, 1795, 1796, 1797, 1798, 1799, 1802, 1803, 1805, 1806, 1807, 1808, 1809, 1810, 1811, 1812, 1813, 1814, 1816, 1817, 1818, 1819, 1820, 1821, 1822, 1823, 1824, 1825, 1826, 1827, 1828, 1829, 1830, 1831, 1832, 1833, 1834, 1835, 1836, 1837, 1844, 1846, 1847, 1848, 1850, 1851, 1852, 1853, 1854, 1855, 1856, 1857, 1858, 1859, 1860, 1861, 1862, 1863, 1864, 1865, 1866, 1867, 1868, 1869, 1870, 1871, 1872, 1873, 1874, 1875, 1876, 1877, 1878, 1879, 1880, 1881, 1882, 1883, 1884, 1885, 1886, 1887, 1888, 1889, 1890, 1891, 1892, 1893, 1894, 1895, 1896, 1897, 1898, 1899, 1900, 1901, 1902, 1904, 1905, 1906, 1907, 1908, 1909, 1910, 1911, 1912, 1913, 1914, 1915, 1916, 1917, 1918, 1919, 1920, 1921, 1922, 1923, 1924, 1925, 1926, 1927, 1928, 1930, 1931, 1932, 1934, 1935, 1936, 1937, 1943, 1944, 1945, 1946, 1947, 1948, 1949, 1951, 1953, 1955, 1956, 1957, 1958, 1959, 1960, 1961, 1962, 1963, 1964, 1965, 1966, 1967, 1968, 1969, 1970, 1971, 1972, 1973, 1974, 1975, 1980, 1981, 1982, 1983, 1984, 1985, 1986, 1987, 1988, 1989, 1990, 1991, 1992, 1993, 1994, 1995, 1996, 1998, 2007, 2008, 2009, 2013, 2014, 2016, 2021, 2022, 2029, 2030, 2031, 2033, 2034, 2035, 2036, 2037, 2038, 2039, 2040, 2041, 2042, 2043, 2044, 2045, 2046, 2054, 2055, 2061, 2065, 2066, 2077, 2078, 2083, 2084, 2085, 2087, 2088, 2089, 2090, 2091, 2092, 2093, 2097, 2098, 2104, 2105, 2106, 2107, 2108, 2109, 2110, 2111, 2112, 2113, 2114, 2122, 2123, 2126, 2130, 2132, 2140, 2141, 2142, 2143, 2144, 2145, 2146, 2147, 2153, 2154, 2155, 2156, 2158, 2159, 2160, 2161, 2162, 2163, 2164, 2165, 2166, 2167, 2169, 2170, 2171, 2172, 2184, 2185, 2186, 2187, 2188, 2193, 2194, 2195, 2196, 2197, 2198, 2202, 2203, 2204, 2210, 2211, 2215, 2216, 2217, 2218, 2219, 2220, 2221, 2223, 2227, 2228, 2229, 2230, 2231, 2232, 2234, 2235, 2243, 2244, 2245, 2246, 2247, 2248, 2249, 2251, 2252, 2253, 2254, 2255, 2256, 2257, 2258, 2259, 2268, 2269, 2270, 2272, 2273, 2274, 2275, 2276, 2277, 2278, 2279, 2280, 2281, 2287, 2288, 2291, 2292, 2293, 2299, 2306, 2314, 2315, 2322, 2329, 2330, 
rel: 1 k: 3 rho: 232.442 maxRV: 1, 6, 7, 9, 10, 11, 16, 18, 25, 27, 28, 30, 32, 34, 43, 46, 47, 58, 66, 68, 70, 74, 77, 79, 103, 104, 106, 110, 116, 118, 129, 131, 133, 135, 138, 140, 147, 149, 150, 153, 155, 158, 160, 168, 169, 170, 175, 178, 183, 190, 200, 202, 208, 211, 214, 218, 226, 235, 236, 246, 253, 271, 277, 280, 295, 301, 319, 320, 321, 325, 354, 362, 378, 412, 413, 414, 415, 427, 439, 444, 449, 457, 463, 467, 481, 491, 493, 501, 505, 516, 527, 531, 539, 553, 558, 562, 568, 573, 575, 612, 613, 630, 634, 636, 647, 650, 652, 655, 659, 680, 682, 683, 685, 686, 687, 696, 707, 712, 717, 718, 721, 729, 731, 736, 740, 745, 753, 757, 786, 792, 797, 802, 842, 851, 853, 883, 893, 894, 898, 900, 902, 905, 909, 910, 914, 916, 921, 934, 944, 945, 950, 967, 970, 979, 980, 981, 985, 986, 989, 990, 994, 996, 1004, 1005, 1011, 1014, 1024, 1039, 1068, 1073, 1076, 1082, 1085, 1087, 1088, 1099, 1109, 1128, 1129, 1139, 1143, 1150, 1158, 1159, 1160, 1162, 1164, 1168, 1170, 1179, 1182, 1187, 1190, 1199, 1206, 1213, 1214, 1220, 1233, 1239, 1244, 1253, 1258, 1278, 1300, 1307, 1310, 1318, 1320, 1322, 1326, 1329, 1343, 1345, 1346, 1369, 1436, 1458, 1498, 1505, 1506, 1508, 1511, 1515, 1516, 1521, 1523, 1524, 1528, 1536, 1538, 1540, 1541, 1544, 1546, 1549, 1552, 1572, 1581, 1582, 1584, 1588, 1592, 1603, 1609, 1610, 1617, 1641, 1644, 1654, 1655, 1660, 1671, 1686, 1690, 1717, 1720, 1721, 1772, 1775, 1781, 1786, 1805, 1806, 1832, 1862, 1864, 1867, 1878, 1879, 1887, 1890, 1891, 1897, 1921, 1924, 1925, 1959, 1973, 1979, 1986, 1989, 1994, 1995, 2003, 2004, 2008, 2015, 2017, 2020, 2030, 2036, 2039, 2053, 2057, 2066, 2072, 2075, 2077, 2079, 2100, 2101, 2106, 2135, 2136, 2139, 2145, 2151, 2176, 2190, 2192, 2199, 2201, 2224, 2235, 2244, 2248, 2260, 2297, 2312, 2315, 2318, 2339, 2345, 2360, 2368, 2378, 2385, 2387, 2394, 2396, 2399, 2406, 2408, 2421, 2425, 2428, 2436, 2443, 2449, 2475, 2477, 2508, 2510, 2515, 2566, 2594, 2613, 2615, 2618, 2619, 2623, 2626, 2660, 2664, 2675, 2722, 2726, 2767, 2789, 2791, 2819, 2820, 2826, 2835, 2836, 2840, 2841, 2842, 2849, 2858, 2868, 2874, 2896, 2905, 2911, 2919, 2921, 2922, 2928, 2943, 2944, 2951, 2957, 2958, 2988, 2990, 3032, 3036, 3059, 3060, 3063, 3064, 3067, 3080, 3081, 3084, 3108, 3109, 3111, 3145, 3151, 3159, 3164, 3179, 3189, 3193, 3209, 3220, 3227, 3241, 3247, 3256, 3305, 3309, 3328, 3336, 3337, 3342, 3349, 3357, 3363, 3368, 3373, 3380, 3384, 3389, 3395, 3409, 3427, 3430, 3436, 3446, 3458, 3465, 3496, 3518, 3523, 3566, 3580, 3583, 3642, 3645, 3662, 3663, 3668, 3675, 3682, 3687, 3692, 3713, 3730, 3732, 3750, 3753, 3757, 3762, 3786, 3792, 3818, 3826, 3880, 3881, 3883, 3924, 3926, 3941, 3949, 3950, 4012, 4028, 4045, 4046, 4148, 4178, 4203, 4232, 4244, 4249, 4271, 4298, 4300, 4319, 4367, 4417, 4442, 4447, 4469, 4495, 4512, 4547, 4568, 4576, 4578, 4618, 4629, 4633, 4646, 4647, 4656, 4659, 4690, 4692, 4695, 4700, 4804, 4819, 4825, 4826, 4841, 4871, 4875, 4939, 4942, 4948, 4982, 4987, 4996, 4997, 5006, 5011, 5012, 5019, 5026, 5028, 5033, 5035, 5039, 5055, 5077, 5099, 5155, 5168, 5220, 5221, 5259, 5270, 5274, 5294, 5331, 5411, 5415, 5424, 5425, 5437, 5440, 5450, 5460, 5532, 5566, 5594, 5612, 5637, 5641, 5643, 5644, 5648, 5657, 5658, 5664, 5689, 5693, 5705, 5708, 5719, 5723, 5730, 5733, 5742, 5748, 5754, 5760, 5773, 5785, 5801, 5848, 5856, 5857, 5858, 5872, 5896, 5911, 5920, 5932, 5933, 5957, 5967, 5977, 5981, 5987, 5992, 5994, 5998, 6001, 6012, 6018, 6021, 6032, 6035, 6038, 6067, 6083, 6085, 6097, 6100, 6102, 6110, 6115, 6120, 6121, 6123, 6158, 6187, 6192, 6208, 6215, 6222, 6228, 6252, 6262, 6265, 6269, 6294, 6298, 6300, 6304, 6310, 6312, 6318, 6327, 6339, 6341, 6344, 6346, 6381, 6385, 6410, 6425, 6440, 6448, 6473, 6487, 6488, 6489, 6500, 6526, 6582, 6588, 6591, 6595, 6612, 6618, 6619, 6663, 6701, 6708, 6729, 6737, 6740, 6743, 6776, 6785, 6826, 6833, 6835, 6863, 6869, 6873, 6880, 6894, 6921, 6933, 6940, 6951, 6954, 6961, 6972, 6991, 7016, 7026, 7051, 7052, 7079, 7122, 7210, 7212, 7216, 7217, 7248, 7299, 7301, 7312, 7317, 7322, 7339, 7362, 7374, 7375, 7385, 7387, 7406, 7407, 7419, 7442, 7449, 7470, 7488, 7520, 7546, 7618, 7630, 7639, 7672, 7710, 7723, 7727, 7735, 7811, 7813, 7825, 7836, 7895, 7900, 7927, 7960, 7971, 7984, 7987, 8017, 8024, 8029, 8031, 8033, 8037, 8046, 8060, 8065, 8127, 8143, 8167, 8175, 8261, 8272, 8279, 8297, 8342, 8377, 8380, 8385, 8388, 8390, 8434, 8450, 8457, 8465, 8506, 8520, 8531, 8553, 8572, 8583, 8588, 8592, 8595, 8631, 8653, 8699, 8704, 8705, 8727, 8766, 8775, 8800, 8843, 8846, 8874, 8880, 8885, 8896, 8910, 8922, 8923, 8926, 8934, 8944, 8949, 8950, 8962, 8972, 9000, 9022, 9023, 9030, 9042, 9117, 9188, 9189, 9209, 9226, 9239, 9285, 9309, 9311, 9313, 9318, 9319, 9332, 9335, 9338, 9379, 9408, 9511, 9528, 9534, 9548, 9553, 9610, 9615, 9654, 9656, 9661, 9664, 9719, 9720, 9723, 9738, 9744, 9749, 9760, 9765, 9772, 9792, 9798, 9826, 9827, 9835, 9869, 9870, 9887, 9895, 9897, 9989, 10039, 10042, 10076, 10132, 10136, 10137, 10146, 10163, 10217, 10243, 10256, 10365, 10378, 10414, 10489, 10529, 10557, 10877, 10964, 10971, 11104, 11152, 11156, 11175, 11177, 11190, 11194, 11208, 11217, 11221, 11243, 11249, 11260, 11328, 11346, 11382, 11409, 11428, 11429, 11450, 11452, 11457, 11473, 11479, 11496, 11583, 11599, 11614, 11647, 11666, 11676, 11698, 11708, 11817, 11910, 11913, 11987, 12028, 12042, 12059, 12097, 12109, 12141, 12181, 12218, 12247, 12260, 12261, 12269, 12272, 12343, 12351, 12383, 12428, 12432, 12467, 12468, 12471, 12477, 12480, 12481, 12607, 12649, 12666, 12671, 12733, 12739, 12748, 12752, 12753, 12756, 12788, 12797, 12800, 12819, 12821, 12838, 12862, 12877, 12885, 12896, 12898, 12902, 12906, 12922, 12947, 12973, 12982, 13048, 13056, 13084, 13132, 13138, 13342, 13468, 13474, 13483, 13535, 13545, 13550, 13646, 13659, 13686, 13689, 13699, 13701, 13717, 13770, 13824, 13907, 13908, 13909, 13919, 13925, 13929, 13936, 13968, 13975, 14004, 14011, 14088, 14095, 14101, 14115, 14154, 14198, 14200, 14226, 14227, 14228, 14230, 14235, 14244, 14247, 14258, 14261, 14274, 14275, 14277, 14294, 14304, 14318, 14322, 14326, 14360, 14379, 14388, 14448, 14489, 14513, 14546, 14549, 14553, 14578, 14598, 14613, 14624, 14628, 14641, 14755, 14763, 14768, 14772, 14779, 14798, 14814, 14815, 14866, 14874, 14907, 14949, 14950, 14954, 14958, 14981, 14988, 15055, 15075, 15190, 15290, 15378, 15382, 15441, 15459, 15475, 15569, 15570, 15744, 15756, 15828, 15868, 15968, 16086, 16095, 16103, 16138, 16284, 16294, 16353, 16453, 16462, 16472, 16591, 16625, 16742, 16754, 16761, 17045, 17200, 17213, 17226, 17330, 17422, 17514, 17575, 17579, 17582, 17597, 17658, 17796, 17798, 17802, 17804, 17807, 17808, 17812, 17813, 17819, 17903, 17907, 17912, 17939, 18005, 18058, 18059, 18093, 18113, 18128, 18175, 18243, 18398, 18427, 18656, 18876, 18924, 18932, 19036, 19044, 19072, 19133, 19224, 19245, 19252, 19323, 19363, 19379, 19456, 19486, 19603, 19610, 19656, 19666, 19675, 19731, 19735, 19751, 19760, 19820, 19953, 20157, 20226, 20332, 20376, 20384, 20412, 20424, 20425, 20481, 20491, 20492, 20493, 20494, 20531, 20591, 20672, 20678, 20679, 20950, 21032, 21044, 21061, 21137, 21240, 21248, 21329, 21369, 21396, 21422, 21591, 21595, 21597, 21621, 21686, 21695, 21698, 21699, 21707, 21709, 21728, 21731, 21868, 21896, 21958, 21978, 21982, 22002, 22155, 22166, 22344, 22555, 22772, 23037, 23077, 23141, 23142, 23226, 23249, 23251, 23346, 23404, 23452, 23502, 23548, 23619, 23689, 23763, 23774, 23841, 23850, 23875, 23904, 23905, 23929, 23949, 23950, 23955, 24085, 24178, 24187, 24278, 24337, 24351, 24438, 24478, 24597, 24606, 24618, 24621, 24629, 24712, 24724, 24968, 24998, 25034, 25044, 25256, 25345, 25373, 25405, 25662, 25762, 25810, 25817, 26004, 26075, 26296, 26312, 26378, 26416, 26496, 26963, 27301, 27333, 27521, 27580, 27631, 27868, 27883, 27999, 28016, 28019, 28059, 28084, 28088, 28340, 28432, 28435, 28949, 29103, 29277, 29352, 29353, 29437, 29490, 29509, 29554, 29630, 29644, 29890, 30373, 30691, 30775, 30999, 31006, 31019, 31053, 31302, 31589, 31590, 31624, 31627, 31628, 31629, 31630, 31662, 31802, 31904, 32061, 32077, 32261, 32425, 32427, 32511, 32592, 33060, 33162, 33307, 33605, 34054, 35071, 35089, 35405, 35406, 35824, 36715, 36830, 37024, 37095, 37110, 37459, 37527, 38090, 38092, 38949, 39242, 39245, 39316, 39518, 40103, 40889, 42127, 42405, 42482, 42807, 42810, 42934, 43245, 43827, 44587, 45144, 46231, 49399, 
rel: 1 k: 4 rho: 65.1955 maxRV: 1, 7, 9, 11, 16, 18, 27, 30, 46, 47, 58, 68, 74, 103, 116, 129, 131, 133, 135, 147, 149, 150, 155, 158, 168, 170, 183, 200, 208, 214, 218, 226, 235, 246, 253, 262, 277, 280, 295, 301, 319, 362, 378, 412, 415, 427, 444, 457, 467, 516, 527, 562, 634, 636, 652, 655, 659, 680, 682, 683, 685, 686, 687, 712, 718, 721, 729, 736, 797, 802, 894, 898, 900, 910, 921, 944, 981, 986, 989, 1068, 1073, 1076, 1082, 1085, 1087, 1088, 1139, 1143, 1158, 1160, 1164, 1168, 1179, 1182, 1187, 1213, 1220, 1244, 1253, 1310, 1343, 1345, 1436, 1498, 1505, 1506, 1508, 1515, 1516, 1523, 1524, 1528, 1536, 1540, 1544, 1546, 1549, 1572, 1582, 1592, 1609, 1641, 1720, 1805, 1862, 1864, 1875, 1878, 1897, 1906, 1924, 1935, 1973, 1979, 1994, 2003, 2004, 2035, 2075, 2244, 2260, 2387, 2428, 2613, 2767, 2789, 2806, 2812, 2814, 2815, 2819, 2820, 2821, 2822, 2825, 2835, 2840, 2842, 2874, 2880, 2893, 2894, 2896, 2907, 2919, 2921, 2945, 2947, 2957, 2958, 2990, 2993, 3036, 3040, 3060, 3063, 3080, 3108, 3109, 3151, 3159, 3179, 3209, 3328, 3352, 3384, 3419, 3458, 3642, 3732, 3757, 3762, 3792, 3883, 4300, 4568, 4633, 4646, 4695, 4700, 4804, 4871, 5012, 5028, 5039, 5259, 5331, 5404, 5460, 5594, 5648, 5658, 5733, 5760, 5773, 5920, 5933, 5998, 6001, 6012, 6115, 6262, 6582, 6591, 6595, 6618, 6619, 6663, 6729, 6737, 6740, 6743, 6835, 6894, 6903, 6907, 6914, 6921, 6933, 6951, 7052, 7079, 7103, 7170, 7212, 7217, 7301, 7317, 7322, 7334, 7387, 7406, 7407, 7419, 7449, 7470, 7513, 7546, 7602, 7603, 7900, 8031, 8037, 8065, 8121, 8170, 8175, 8247, 8450, 8465, 8506, 8631, 8704, 8888, 8917, 8924, 8926, 8934, 8935, 8949, 8950, 8962, 8972, 9309, 9311, 9332, 9338, 9379, 9511, 9629, 9719, 9723, 9738, 9749, 9772, 9792, 10039, 10136, 10143, 10336, 10340, 10344, 10346, 10355, 10357, 10359, 10360, 10363, 10365, 10376, 10388, 10389, 10394, 10395, 10401, 10408, 10411, 10414, 10422, 10423, 10430, 10431, 10435, 10439, 10442, 10457, 10464, 10607, 10610, 10612, 10616, 10619, 10621, 10623, 10625, 10632, 10635, 10637, 10640, 10645, 10646, 10649, 10662, 10663, 10675, 10676, 10683, 10685, 10691, 10694, 10695, 10708, 10709, 10710, 10713, 10728, 10729, 10741, 10744, 10754, 10755, 10760, 10773, 10781, 10801, 10809, 10827, 10964, 10966, 10968, 10971, 10975, 10980, 10983, 10986, 11002, 11009, 11016, 11018, 11042, 11044, 11207, 11208, 11260, 11263, 11310, 11319, 11320, 11322, 11429, 11666, 11689, 11818, 12025, 12046, 12060, 12261, 12471, 12800, 12819, 12896, 13032, 13035, 13048, 13056, 13117, 13686, 13701, 13717, 13909, 13911, 13925, 13952, 14088, 14095, 14228, 14258, 14322, 14388, 14395, 15200, 15282, 15284, 15286, 15290, 15296, 15330, 15337, 15340, 15360, 15377, 15378, 15392, 15393, 15426, 15429, 15441, 15453, 15488, 15570, 15839, 16095, 16246, 18431, 19731, 20376, 20491, 20493, 21456, 21591, 21595, 21621, 21792, 21820, 21923, 22555, 23502, 23548, 26489, 27100, 28011, 28020, 28750, 35071, 35089, 36813, 
rel: 1 k: 5 rho: 38.151 maxRV: 1, 7, 11, 18, 27, 30, 38, 58, 74, 116, 129, 131, 133, 135, 147, 149, 155, 214, 235, 262, 301, 319, 362, 412, 415, 630, 634, 636, 659, 680, 683, 687, 718, 736, 1073, 1076, 1139, 1160, 1506, 1524, 1546, 1875, 1878, 1906, 1935, 2806, 2811, 2812, 2814, 2815, 2819, 2821, 2822, 2825, 2842, 2874, 2880, 2893, 2894, 2896, 2907, 2919, 2947, 2990, 3040, 3060, 3109, 3352, 3419, 6115, 6595, 6894, 6903, 6907, 6914, 6921, 6933, 7103, 7170, 7449, 7602, 7603, 8037, 8170, 8704, 8888, 8917, 8924, 8935, 9604, 9723, 9749, 10336, 10340, 10344, 10346, 10355, 10357, 10359, 10360, 10363, 10376, 10394, 10395, 10401, 10414, 10422, 10423, 10430, 10431, 10435, 10439, 10442, 10457, 10607, 10610, 10612, 10613, 10616, 10619, 10621, 10623, 10632, 10635, 10637, 10640, 10645, 10646, 10649, 10662, 10663, 10675, 10676, 10683, 10685, 10691, 10695, 10709, 10710, 10720, 10728, 10729, 10741, 10744, 10754, 10755, 10760, 10773, 10781, 10809, 10827, 10964, 10966, 10980, 10986, 11002, 11016, 11042, 11044, 11207, 11208, 11260, 11310, 11320, 13117, 15282, 15284, 15296, 15340, 15377, 15392, 15488, 21792, 23548, 35071, 
rel: 1 k: 6 rho: 32.1105 maxRV: 7, 147, 149, 150, 155, 214, 246, 253, 262, 277, 301, 634, 652, 680, 736, 853, 1073, 1076, 1453, 1875, 1878, 1906, 1935, 2806, 2811, 2812, 2814, 2815, 2819, 2821, 2822, 2825, 2842, 2874, 2880, 2893, 2894, 2896, 2905, 2919, 2947, 2951, 2990, 3080, 3109, 3352, 3419, 6903, 6907, 6914, 6921, 6933, 7103, 7170, 7602, 7603, 8888, 8917, 10336, 10340, 10342, 10344, 10346, 10355, 10357, 10359, 10360, 10363, 10376, 10394, 10395, 10414, 10422, 10423, 10430, 10435, 10439, 10442, 10457, 10607, 10610, 10612, 10613, 10616, 10619, 10621, 10623, 10632, 10635, 10637, 10640, 10645, 10646, 10662, 10663, 10675, 10676, 10683, 10685, 10691, 10695, 10709, 10710, 10720, 10728, 10729, 10741, 10743, 10754, 10755, 10760, 10773, 10781, 10809, 10966, 11016, 11042, 11208, 11260, 13117, 15282, 15377, 
rel: 1 k: 7 rho: 30.3341 maxRV: 262, 634, 1073, 1875, 1878, 1906, 1935, 2806, 2811, 2812, 2814, 2815, 2819, 2821, 2822, 2825, 2842, 2874, 2880, 2893, 2894, 2896, 2905, 2919, 2947, 2993, 3080, 3109, 3419, 6903, 6907, 6914, 6921, 6933, 7103, 7170, 7602, 7603, 8888, 10336, 10340, 10344, 10346, 10355, 10357, 10359, 10363, 10376, 10394, 10395, 10414, 10423, 10435, 10439, 10610, 10612, 10616, 10621, 10632, 10635, 10637, 10640, 10645, 10646, 10662, 10663, 10675, 10676, 10683, 10685, 10691, 10695, 10709, 10710, 10728, 10729, 10743, 10754, 10755, 10760, 10781, 10809, 10849, 10966, 11016, 11260, 15377, 
rel: 1 k: 8 rho: 30.1055 maxRV: 262, 634, 1073, 1076, 1875, 1878, 1906, 1935, 2806, 2811, 2812, 2815, 2819, 2821, 2822, 2825, 2842, 2874, 2880, 2893, 2894, 2896, 2919, 2947, 3080, 3419, 6903, 6907, 6914, 6921, 6933, 7103, 7170, 8888, 10336, 10344, 10346, 10355, 10357, 10359, 10376, 10394, 10395, 10414, 10423, 10435, 10439, 10610, 10612, 10616, 10621, 10632, 10635, 10637, 10640, 10645, 10646, 10662, 10663, 10675, 10676, 10683, 10685, 10691, 10695, 10709, 10710, 10728, 10729, 10754, 10760, 10781, 10809, 10966, 11016, 11260, 
rel: 1 k: 9 rho: 26.6282 maxRV: 262, 634, 1073, 1076, 1875, 1878, 1935, 2806, 2811, 2812, 2815, 2819, 2821, 2822, 2825, 2874, 2880, 2893, 2894, 2896, 2919, 2947, 3080, 3419, 6903, 6907, 6914, 6921, 6933, 7103, 7170, 8888, 10336, 10342, 10344, 10346, 10357, 10359, 10376, 10394, 10395, 10414, 10435, 10439, 10610, 10612, 10616, 10621, 10632, 10635, 10637, 10640, 10645, 10646, 10659, 10662, 10663, 10675, 10676, 10683, 10685, 10695, 10709, 10710, 10728, 10729, 10754, 10760, 10781, 10809, 11016, 11260, 
rel: 1 k: 10 rho: 23.9882 maxRV: 262, 634, 1073, 1076, 1875, 1878, 1935, 2806, 2811, 2812, 2815, 2819, 2821, 2822, 2825, 2874, 2880, 2893, 2894, 2896, 2919, 2947, 3080, 6903, 6907, 6914, 6921, 6933, 7103, 7170, 8888, 10336, 10342, 10344, 10346, 10357, 10359, 10376, 10394, 10395, 10414, 10435, 10610, 10612, 10616, 10621, 10632, 10635, 10637, 10640, 10645, 10646, 10659, 10662, 10663, 10675, 10676, 10683, 10685, 10695, 10709, 10710, 10724, 10728, 10729, 10754, 10760, 11016, 
rel: 1 k: 11 rho: 21.7382 maxRV: 262, 634, 1073, 1076, 1875, 1878, 2806, 2811, 2812, 2815, 2819, 2821, 2822, 2825, 2874, 2880, 2893, 2894, 2896, 2919, 2947, 3080, 6636, 6903, 6907, 6914, 6921, 6933, 7103, 7170, 10336, 10342, 10344, 10346, 10357, 10359, 10376, 10394, 10395, 10414, 10610, 10612, 10616, 10621, 10632, 10635, 10637, 10640, 10645, 10646, 10659, 10662, 10663, 10676, 10683, 10685, 10695, 10708, 10709, 10710, 10724, 10728, 10729, 10754, 10760, 11016, 
rel: 1 k: 12 rho: 19.2014 maxRV: 262, 634, 1073, 1875, 1878, 2806, 2811, 2812, 2815, 2819, 2821, 2822, 2825, 2874, 2880, 2893, 2894, 2896, 2919, 2947, 3080, 6636, 6903, 6907, 6914, 6921, 6933, 7170, 10336, 10342, 10344, 10346, 10359, 10376, 10394, 10395, 10414, 10610, 10612, 10621, 10632, 10635, 10637, 10640, 10645, 10646, 10659, 10662, 10663, 10676, 10683, 10685, 10709, 10710, 10728, 10729, 
rel: 1 k: 13 rho: 17.6356 maxRV: 262, 634, 1073, 1076, 1875, 1878, 2806, 2811, 2812, 2815, 2819, 2821, 2822, 2825, 2880, 2893, 2894, 2896, 2919, 2947, 3080, 6903, 6907, 6914, 6921, 6933, 7170, 10342, 10344, 10346, 10359, 10376, 10394, 10395, 10610, 10612, 10621, 10632, 10635, 10637, 10640, 10645, 10646, 10659, 10662, 10663, 10676, 10683, 10685, 10708, 10709, 10710, 10728, 10729, 10743, 
rel: 1 k: 14 rho: 16.6006 maxRV: 634, 1073, 1875, 2806, 2811, 2812, 2815, 2819, 2821, 2822, 2825, 2880, 2893, 2896, 2919, 2947, 6903, 6907, 6914, 6921, 6933, 7170, 10344, 10346, 10359, 10376, 10394, 10395, 10610, 10612, 10621, 10632, 10635, 10637, 10640, 10645, 10662, 10663, 10676, 10683, 10710, 10728, 10729, 10743, 
rel: 1 k: 15 rho: 14.1918 maxRV: 262, 634, 1073, 1076, 1875, 2806, 2811, 2812, 2815, 2819, 2821, 2822, 2825, 2880, 2893, 2896, 2919, 2947, 3080, 6903, 6907, 6914, 6921, 6933, 7170, 10344, 10346, 10359, 10376, 10610, 10612, 10621, 10632, 10635, 10637, 10640, 10645, 10659, 10662, 10663, 10676, 10683, 10708, 10710, 10724, 10729, 
rel: 1 k: 16 rho: 12.7517 maxRV: 262, 634, 1073, 1076, 1875, 2806, 2811, 2812, 2815, 2819, 2821, 2825, 2880, 2893, 2896, 2919, 3080, 6903, 6914, 6921, 6933, 7170, 10342, 10344, 10346, 10359, 10376, 10610, 10612, 10621, 10632, 10635, 10637, 10640, 10645, 10659, 10662, 10663, 10676, 10683, 10710, 10724, 10729, 10743, 
rel: 1 k: 17 rho: 7.25586 maxRV: 2811, 2815, 2819, 2919, 6914, 10344, 10359, 10610, 10612, 10621, 10632, 10635, 10637, 10645, 10659, 10662, 10663, 10676, 10683, 10708, 10729, 
rel: 1 k: 18 rho: 7.06241 maxRV: 2811, 2815, 2819, 2919, 6914, 10344, 10359, 10610, 10612, 10621, 10632, 10635, 10637, 10645, 10659, 10662, 10663, 10676, 10683, 10708, 10724, 10729, 
rel: 1 k: 3 rho: 230.14 maxRV: 1, 6, 7, 9, 11, 16, 18, 25, 27, 30, 32, 34, 38, 43, 46, 47, 58, 66, 68, 70, 74, 103, 104, 106, 110, 116, 118, 129, 131, 133, 135, 138, 140, 147, 149, 150, 153, 155, 158, 160, 168, 169, 170, 175, 178, 183, 190, 200, 202, 208, 211, 214, 218, 226, 235, 236, 246, 253, 262, 267, 271, 277, 280, 295, 301, 319, 320, 321, 325, 354, 362, 378, 412, 413, 414, 415, 427, 439, 444, 449, 457, 463, 467, 481, 491, 493, 501, 505, 516, 527, 539, 553, 554, 558, 562, 568, 573, 575, 612, 613, 630, 634, 636, 647, 652, 655, 659, 680, 682, 683, 685, 686, 687, 696, 707, 712, 717, 718, 721, 729, 731, 736, 740, 745, 753, 757, 786, 792, 797, 802, 851, 853, 883, 893, 894, 898, 900, 902, 905, 909, 910, 914, 916, 921, 934, 944, 945, 950, 967, 970, 979, 980, 981, 985, 986, 989, 990, 994, 996, 1004, 1005, 1011, 1014, 1024, 1039, 1068, 1073, 1076, 1082, 1085, 1087, 1088, 1099, 1109, 1128, 1129, 1139, 1143, 1150, 1158, 1159, 1160, 1162, 1164, 1168, 1170, 1179, 1182, 1187, 1190, 1195, 1199, 1206, 1213, 1214, 1220, 1233, 1239, 1244, 1253, 1258, 1278, 1300, 1307, 1310, 1318, 1320, 1322, 1326, 1329, 1343, 1345, 1346, 1369, 1436, 1458, 1498, 1505, 1506, 1508, 1511, 1515, 1516, 1521, 1523, 1524, 1528, 1536, 1538, 1540, 1541, 1544, 1546, 1549, 1552, 1572, 1581, 1582, 1584, 1588, 1592, 1603, 1609, 1610, 1617, 1641, 1644, 1654, 1655, 1660, 1671, 1717, 1720, 1721, 1772, 1775, 1781, 1786, 1797, 1805, 1806, 1832, 1862, 1864, 1867, 1875, 1878, 1879, 1887, 1889, 1890, 1891, 1897, 1900, 1906, 1921, 1924, 1925, 1935, 1959, 1973, 1979, 1986, 1989, 1994, 1995, 2003, 2004, 2008, 2009, 2015, 2020, 2030, 2035, 2039, 2053, 2057, 2066, 2072, 2075, 2077, 2079, 2101, 2106, 2135, 2136, 2139, 2151, 2176, 2190, 2192, 2199, 2201, 2224, 2235, 2244, 2248, 2260, 2304, 2312, 2315, 2339, 2345, 2360, 2368, 2378, 2385, 2387, 2394, 2396, 2399, 2406, 2408, 2421, 2425, 2428, 2436, 2443, 2449, 2475, 2477, 2508, 2510, 2515, 2566, 2594, 2613, 2615, 2618, 2619, 2623, 2626, 2660, 2664, 2675, 2722, 2726, 2767, 2789, 2791, 2806, 2812, 2814, 2815, 2819, 2820, 2821, 2822, 2825, 2826, 2835, 2840, 2841, 2842, 2849, 2858, 2866, 2868, 2874, 2880, 2893, 2894, 2896, 2905, 2911, 2919, 2921, 2922, 2928, 2943, 2944, 2947, 2951, 2957, 2958, 2988, 2990, 3003, 3032, 3036, 3060, 3063, 3067, 3080, 3081, 3084, 3108, 3109, 3111, 3135, 3145, 3151, 3159, 3179, 3189, 3193, 3209, 3227, 3241, 3247, 3256, 3328, 3336, 3337, 3342, 3349, 3357, 3363, 3368, 3373, 3380, 3384, 3395, 3409, 3419, 3427, 3430, 3436, 3458, 3465, 3496, 3504, 3518, 3566, 3580, 3583, 3642, 3645, 3662, 3663, 3668, 3675, 3682, 3692, 3732, 3750, 3753, 3757, 3762, 3786, 3792, 3818, 3826, 3880, 3881, 3883, 3924, 3926, 3941, 3949, 3950, 4012, 4028, 4045, 4046, 4148, 4178, 4190, 4203, 4232, 4244, 4249, 4271, 4298, 4300, 4319, 4367, 4417, 4419, 4447, 4469, 4495, 4512, 4547, 4568, 4578, 4618, 4629, 4633, 4646, 4647, 4656, 4659, 4690, 4692, 4695, 4700, 4804, 4819, 4825, 4826, 4841, 4871, 4875, 4939, 4942, 4948, 4982, 4987, 4996, 4997, 5006, 5011, 5012, 5019, 5026, 5028, 5033, 5035, 5039, 5055, 5077, 5099, 5155, 5168, 5220, 5221, 5259, 5270, 5274, 5294, 5331, 5404, 5415, 5425, 5437, 5440, 5450, 5460, 5532, 5566, 5571, 5594, 5612, 5637, 5641, 5643, 5644, 5648, 5657, 5658, 5664, 5689, 5693, 5695, 5705, 5708, 5719, 5723, 5730, 5733, 5742, 5748, 5754, 5760, 5773, 5785, 5801, 5848, 5856, 5857, 5858, 5872, 5896, 5911, 5920, 5932, 5933, 5957, 5967, 5977, 5981, 5987, 5992, 5994, 5998, 6001, 6012, 6018, 6021, 6032, 6035, 6038, 6067, 6083, 6085, 6097, 6100, 6102, 6110, 6115, 6120, 6121, 6123, 6158, 6187, 6192, 6193, 6197, 6208, 6215, 6222, 6227, 6228, 6244, 6262, 6265, 6269, 6294, 6298, 6300, 6304, 6310, 6312, 6318, 6327, 6339, 6341, 6344, 6346, 6366, 6381, 6385, 6410, 6425, 6440, 6448, 6473, 6487, 6488, 6489, 6500, 6526, 6582, 6588, 6591, 6595, 6596, 6612, 6618, 6619, 6663, 6701, 6708, 6729, 6737, 6740, 6743, 6776, 6826, 6833, 6835, 6863, 6869, 6873, 6880, 6894, 6903, 6907, 6914, 6921, 6933, 6940, 6951, 6954, 6961, 6972, 6991, 7016, 7026, 7051, 7052, 7079, 7103, 7122, 7170, 7210, 7212, 7216, 7217, 7248, 7299, 7301, 7312, 7317, 7322, 7339, 7362, 7374, 7375, 7385, 7387, 7406, 7407, 7419, 7442, 7449, 7470, 7488, 7513, 7520, 7546, 7602, 7603, 7618, 7639, 7672, 7710, 7723, 7727, 7735, 7811, 7813, 7836, 7895, 7900, 7927, 7960, 7971, 7984, 7987, 8024, 8031, 8033, 8037, 8055, 8065, 8121, 8127, 8131, 8167, 8170, 8175, 8247, 8272, 8279, 8297, 8342, 8377, 8380, 8385, 8388, 8390, 8434, 8450, 8457, 8465, 8506, 8531, 8553, 8572, 8583, 8588, 8592, 8595, 8631, 8653, 8699, 8704, 8705, 8766, 8775, 8800, 8843, 8874, 8880, 8885, 8888, 8896, 8910, 8917, 8924, 8926, 8934, 8950, 8962, 9000, 9022, 9023, 9117, 9188, 9189, 9209, 9226, 9239, 9285, 9309, 9311, 9313, 9318, 9319, 9332, 9335, 9338, 9379, 9511, 9528, 9534, 9548, 9553, 9610, 9615, 9629, 9654, 9656, 9661, 9664, 9673, 9707, 9719, 9720, 9723, 9738, 9744, 9749, 9760, 9765, 9772, 9792, 9798, 9826, 9835, 9869, 9870, 9887, 9897, 9989, 10039, 10042, 10076, 10132, 10136, 10137, 10146, 10163, 10217, 10243, 10256, 10336, 10340, 10344, 10346, 10355, 10357, 10359, 10360, 10363, 10376, 10378, 10384, 10388, 10394, 10395, 10401, 10407, 10408, 10411, 10414, 10422, 10423, 10431, 10435, 10439, 10489, 10529, 10557, 10607, 10610, 10612, 10616, 10619, 10632, 10649, 10675, 10685, 10691, 10710, 10713, 10740, 10744, 10755, 10760, 10781, 10809, 10827, 10848, 10964, 10966, 10968, 10971, 10975, 11009, 11016, 11018, 11044, 11104, 11152, 11156, 11175, 11177, 11190, 11194, 11198, 11208, 11217, 11221, 11243, 11249, 11260, 11310, 11346, 11382, 11409, 11428, 11429, 11450, 11452, 11457, 11473, 11479, 11496, 11647, 11666, 11817, 11818, 11913, 11987, 12042, 12060, 12097, 12109, 12141, 12181, 12218, 12247, 12260, 12261, 12269, 12272, 12351, 12383, 12428, 12432, 12465, 12467, 12468, 12471, 12477, 12480, 12481, 12607, 12649, 12666, 12671, 12733, 12739, 12748, 12752, 12753, 12756, 12788, 12797, 12800, 12819, 12821, 12838, 12862, 12877, 12885, 12898, 12902, 12906, 12922, 12947, 12969, 12973, 12982, 13056, 13084, 13117, 13138, 13342, 13474, 13523, 13535, 13646, 13659, 13686, 13689, 13699, 13701, 13717, 13795, 13907, 13908, 13909, 13911, 13925, 13929, 13930, 13936, 13945, 13963, 13964, 13968, 13975, 14004, 14011, 14088, 14095, 14101, 14115, 14154, 14198, 14200, 14226, 14227, 14228, 14230, 14235, 14244, 14247, 14258, 14261, 14274, 14277, 14304, 14318, 14322, 14326, 14360, 14388, 14489, 14513, 14546, 14549, 14553, 14578, 14598, 14613, 14624, 14628, 14755, 14763, 14768, 14772, 14779, 14798, 14866, 14874, 14907, 14949, 14950, 14954, 14958, 14981, 14988, 15055, 15075, 15190, 15193, 15200, 15202, 15282, 15284, 15290, 15296, 15337, 15340, 15360, 15377, 15382, 15393, 15419, 15426, 15469, 15484, 15570, 15628, 15825, 15839, 15868, 15871, 15968, 16086, 16095, 16103, 16138, 16234, 16284, 16345, 16353, 16453, 16462, 16472, 16591, 16625, 16742, 16754, 16761, 17045, 17200, 17213, 17226, 17255, 17330, 17422, 17575, 17579, 17582, 17597, 17658, 17796, 17798, 17802, 17804, 17807, 17808, 17812, 17813, 17819, 17903, 17907, 17912, 17939, 18005, 18058, 18059, 18093, 18113, 18128, 18175, 18374, 18398, 18427, 18431, 18455, 18876, 18924, 18932, 19036, 19044, 19072, 19133, 19224, 19245, 19252, 19323, 19363, 19379, 19456, 19486, 19610, 19656, 19666, 19675, 19731, 19735, 19751, 19760, 19820, 20157, 20226, 20376, 20384, 20412, 20424, 20425, 20481, 20491, 20492, 20493, 20494, 20531, 20591, 20678, 20679, 20950, 21032, 21044, 21137, 21240, 21248, 21326, 21329, 21369, 21422, 21570, 21591, 21595, 21597, 21621, 21686, 21695, 21698, 21699, 21707, 21709, 21728, 21792, 21868, 21958, 21978, 21982, 22002, 22155, 22273, 22344, 22555, 22772, 23000, 23003, 23077, 23141, 23142, 23249, 23251, 23346, 23548, 23619, 23689, 23763, 23774, 23841, 23850, 23875, 23904, 23955, 24085, 24178, 24187, 24278, 24337, 24478, 24597, 24606, 24618, 24621, 24629, 24712, 24968, 25256, 25347, 25373, 25405, 25810, 25817, 26048, 26075, 26244, 26296, 26312, 26416, 26512, 26513, 26527, 26963, 27580, 27999, 29103, 29277, 29352, 29353, 29437, 29490, 29630, 29644, 30691, 30999, 31006, 31019, 31053, 31302, 31589, 31590, 31624, 31627, 31628, 31629, 31630, 31662, 31802, 32061, 32261, 32425, 32427, 32511, 32592, 33162, 33307, 33605, 34054, 35071, 35089, 35405, 35406, 35735, 35824, 36715, 36830, 37110, 37527, 39316, 39518, 40103, 42934, 43245, 46231, 
rel: 1 k: 4 rho: 61.4862 maxRV: 1, 7, 9, 11, 16, 18, 27, 30, 46, 47, 58, 68, 74, 103, 116, 131, 133, 147, 149, 150, 153, 155, 158, 168, 170, 183, 208, 214, 218, 226, 235, 246, 253, 262, 277, 280, 295, 301, 319, 362, 378, 412, 415, 444, 457, 467, 516, 527, 630, 634, 636, 652, 655, 659, 680, 682, 683, 685, 686, 687, 712, 718, 721, 729, 736, 853, 894, 898, 900, 910, 921, 944, 981, 986, 989, 1068, 1073, 1076, 1082, 1085, 1087, 1088, 1139, 1143, 1158, 1160, 1164, 1168, 1179, 1182, 1187, 1213, 1220, 1244, 1253, 1310, 1343, 1345, 1436, 1453, 1498, 1505, 1508, 1515, 1516, 1523, 1524, 1528, 1536, 1540, 1544, 1546, 1549, 1572, 1582, 1592, 1609, 1641, 1692, 1805, 1862, 1864, 1875, 1878, 1897, 1906, 1924, 1935, 1973, 1979, 1994, 2003, 2004, 2035, 2244, 2260, 2428, 2767, 2789, 2806, 2811, 2812, 2814, 2815, 2819, 2820, 2821, 2822, 2825, 2835, 2840, 2842, 2866, 2874, 2880, 2893, 2894, 2896, 2905, 2907, 2919, 2921, 2945, 2947, 2951, 2957, 2958, 2990, 2993, 3036, 3040, 3060, 3063, 3080, 3108, 3109, 3151, 3159, 3179, 3209, 3328, 3352, 3384, 3419, 3458, 3642, 3732, 3757, 3792, 3883, 4300, 4646, 4700, 4804, 4871, 5012, 5028, 5039, 5259, 5331, 5404, 5594, 5733, 5773, 5920, 5998, 6001, 6012, 6115, 6262, 6582, 6591, 6595, 6618, 6619, 6663, 6729, 6737, 6740, 6743, 6835, 6894, 6903, 6907, 6914, 6921, 6933, 6951, 7052, 7079, 7103, 7170, 7212, 7217, 7301, 7322, 7334, 7387, 7407, 7419, 7449, 7470, 7546, 7602, 7603, 7900, 8031, 8037, 8065, 8121, 8131, 8170, 8247, 8506, 8704, 8888, 8917, 8924, 8926, 8934, 8935, 8949, 8972, 9309, 9338, 9379, 9511, 9629, 9719, 9723, 9738, 9749, 9772, 10039, 10136, 10143, 10336, 10340, 10344, 10346, 10355, 10357, 10359, 10360, 10363, 10365, 10376, 10388, 10389, 10394, 10395, 10401, 10408, 10411, 10414, 10422, 10423, 10430, 10431, 10435, 10439, 10442, 10457, 10464, 10607, 10610, 10612, 10616, 10619, 10621, 10623, 10625, 10632, 10635, 10637, 10640, 10645, 10646, 10649, 10662, 10663, 10675, 10676, 10683, 10685, 10691, 10694, 10695, 10708, 10709, 10710, 10713, 10728, 10729, 10741, 10744, 10754, 10755, 10760, 10773, 10781, 10801, 10809, 10827, 10880, 10964, 10966, 10968, 10971, 10975, 10980, 10983, 10986, 11002, 11009, 11016, 11018, 11042, 11044, 11207, 11208, 11260, 11263, 11310, 11319, 11320, 11322, 11666, 11689, 11818, 12025, 12046, 12060, 12261, 12471, 12800, 13117, 13686, 13701, 14228, 14258, 14322, 15200, 15282, 15284, 15286, 15290, 15296, 15330, 15337, 15340, 15360, 15377, 15378, 15392, 15393, 15426, 15429, 15441, 15453, 15488, 15570, 15839, 16121, 16246, 18431, 19731, 20493, 21591, 21595, 21621, 21792, 21820, 21923, 22555, 23548, 27100, 28750, 35071, 35089, 
rel: 1 k: 5 rho: 36.5838 maxRV: 1, 7, 9, 11, 18, 27, 30, 38, 58, 68, 74, 103, 116, 129, 131, 133, 135, 140, 147, 149, 150, 155, 158, 170, 214, 218, 226, 235, 246, 253, 262, 277, 301, 319, 362, 412, 415, 444, 630, 634, 636, 652, 659, 680, 683, 685, 687, 712, 718, 736, 853, 1068, 1073, 1076, 1082, 1139, 1143, 1160, 1220, 1506, 1508, 1515, 1516, 1523, 1524, 1540, 1546, 1549, 1572, 1582, 1592, 1609, 1864, 1875, 1878, 1906, 1935, 1973, 1994, 2387, 2806, 2812, 2814, 2815, 2819, 2820, 2821, 2822, 2825, 2842, 2874, 2880, 2893, 2894, 2896, 2905, 2907, 2919, 2947, 2951, 2958, 2990, 2993, 3040, 3060, 3080, 3109, 3159, 3352, 3419, 6115, 6582, 6591, 6595, 6618, 6729, 6737, 6894, 6903, 6907, 6914, 6921, 6933, 7079, 7103, 7170, 7449, 7602, 7603, 8037, 8170, 8175, 8247, 8704, 8888, 8917, 8924, 8935, 8950, 8962, 9604, 9723, 9749, 9792, 10336, 10340, 10342, 10344, 10346, 10355, 10357, 10359, 10360, 10363, 10376, 10394, 10395, 10401, 10414, 10422, 10423, 10430, 10431, 10435, 10439, 10442, 10457, 10607, 10610, 10612, 10613, 10616, 10619, 10621, 10623, 10632, 10635, 10637, 10640, 10645, 10646, 10649, 10662, 10663, 10675, 10676, 10683, 10685, 10691, 10695, 10709, 10710, 10728, 10729, 10741, 10743, 10744, 10754, 10755, 10760, 10773, 10781, 10809, 10827, 10880, 10964, 10966, 10980, 10986, 11002, 11016, 11042, 11044, 11207, 11208, 11260, 11310, 11320, 12471, 12819, 13117, 15282, 15284, 15296, 15340, 15377, 15392, 15488, 16095, 21792, 23548, 35071, 
rel: 1 k: 6 rho: 36.1966 maxRV: 262, 634, 1073, 1076, 1875, 1878, 1906, 1935, 2806, 2811, 2812, 2814, 2815, 2819, 2821, 2822, 2825, 2842, 2874, 2880, 2893, 2894, 2896, 2919, 2947, 3080, 3352, 3419, 6636, 6903, 6907, 6914, 6921, 6933, 7103, 7170, 8888, 8917, 10198, 10336, 10340, 10342, 10344, 10346, 10355, 10357, 10359, 10360, 10363, 10376, 10394, 10395, 10414, 10422, 10423, 10430, 10435, 10439, 10442, 10457, 10607, 10610, 10612, 10613, 10616, 10619, 10621, 10623, 10632, 10635, 10637, 10640, 10645, 10646, 10659, 10662, 10663, 10675, 10676, 10683, 10685, 10691, 10695, 10708, 10709, 10710, 10720, 10724, 10728, 10729, 10734, 10741, 10743, 10754, 10755, 10760, 10765, 10773, 10781, 10809, 10966, 11016, 11020, 11042, 11208, 11260, 13117, 15282, 15377, 
rel: 1 k: 7 rho: 31.6149 maxRV: 262, 634, 1073, 1076, 1875, 1878, 1906, 1935, 2806, 2811, 2812, 2814, 2815, 2819, 2821, 2822, 2825, 2842, 2874, 2880, 2893, 2894, 2896, 2919, 2947, 3419, 6903, 6907, 6914, 6933, 7103, 7170, 8888, 10336, 10340, 10342, 10344, 10346, 10355, 10357, 10359, 10363, 10376, 10394, 10395, 10414, 10423, 10435, 10439, 10610, 10612, 10616, 10621, 10632, 10635, 10637, 10640, 10645, 10646, 10659, 10662, 10663, 10675, 10676, 10683, 10685, 10691, 10695, 10708, 10709, 10710, 10724, 10728, 10729, 10743, 10754, 10755, 10760, 10781, 10809, 10966, 11016, 11260, 15377, 
rel: 1 k: 8 rho: 27.5684 maxRV: 262, 634, 1073, 1076, 1875, 1878, 1906, 1935, 2806, 2811, 2812, 2815, 2819, 2821, 2822, 2825, 2842, 2874, 2880, 2893, 2894, 2896, 2919, 2947, 3080, 3352, 3419, 6636, 6903, 6907, 6914, 6921, 6933, 7103, 7170, 8888, 10198, 10336, 10342, 10344, 10346, 10355, 10357, 10359, 10376, 10394, 10395, 10414, 10423, 10435, 10439, 10610, 10612, 10613, 10616, 10621, 10632, 10635, 10637, 10640, 10645, 10646, 10659, 10662, 10663, 10675, 10676, 10683, 10685, 10691, 10695, 10708, 10709, 10710, 10720, 10724, 10728, 10729, 10734, 10743, 10754, 10760, 10765, 10781, 10809, 10966, 11016, 11260, 
rel: 1 k: 9 rho: 25.0028 maxRV: 262, 634, 1073, 1076, 1875, 1878, 1935, 2806, 2811, 2812, 2815, 2819, 2821, 2822, 2825, 2874, 2880, 2893, 2894, 2896, 2919, 2947, 3080, 3419, 6636, 6903, 6907, 6914, 6921, 6933, 7103, 7170, 8888, 10198, 10336, 10342, 10344, 10346, 10357, 10359, 10376, 10394, 10395, 10414, 10435, 10439, 10610, 10612, 10613, 10616, 10621, 10632, 10635, 10637, 10640, 10645, 10646, 10659, 10662, 10663, 10675, 10676, 10683, 10685, 10695, 10708, 10709, 10710, 10720, 10724, 10728, 10729, 10734, 10743, 10754, 10760, 10765, 10781, 10809, 11016, 11260, 
rel: 1 k: 10 rho: 24.1205 maxRV: 262, 634, 1073, 1875, 1878, 1935, 2806, 2811, 2812, 2815, 2819, 2821, 2822, 2825, 2874, 2880, 2893, 2894, 2896, 2919, 2947, 3080, 6636, 6903, 6907, 6914, 6933, 7103, 7170, 8888, 10336, 10342, 10344, 10346, 10357, 10359, 10376, 10394, 10395, 10414, 10435, 10610, 10612, 10616, 10621, 10632, 10635, 10637, 10640, 10645, 10646, 10659, 10662, 10663, 10675, 10676, 10683, 10685, 10695, 10708, 10709, 10710, 10724, 10728, 10729, 10754, 10760, 11016, 
rel: 1 k: 11 rho: 21.2103 maxRV: 262, 634, 1073, 1076, 1875, 1878, 2806, 2811, 2812, 2815, 2819, 2821, 2822, 2825, 2874, 2880, 2893, 2894, 2896, 2919, 2947, 3080, 6636, 6903, 6907, 6914, 6921, 6933, 7103, 7170, 10336, 10342, 10344, 10346, 10357, 10359, 10376, 10394, 10395, 10414, 10610, 10612, 10616, 10621, 10632, 10635, 10637, 10640, 10645, 10646, 10659, 10662, 10663, 10676, 10683, 10685, 10695, 10708, 10709, 10710, 10720, 10724, 10728, 10729, 10734, 10743, 10754, 10760, 10765, 11016, 
rel: 1 k: 12 rho: 18.2901 maxRV: 262, 634, 1073, 1076, 1875, 1878, 2806, 2811, 2812, 2815, 2819, 2821, 2822, 2825, 2874, 2880, 2893, 2894, 2896, 2919, 2947, 3080, 6636, 6903, 6907, 6914, 6921, 6933, 7170, 10336, 10342, 10344, 10346, 10359, 10376, 10394, 10395, 10414, 10610, 10612, 10621, 10632, 10635, 10637, 10640, 10645, 10646, 10659, 10662, 10663, 10676, 10683, 10685, 10708, 10709, 10710, 10720, 10724, 10728, 10729, 10734, 10743, 10765, 
rel: 1 k: 13 rho: 17.166 maxRV: 262, 634, 1073, 1076, 1875, 1878, 2806, 2811, 2812, 2815, 2819, 2821, 2822, 2825, 2880, 2893, 2894, 2896, 2919, 2947, 3080, 6636, 6903, 6907, 6914, 6921, 6933, 7170, 10342, 10344, 10346, 10359, 10376, 10394, 10395, 10610, 10612, 10621, 10632, 10635, 10637, 10640, 10645, 10646, 10659, 10662, 10663, 10676, 10683, 10685, 10708, 10709, 10710, 10720, 10724, 10728, 10729, 10734, 10743, 10765, 
rel: 1 k: 14 rho: 15.1402 maxRV: 262, 634, 1073, 1076, 1875, 2806, 2811, 2812, 2815, 2819, 2821, 2822, 2825, 2880, 2893, 2896, 2919, 2947, 3080, 6903, 6907, 6914, 6921, 6933, 7170, 10342, 10344, 10346, 10359, 10376, 10394, 10395, 10610, 10612, 10621, 10632, 10635, 10637, 10640, 10645, 10659, 10662, 10663, 10676, 10683, 10708, 10710, 10724, 10728, 10729, 10734, 10743, 10765, 
rel: 1 k: 15 rho: 14.1918 maxRV: 262, 634, 1073, 1076, 1875, 2806, 2811, 2812, 2815, 2819, 2821, 2822, 2825, 2880, 2893, 2896, 2919, 2947, 3080, 6903, 6907, 6914, 6921, 6933, 7170, 10342, 10344, 10346, 10359, 10376, 10610, 10612, 10621, 10632, 10635, 10637, 10640, 10645, 10659, 10662, 10663, 10676, 10683, 10710, 10724, 10729, 
rel: 1 k: 16 rho: 12.6538 maxRV: 262, 634, 1073, 1076, 1875, 2806, 2811, 2812, 2815, 2819, 2821, 2825, 2880, 2893, 2896, 2919, 3080, 6903, 6914, 6921, 6933, 7170, 10342, 10344, 10346, 10359, 10376, 10610, 10612, 10621, 10632, 10635, 10637, 10640, 10645, 10659, 10662, 10663, 10676, 10683, 10708, 10710, 10724, 10729, 10734, 10743, 
rel: 1 k: 17 rho: 7.25586 maxRV: 2811, 2815, 2819, 2919, 6914, 10344, 10359, 10610, 10612, 10621, 10632, 10635, 10637, 10645, 10659, 10662, 10663, 10676, 10683, 10724, 10729, 
rel: 1 k: 18 rho: 7.06241 maxRV: 2811, 2815, 2819, 2919, 6914, 10344, 10359, 10610, 10612, 10621, 10632, 10635, 10637, 10645, 10659, 10662, 10663, 10676, 10683, 10708, 10724, 10729, 
query: 52
Construct Successful.
query: 53
Construct Successful.
query: 54
Construct Successful.
query: 55
Construct Successful.
query: 56
Construct Successful.
query: 57
Construct Successful.
query: 58
Construct Successful.
query: 59
Construct Successful.
query: 60
Construct Successful.
query: 61
Construct Successful.
query: 62
Construct Successful.
query: 63
Construct Successful.
query: 64
Construct Successful.
query: 65
Construct Successful.
query: 66
Construct Successful.
query: 67
Construct Successful.
query: 68
Construct Successful.
query: 69
Construct Successful.
query: 70
Construct Successful.
query: 71
Construct Successful.
query: 72
Construct Successful.
query: 73
Construct Successful.
query: 74
Construct Successful.
query: 75
Construct Successful.
query: 76
Construct Successful.
query: 77
Construct Successful.
query: 78
Construct Successful.
query: 79
Construct Successful.
query: 80
Construct Successful.
rel: 1 k: 5 rho: 1.12933 maxRV: 0, 1, 2, 3, 4, 
rel: 1 k: 4 rho: 1.5875 maxRV: 0, 1, 2, 3, 4, 9, 
rel: 1 k: 3 rho: 2.04853 maxRV: 0, 1, 2, 3, 4, 9, 12, 
rel: 1 k: 3 rho: 2.04853 maxRV: 2812, 2821, 2874, 2896, 6907, 7108, 10619, 
rel: 1 k: 4 rho: 1.5875 maxRV: 2812, 2821, 2874, 2896, 6907, 7108, 
rel: 1 k: 5 rho: 1.12933 maxRV: 2812, 2821, 2874, 2896, 6907, 
rel: 1 k: 3 rho: 2.04853 maxRV: 2812, 2821, 2874, 2896, 6907, 7108, 10619, 
rel: 1 k: 4 rho: 1.5875 maxRV: 2812, 2821, 2874, 2896, 6907, 7108, 
rel: 1 k: 5 rho: 1.12933 maxRV: 2812, 2821, 2874, 2896, 6907, 
query: 81
Construct Successful.
query: 82
Construct Successful.
query: 83
Construct Successful.
query: 84
Construct Successful.
query: 85
Construct Successful.
query: 86
Construct Successful.
query: 87
Construct Successful.
query: 88
Construct Successful.
query: 89
Construct Successful.
query: 90
Construct Successful.
rel: 1 k: 19 rho: 6.77742 maxRV: 0, 1, 2, 3, 4, 5, 6, 7, 8, 9, 10, 11, 12, 13, 14, 15, 16, 17, 18, 19, 
rel: 1 k: 18 rho: 7.99556 maxRV: 0, 1, 2, 3, 4, 5, 6, 7, 8, 9, 10, 11, 12, 13, 14, 15, 16, 17, 18, 20, 21, 
rel: 1 k: 17 rho: 9.61705 maxRV: 0, 1, 2, 3, 4, 5, 6, 7, 8, 9, 10, 11, 12, 13, 14, 15, 16, 17, 18, 19, 20, 21, 22, 23, 24, 25, 
rel: 1 k: 16 rho: 9.92173 maxRV: 0, 1, 2, 3, 4, 5, 6, 7, 8, 9, 10, 11, 12, 13, 14, 15, 16, 17, 18, 20, 21, 22, 23, 24, 25, 
rel: 1 k: 15 rho: 10.397 maxRV: 0, 1, 2, 3, 4, 5, 6, 7, 8, 9, 10, 11, 13, 14, 15, 16, 17, 18, 19, 20, 21, 22, 23, 24, 25, 30, 
rel: 1 k: 14 rho: 15.5914 maxRV: 0, 1, 2, 3, 4, 5, 6, 7, 8, 9, 10, 11, 12, 13, 14, 15, 16, 17, 18, 19, 20, 21, 22, 23, 24, 25, 30, 32, 34, 35, 36, 37, 38, 39, 40, 41, 42, 43, 44, 45, 46, 47, 48, 49, 
rel: 1 k: 13 rho: 18.3661 maxRV: 0, 1, 2, 3, 4, 5, 6, 7, 8, 9, 10, 11, 13, 14, 15, 16, 17, 18, 19, 20, 21, 22, 23, 24, 25, 30, 32, 33, 34, 35, 36, 37, 38, 39, 40, 41, 42, 43, 44, 45, 46, 47, 48, 49, 50, 53, 54, 55, 57, 58, 
rel: 1 k: 12 rho: 19.7402 maxRV: 0, 1, 2, 3, 4, 5, 6, 7, 8, 9, 10, 11, 13, 14, 15, 16, 17, 18, 19, 20, 21, 22, 23, 24, 25, 30, 32, 33, 34, 35, 36, 37, 38, 39, 40, 41, 42, 43, 44, 45, 46, 47, 48, 49, 50, 53, 54, 55, 57, 58, 59, 61, 62, 
rel: 1 k: 11 rho: 21.8532 maxRV: 0, 1, 2, 3, 4, 5, 6, 7, 8, 9, 10, 11, 12, 13, 14, 15, 16, 17, 18, 19, 20, 21, 22, 23, 24, 25, 29, 30, 32, 33, 34, 35, 36, 37, 38, 39, 40, 41, 42, 43, 44, 45, 46, 48, 49, 50, 53, 54, 55, 57, 58, 59, 61, 62, 86, 87, 88, 89, 91, 
rel: 1 k: 10 rho: 24.4497 maxRV: 0, 1, 2, 3, 4, 5, 6, 7, 8, 9, 10, 11, 12, 13, 14, 15, 16, 17, 18, 19, 20, 21, 22, 23, 24, 25, 26, 30, 32, 33, 34, 35, 36, 37, 38, 39, 40, 41, 42, 43, 44, 45, 46, 47, 48, 49, 50, 53, 54, 55, 57, 58, 59, 61, 62, 86, 87, 88, 89, 91, 98, 99, 100, 101, 102, 103, 
rel: 1 k: 9 rho: 26.8131 maxRV: 0, 1, 2, 3, 4, 5, 6, 7, 8, 9, 10, 11, 12, 13, 14, 15, 16, 17, 18, 19, 20, 21, 22, 23, 24, 25, 30, 32, 33, 34, 35, 36, 37, 38, 39, 40, 41, 42, 43, 44, 45, 46, 47, 48, 49, 50, 53, 54, 55, 56, 57, 58, 59, 61, 62, 86, 87, 88, 89, 91, 98, 99, 100, 101, 102, 103, 123, 124, 125, 126, 127, 
rel: 1 k: 8 rho: 28.414 maxRV: 0, 1, 2, 3, 4, 5, 6, 7, 8, 9, 10, 11, 13, 14, 15, 16, 17, 18, 19, 20, 21, 22, 23, 24, 25, 30, 32, 33, 34, 35, 36, 37, 38, 39, 40, 41, 42, 43, 44, 45, 46, 47, 48, 49, 50, 53, 54, 55, 57, 58, 59, 61, 62, 86, 87, 88, 89, 91, 98, 99, 100, 101, 102, 103, 123, 124, 125, 126, 127, 150, 151, 
rel: 1 k: 6 rho: 32.7769 maxRV: 0, 1, 2, 3, 5, 6, 7, 8, 9, 10, 11, 12, 13, 14, 15, 16, 17, 18, 19, 20, 21, 22, 23, 24, 25, 30, 32, 33, 34, 35, 36, 37, 38, 39, 40, 41, 42, 43, 44, 45, 46, 47, 48, 49, 50, 53, 54, 55, 56, 57, 58, 59, 61, 62, 63, 64, 65, 66, 67, 68, 69, 70, 71, 72, 73, 74, 75, 76, 77, 78, 79, 80, 81, 82, 83, 84, 85, 86, 87, 88, 89, 91, 92, 93, 94, 95, 96, 97, 98, 99, 100, 101, 102, 103, 105, 106, 107, 108, 109, 110, 111, 112, 117, 118, 119, 120, 121, 123, 124, 125, 126, 127, 129, 130, 131, 141, 142, 143, 144, 145, 146, 148, 149, 150, 151, 152, 162, 163, 165, 166, 171, 172, 175, 179, 180, 181, 182, 184, 185, 186, 187, 193, 194, 195, 196, 197, 198, 199, 200, 201, 203, 204, 205, 206, 207, 208, 209, 210, 211, 265, 266, 267, 268, 269, 270, 272, 274, 276, 277, 278, 279, 280, 281, 282, 285, 286, 287, 288, 289, 296, 297, 298, 299, 301, 302, 303, 305, 306, 307, 308, 309, 310, 311, 318, 319, 320, 338, 339, 340, 341, 342, 343, 344, 345, 347, 348, 349, 351, 359, 360, 361, 362, 363, 364, 365, 
rel: 1 k: 5 rho: 50.1436 maxRV: 0, 1, 2, 3, 5, 6, 7, 8, 9, 10, 11, 13, 14, 15, 16, 17, 18, 19, 20, 21, 22, 23, 24, 25, 30, 32, 33, 34, 35, 36, 37, 38, 39, 40, 41, 42, 43, 44, 45, 46, 47, 48, 49, 50, 53, 54, 55, 56, 57, 58, 59, 61, 62, 63, 64, 65, 66, 67, 68, 69, 70, 71, 72, 73, 74, 75, 76, 77, 78, 79, 80, 81, 82, 83, 84, 85, 86, 87, 88, 89, 91, 92, 93, 94, 95, 96, 97, 98, 99, 100, 101, 102, 103, 105, 106, 107, 108, 109, 110, 112, 113, 115, 116, 117, 118, 119, 120, 121, 123, 124, 125, 126, 127, 130, 131, 141, 142, 143, 144, 145, 146, 148, 149, 150, 151, 152, 162, 163, 164, 165, 166, 171, 172, 173, 175, 176, 177, 179, 180, 181, 183, 184, 185, 186, 187, 192, 193, 194, 195, 196, 197, 198, 199, 200, 201, 202, 203, 204, 205, 206, 207, 208, 209, 210, 211, 212, 213, 214, 215, 216, 217, 218, 262, 263, 264, 265, 266, 267, 268, 269, 270, 272, 273, 274, 276, 277, 279, 280, 281, 282, 283, 285, 286, 287, 288, 289, 296, 297, 298, 299, 301, 302, 303, 305, 306, 307, 308, 309, 310, 318, 319, 320, 338, 339, 340, 341, 342, 343, 344, 345, 347, 348, 349, 351, 359, 360, 361, 362, 363, 364, 365, 382, 388, 479, 480, 481, 482, 488, 490, 491, 493, 494, 495, 496, 498, 499, 500, 501, 502, 503, 504, 505, 506, 507, 508, 511, 512, 513, 514, 515, 516, 517, 518, 519, 520, 521, 522, 524, 526, 527, 528, 529, 530, 531, 532, 533, 534, 535, 536, 537, 545, 546, 552, 553, 554, 555, 556, 557, 558, 575, 576, 577, 578, 579, 580, 582, 583, 584, 585, 586, 587, 588, 594, 595, 596, 598, 599, 600, 601, 608, 609, 610, 611, 612, 613, 614, 615, 616, 617, 618, 624, 627, 628, 630, 631, 632, 633, 634, 635, 637, 639, 640, 641, 642, 645, 646, 647, 648, 649, 650, 651, 652, 653, 654, 655, 656, 657, 675, 676, 677, 678, 
rel: 1 k: 4 rho: 127.108 maxRV: 19, 36, 37, 40, 42, 43, 46, 47, 48, 56, 63, 64, 65, 66, 67, 68, 69, 70, 71, 72, 73, 74, 75, 76, 77, 78, 79, 80, 81, 82, 83, 84, 85, 90, 92, 93, 94, 95, 96, 97, 100, 105, 106, 107, 108, 109, 112, 115, 117, 118, 119, 120, 121, 126, 130, 131, 141, 142, 143, 144, 145, 146, 148, 149, 152, 162, 163, 164, 165, 166, 170, 172, 174, 175, 177, 187, 192, 193, 194, 195, 196, 197, 198, 199, 200, 201, 202, 203, 204, 205, 206, 207, 208, 209, 210, 211, 212, 213, 214, 215, 216, 217, 218, 222, 224, 225, 234, 237, 238, 252, 255, 262, 263, 264, 265, 266, 267, 268, 270, 272, 273, 274, 280, 281, 282, 283, 285, 286, 287, 288, 289, 299, 305, 306, 307, 308, 309, 310, 318, 319, 320, 322, 326, 328, 329, 331, 334, 338, 339, 340, 341, 342, 343, 344, 345, 347, 348, 349, 351, 359, 360, 361, 362, 363, 364, 365, 366, 367, 368, 369, 370, 371, 381, 382, 383, 384, 385, 386, 387, 388, 395, 396, 397, 398, 399, 403, 404, 406, 407, 411, 412, 429, 430, 433, 434, 435, 436, 438, 439, 440, 441, 442, 443, 444, 446, 448, 450, 451, 452, 453, 455, 456, 457, 458, 459, 460, 461, 462, 463, 464, 465, 466, 467, 468, 479, 480, 481, 482, 488, 490, 491, 496, 498, 501, 504, 505, 506, 507, 508, 519, 520, 521, 530, 537, 538, 539, 540, 541, 542, 543, 544, 545, 546, 552, 553, 554, 555, 556, 557, 558, 559, 560, 561, 562, 563, 564, 571, 572, 573, 574, 575, 576, 577, 578, 579, 580, 582, 583, 584, 585, 586, 587, 588, 594, 595, 596, 598, 599, 600, 601, 602, 603, 604, 605, 606, 607, 608, 609, 610, 611, 612, 613, 614, 615, 616, 617, 618, 621, 622, 624, 627, 628, 630, 631, 632, 633, 634, 635, 637, 639, 640, 641, 642, 643, 644, 645, 646, 647, 648, 649, 650, 651, 653, 654, 655, 656, 657, 663, 664, 665, 666, 667, 668, 675, 676, 677, 678, 706, 707, 708, 737, 738, 739, 740, 741, 742, 743, 744, 745, 746, 747, 748, 749, 751, 757, 758, 759, 760, 761, 762, 763, 764, 765, 770, 771, 776, 777, 778, 779, 792, 794, 799, 801, 802, 803, 804, 805, 806, 809, 810, 819, 820, 821, 822, 830, 831, 832, 833, 841, 842, 843, 844, 845, 846, 847, 848, 853, 856, 857, 858, 859, 860, 867, 868, 869, 870, 885, 886, 887, 889, 901, 902, 904, 906, 907, 908, 915, 916, 922, 923, 924, 925, 926, 927, 928, 936, 937, 941, 942, 943, 944, 946, 947, 948, 950, 951, 952, 953, 957, 962, 963, 964, 965, 966, 967, 968, 969, 970, 971, 972, 973, 974, 975, 982, 984, 985, 986, 987, 988, 989, 990, 996, 998, 1000, 1001, 1002, 1003, 1004, 1005, 1006, 1014, 1015, 1016, 1017, 1018, 1019, 1020, 1021, 1022, 1023, 1024, 1025, 1026, 1027, 1029, 1033, 1034, 1035, 1036, 1037, 1038, 1039, 1040, 1041, 1042, 1043, 1052, 1053, 1054, 1071, 1072, 1073, 1074, 1075, 1079, 1080, 1081, 1082, 1083, 1084, 1094, 1095, 1096, 1097, 1098, 1099, 1100, 1101, 1102, 1103, 1104, 1105, 1106, 1107, 1108, 1109, 1111, 1112, 1115, 1117, 1118, 1119, 1120, 1121, 1122, 1123, 1125, 1127, 1128, 1129, 1132, 1133, 1134, 1135, 1136, 1137, 1138, 1139, 1140, 1141, 1142, 1146, 1150, 1151, 1152, 1153, 1154, 1156, 1157, 1158, 1159, 1160, 1165, 1166, 1167, 1168, 1169, 1170, 1171, 1173, 1174, 1177, 1178, 1179, 1180, 1181, 1182, 1183, 1184, 1185, 1186, 1187, 1188, 1189, 1190, 1191, 1192, 1193, 1194, 1195, 1196, 1197, 1198, 1199, 1201, 1202, 1203, 1204, 1205, 1210, 1211, 1212, 1214, 1215, 1216, 1217, 1218, 1219, 1220, 1221, 1222, 1223, 1224, 1225, 1226, 1227, 1232, 1233, 1234, 1235, 1236, 1237, 1242, 1243, 1244, 1245, 1264, 1265, 1266, 1267, 1268, 1269, 1270, 1277, 1285, 1300, 1301, 1306, 1307, 1309, 1310, 1311, 1312, 1313, 1314, 1315, 1316, 1317, 1318, 1319, 
rel: 1 k: 3 rho: 397.025 maxRV: 33, 36, 37, 41, 44, 45, 46, 47, 48, 49, 57, 63, 64, 65, 66, 67, 68, 69, 70, 71, 72, 73, 74, 75, 76, 77, 78, 79, 80, 81, 82, 83, 84, 85, 90, 92, 93, 94, 95, 96, 97, 103, 105, 106, 107, 108, 109, 112, 113, 115, 118, 119, 120, 121, 122, 126, 129, 130, 131, 141, 142, 143, 144, 145, 146, 148, 149, 152, 154, 155, 157, 158, 161, 162, 163, 164, 165, 166, 170, 172, 175, 177, 179, 187, 188, 192, 193, 194, 195, 196, 197, 198, 199, 200, 201, 202, 203, 204, 205, 206, 207, 208, 209, 210, 211, 212, 213, 214, 215, 216, 217, 218, 223, 224, 226, 227, 228, 229, 230, 231, 232, 234, 237, 238, 247, 249, 255, 262, 263, 264, 265, 266, 267, 268, 270, 271, 272, 273, 274, 279, 280, 281, 282, 283, 285, 286, 287, 288, 289, 299, 302, 305, 306, 307, 308, 309, 310, 311, 312, 313, 314, 315, 316, 317, 318, 319, 320, 322, 324, 325, 326, 331, 336, 338, 339, 340, 341, 342, 343, 344, 345, 347, 348, 349, 351, 353, 354, 356, 359, 360, 361, 362, 363, 364, 365, 366, 367, 368, 369, 370, 371, 372, 373, 374, 375, 376, 377, 378, 379, 381, 382, 383, 384, 385, 386, 387, 388, 389, 390, 391, 392, 393, 394, 395, 396, 397, 398, 399, 402, 403, 404, 406, 408, 410, 412, 413, 414, 415, 416, 417, 418, 419, 420, 422, 423, 430, 433, 434, 435, 436, 437, 438, 439, 440, 441, 442, 443, 444, 448, 450, 455, 456, 457, 458, 459, 460, 461, 462, 463, 464, 465, 466, 467, 468, 469, 476, 477, 479, 480, 481, 482, 484, 486, 488, 490, 491, 496, 498, 501, 504, 505, 506, 507, 508, 512, 521, 523, 530, 535, 537, 538, 539, 540, 541, 542, 543, 544, 545, 546, 547, 548, 549, 550, 551, 552, 553, 554, 555, 556, 558, 559, 560, 561, 562, 563, 571, 572, 573, 574, 575, 576, 577, 578, 579, 580, 582, 583, 584, 585, 586, 587, 588, 589, 590, 591, 592, 593, 594, 595, 596, 598, 599, 600, 601, 602, 603, 604, 605, 606, 607, 608, 609, 610, 611, 612, 613, 614, 615, 616, 617, 618, 621, 622, 624, 627, 628, 630, 631, 632, 633, 634, 635, 637, 639, 640, 641, 642, 643, 644, 645, 646, 647, 648, 649, 650, 651, 652, 653, 654, 655, 656, 657, 658, 661, 662, 663, 664, 665, 666, 667, 668, 669, 670, 671, 673, 674, 675, 676, 677, 678, 689, 691, 692, 693, 699, 702, 705, 706, 707, 717, 718, 719, 720, 721, 722, 733, 734, 735, 736, 737, 738, 739, 740, 741, 742, 743, 744, 745, 746, 747, 748, 749, 752, 753, 754, 755, 756, 757, 758, 759, 760, 761, 762, 763, 764, 765, 766, 767, 768, 769, 770, 771, 772, 773, 774, 775, 776, 777, 778, 779, 790, 795, 798, 801, 802, 803, 804, 805, 806, 807, 808, 809, 810, 815, 816, 817, 818, 819, 820, 821, 822, 823, 824, 825, 826, 827, 828, 829, 830, 831, 832, 833, 834, 838, 839, 841, 842, 843, 844, 845, 846, 847, 848, 849, 850, 851, 853, 857, 858, 859, 860, 867, 868, 871, 872, 873, 875, 885, 886, 887, 889, 893, 902, 904, 906, 907, 908, 915, 916, 920, 922, 923, 924, 925, 926, 927, 928, 941, 942, 943, 944, 945, 946, 947, 948, 949, 950, 951, 952, 953, 955, 956, 957, 962, 963, 964, 965, 966, 967, 968, 969, 970, 971, 972, 973, 974, 975, 976, 977, 978, 979, 980, 981, 982, 983, 984, 985, 986, 987, 988, 989, 990, 996, 998, 1001, 1003, 1004, 1005, 1006, 1007, 1008, 1009, 1010, 1011, 1013, 1014, 1015, 1016, 1017, 1018, 1019, 1020, 1021, 1022, 1023, 1024, 1025, 1026, 1027, 1029, 1033, 1034, 1035, 1036, 1037, 1038, 1039, 1040, 1041, 1042, 1043, 1044, 1045, 1046, 1048, 1049, 1050, 1051, 1052, 1053, 1054, 1055, 1056, 1057, 1058, 1059, 1060, 1061, 1062, 1063, 1064, 1065, 1066, 1067, 1068, 1069, 1071, 1072, 1073, 1074, 1075, 1076, 1077, 1078, 1079, 1080, 1081, 1082, 1083, 1084, 1085, 1086, 1087, 1088, 1089, 1090, 1091, 1092, 1093, 1094, 1095, 1097, 1098, 1099, 1100, 1101, 1102, 1103, 1104, 1105, 1106, 1107, 1108, 1109, 1118, 1119, 1120, 1121, 1122, 1123, 1125, 1127, 1128, 1129, 1132, 1133, 1134, 1135, 1136, 1137, 1138, 1139, 1140, 1141, 1142, 1144, 1146, 1147, 1150, 1151, 1152, 1153, 1154, 1156, 1157, 1158, 1159, 1160, 1161, 1162, 1163, 1164, 1165, 1166, 1167, 1168, 1169, 1170, 1171, 1172, 1173, 1174, 1175, 1177, 1178, 1179, 1180, 1181, 1182, 1183, 1184, 1185, 1186, 1187, 1188, 1189, 1190, 1191, 1192, 1193, 1194, 1195, 1196, 1197, 1198, 1199, 1201, 1202, 1203, 1204, 1205, 1206, 1207, 1208, 1209, 1210, 1211, 1212, 1213, 1214, 1215, 1216, 1217, 1218, 1219, 1220, 1221, 1222, 1223, 1224, 1225, 1226, 1227, 1228, 1230, 1231, 1232, 1233, 1234, 1235, 1236, 1237, 1238, 1239, 1240, 1241, 1242, 1243, 1244, 1245, 1246, 1250, 1255, 1256, 1257, 1259, 1261, 1264, 1265, 1266, 1267, 1268, 1269, 1270, 1276, 1277, 1285, 1286, 1287, 1288, 1290, 1291, 1292, 1293, 1294, 1295, 1300, 1301, 1302, 1303, 1304, 1307, 1309, 1312, 1313, 1314, 1315, 1316, 1317, 1318, 1319, 1321, 1322, 1323, 1358, 1359, 1360, 1361, 1370, 1381, 1382, 1389, 1390, 1391, 1392, 1393, 1394, 1395, 1396, 1403, 1404, 1405, 1406, 1407, 1419, 1429, 1430, 1431, 1432, 1435, 1436, 1459, 1460, 1461, 1462, 1463, 1464, 1465, 1466, 1467, 1468, 1470, 1473, 1474, 1475, 1476, 1492, 1495, 1522, 1523, 1524, 1525, 1526, 1529, 1530, 1531, 1532, 1533, 1534, 1535, 1536, 1543, 1545, 1546, 1552, 1554, 1555, 1556, 1560, 1562, 1563, 1571, 1572, 1573, 1574, 1575, 1576, 1577, 1578, 1579, 1580, 1581, 1582, 1583, 1584, 1585, 1586, 1587, 1588, 1589, 1590, 1591, 1598, 1599, 1600, 1601, 1603, 1604, 1608, 1609, 1610, 1611, 1612, 1613, 1614, 1621, 1622, 1623, 1624, 1625, 1626, 1627, 1628, 1629, 1633, 1634, 1635, 1636, 1637, 1638, 1639, 1640, 1641, 1642, 1647, 1648, 1649, 1650, 1651, 1652, 1653, 1654, 1655, 1656, 1657, 1658, 1659, 1660, 1661, 1662, 1663, 1665, 1666, 1667, 1668, 1673, 1675, 1676, 1677, 1678, 1679, 1683, 1684, 1686, 1687, 1697, 1699, 1706, 1709, 1710, 1711, 1713, 1718, 1719, 1724, 1726, 1727, 1728, 1729, 1730, 1731, 1732, 1735, 1736, 1737, 1738, 1740, 1741, 1742, 1743, 1750, 1751, 1756, 1757, 1758, 1759, 1760, 1761, 1762, 1763, 1764, 1765, 1766, 1767, 1768, 1769, 1770, 1771, 1772, 1774, 1781, 1782, 1783, 1784, 1785, 1786, 1787, 1788, 1789, 1790, 1791, 1792, 1793, 1794, 1796, 1799, 1800, 1801, 1802, 1803, 1804, 1805, 1809, 1811, 1812, 1813, 1814, 1815, 1816, 1817, 1818, 1824, 1825, 1826, 1827, 1828, 1829, 1830, 1831, 1832, 1833, 1834, 1835, 1836, 1837, 1838, 1839, 1840, 1841, 1842, 1843, 1844, 1849, 1852, 1855, 1856, 1860, 1861, 1863, 1864, 1865, 1866, 1867, 1868, 1869, 1870, 1871, 1872, 1873, 1874, 1876, 1877, 1879, 1880, 1881, 1882, 1883, 1884, 1885, 1887, 1889, 1890, 1891, 1892, 1893, 1894, 1897, 1899, 1902, 1903, 1907, 1909, 1913, 1914, 1915, 1916, 1926, 1927, 1928, 1932, 1933, 1934, 1935, 1936, 1937, 1938, 1940, 1941, 1942, 1944, 1945, 1946, 1947, 1948, 1951, 1952, 1953, 1955, 1960, 1964, 1965, 1966, 1967, 1968, 1971, 1972, 1973, 1974, 1975, 1976, 1978, 1979, 1980, 1981, 1982, 1983, 1984, 2006, 2007, 2008, 2009, 2010, 2011, 2012, 2013, 2014, 2015, 2016, 2017, 2018, 2019, 2020, 2024, 2025, 2026, 2027, 2034, 2035, 2036, 2037, 2038, 2039, 2040, 2041, 2042, 2043, 2044, 2045, 2046, 2048, 2049, 2050, 2051, 2054, 2055, 2061, 2062, 2069, 2083, 2085, 2086, 2087, 2088, 2089, 2090, 2091, 2093, 2094, 2095, 2096, 2098, 2099, 2100, 2101, 2102, 2103, 2105, 2106, 2107, 2108, 2109, 2110, 2111, 2112, 2113, 2114, 2115, 2116, 2117, 2118, 2119, 2120, 2123, 2124, 2127, 2128, 2138, 2139, 2146, 2147, 2148, 2149, 2151, 2154, 2159, 2160, 2161, 2162, 2164, 2165, 2169, 2170, 2171, 2172, 2173, 2177, 2178, 2179, 2180, 2185, 2186, 2187, 2188, 2189, 2190, 2191, 2192, 2193, 2194, 2195, 2196, 2197, 2198, 2199, 2200, 2201, 2202, 2203, 2204, 2205, 2206, 2207, 2208, 2209, 2210, 2211, 2212, 2213, 2214, 2215, 2216, 2217, 2218, 2219, 2220, 2221, 2224, 2226, 2227, 2228, 2229, 2230, 2231, 2232, 2233, 2234, 2235, 2236, 2237, 2240, 2241, 2242, 2243, 2244, 2245, 2246, 2248, 2249, 2250, 2251, 2252, 2253, 2254, 2255, 2256, 2257, 2258, 2259, 2260, 2261, 2263, 2264, 2265, 2266, 2267, 2268, 2269, 2270, 2271, 2272, 2273, 2274, 2275, 2276, 2277, 2278, 2280, 2281, 2282, 2283, 2284, 2285, 2286, 2287, 2288, 2289, 2290, 2291, 2292, 2293, 2294, 2295, 2296, 2297, 2298, 2299, 2300, 2301, 2302, 2303, 2304, 2306, 2307, 2308, 2309, 2310, 2311, 2319, 2321, 2322, 2323, 2324, 2325, 2326, 2327, 2328, 2329, 2330, 2332, 2342, 2343, 2344, 2345, 2346, 2347, 2348, 2349, 2350, 2351, 2352, 2357, 2358, 2359, 2360, 2361, 2363, 2364, 2365, 2366, 2367, 2368, 2369, 2370, 2371, 2372, 2373, 2374, 2375, 2376, 2377, 2378, 2381, 2382, 2383, 2384, 2385, 2386, 2387, 2389, 2397, 2398, 2399, 2400, 2401, 2402, 2403, 2404, 2405, 2406, 2407, 2408, 2409, 2410, 2411, 2412, 2413, 2417, 2418, 2419, 2421, 2423, 2424, 2425, 2426, 2427, 2428, 2429, 2430, 2432, 2433, 2434, 2435, 2436, 2437, 2438, 2439, 2440, 2441, 2444, 2445, 2446, 2447, 2448, 2449, 2450, 2451, 2452, 2454, 2455, 2456, 2457, 2458, 2460, 2461, 2462, 2463, 2464, 2465, 2471, 2472, 2473, 2474, 2477, 2485, 2486, 2487, 2488, 2489, 2490, 2491, 2492, 2493, 2494, 2495, 2496, 2497, 2498, 2499, 2500, 2501, 2502, 2514, 2515, 2516, 2517, 2518, 2519, 2521, 2522, 2523, 2524, 2525, 2526, 2527, 2528, 2529, 2530, 2531, 2532, 2533, 2534, 2535, 2536, 2537, 2538, 2539, 2540, 2541, 2542, 2544, 2545, 2546, 2547, 2548, 2549, 2551, 2553, 2555, 2556, 2557, 2558, 2559, 2560, 2561, 2562, 2564, 2565, 2566, 2568, 2570, 2573, 2574, 2575, 2576, 2577, 2578, 2579, 2580, 2581, 2584, 2585, 2586, 2592, 2594, 2598, 2599, 2600, 2601, 2602, 2603, 2604, 2605, 2606, 2607, 2608, 2610, 2611, 2612, 2613, 2614, 2615, 2618, 2619, 2621, 2622, 2623, 2626, 2629, 2631, 2632, 2633, 2634, 2635, 2636, 2637, 2638, 2639, 2640, 2641, 2643, 2644, 2645, 2646, 2647, 2648, 2649, 2651, 2652, 2653, 2654, 2655, 2656, 2657, 2658, 2659, 2660, 2661, 2662, 2663, 2664, 2665, 2666, 2667, 2668, 2669, 2670, 2671, 2672, 2673, 2674, 2675, 2676, 2677, 2678, 2679, 2680, 2681, 2683, 2685, 2686, 2687, 2688, 2689, 2690, 2691, 2692, 2693, 2694, 2695, 2702, 2703, 2704, 2705, 2706, 2707, 2708, 2709, 2711, 2712, 2713, 2714, 2717, 2718, 2719, 2721, 2722, 2723, 2725, 2726, 2727, 2728, 2730, 2731, 2732, 2733, 2734, 2735, 2736, 2737, 2738, 2739, 2740, 2741, 2742, 2743, 2744, 2746, 2747, 2748, 2749, 2750, 2751, 2752, 2754, 2755, 2756, 2757, 2758, 2759, 2760, 2763, 2764, 2765, 2766, 2767, 2768, 2769, 2770, 2771, 2772, 2773, 2775, 2776, 2777, 2778, 2779, 2780, 2781, 2782, 2783, 2784, 2785, 2786, 2787, 2788, 2789, 2790, 2791, 2793, 2794, 2795, 2796, 2797, 2798, 2799, 2800, 2801, 2802, 2803, 2804, 2805, 2807, 2808, 2810, 2811, 2812, 2813, 2814, 2815, 2816, 2817, 2818, 2819, 2820, 2821, 2823, 2828, 2829, 2830, 2831, 2832, 2833, 2834, 2835, 2836, 2838, 2839, 2840, 2841, 2842, 2843, 2844, 2845, 2846, 2847, 2848, 2849, 2850, 2851, 2852, 2853, 2854, 2855, 2856, 2857, 2859, 2860, 2861, 2862, 2863, 2864, 2865, 2866, 2867, 2868, 2869, 2870, 2871, 2872, 2873, 2875, 2876, 2877, 2878, 2879, 2880, 2881, 2882, 2883, 2884, 2885, 2886, 2887, 2888, 2889, 2891, 2892, 2893, 2894, 2895, 2897, 2898, 2899, 2900, 2901, 2902, 2903, 2904, 2905, 2906, 2907, 2908, 2909, 2910, 2911, 2912, 2914, 2915, 2916, 2917, 2921, 2922, 2923, 2924, 2925, 2926, 2927, 2929, 2930, 2931, 2932, 2933, 2934, 2935, 2936, 2937, 2938, 2939, 2940, 2941, 2942, 2943, 2944, 2945, 2946, 2947, 2948, 2949, 2950, 2951, 2952, 2953, 2954, 2955, 2956, 2957, 2958, 2959, 2960, 2961, 2962, 2963, 2964, 2965, 2967, 2968, 2969, 2970, 2971, 2972, 2973, 2974, 2975, 2976, 2977, 2978, 2979, 2980, 2981, 2982, 2983, 2984, 2985, 2986, 2987, 2988, 2989, 2991, 2992, 2993, 2997, 2998, 2999, 3000, 3001, 3002, 3003, 3004, 3005, 3006, 3007, 3009, 3010, 3011, 3013, 3015, 3016, 3017, 3018, 3021, 3022, 3023, 3025, 3030, 3031, 3032, 3033, 3037, 3038, 3039, 3040, 3041, 3043, 3044, 3045, 3052, 3053, 3057, 3058, 3059, 3060, 3061, 3068, 3070, 3075, 3076, 3077, 3078, 3079, 3080, 3081, 3082, 3083, 3084, 3085, 3086, 3087, 3088, 3089, 3090, 3093, 3094, 3095, 3096, 3111, 3112, 3113, 3114, 3115, 3116, 3117, 3121, 3122, 3125, 3126, 3129, 3130, 3131, 3132, 3134, 3135, 3136, 3137, 3138, 3139, 3140, 3141, 3142, 3143, 3144, 3153, 3154, 3158, 3159, 3160, 3161, 3164, 3165, 3166, 3167, 3169, 3173, 3174, 3175, 3176, 3177, 3179, 3180, 3181, 3185, 3187, 3189, 3190, 3191, 3193, 3194, 3195, 3196, 3198, 3199, 3200, 3201, 3202, 3203, 3209, 3210, 3211, 3212, 3213, 3214, 3216, 3217, 3221, 3222, 3228, 3229, 3230, 3233, 3234, 3235, 3236, 3237, 3238, 3239, 3247, 3248, 3249, 3250, 3251, 3252, 3253, 3254, 3255, 3256, 3257, 3258, 3259, 3260, 3261, 3262, 3263, 3264, 3268, 3269, 3273, 3274, 3275, 3276, 3284, 3285, 3286, 3287, 3288, 3289, 3290, 3291, 3292, 3293, 3294, 3295, 3296, 3297, 3299, 3300, 3301, 3302, 3303, 3307, 3308, 3309, 3313, 3314, 3317, 3318, 3319, 3326, 3330, 3331, 3332, 3336, 3337, 3338, 3342, 3343, 3344, 3345, 3346, 3347, 3348, 3349, 3351, 3352, 3359, 3360, 3364, 3368, 3369, 3370, 3371, 3377, 3378, 3379, 3383, 3384, 3385, 3386, 3387, 3388, 3396, 3397, 
rel: 1 k: 3 rho: 396.617 maxRV: 2, 3, 7, 9, 13, 15, 18, 20, 23, 29, 30, 34, 36, 43, 44, 46, 47, 50, 61, 64, 70, 75, 80, 84, 88, 91, 92, 95, 97, 101, 104, 105, 120, 135, 136, 137, 139, 142, 143, 146, 147, 153, 155, 157, 159, 162, 170, 174, 175, 176, 181, 189, 190, 191, 192, 195, 199, 200, 207, 209, 210, 211, 212, 218, 225, 229, 231, 246, 252, 253, 259, 260, 262, 263, 278, 280, 281, 283, 298, 300, 304, 306, 307, 309, 315, 317, 320, 321, 324, 325, 343, 344, 347, 348, 349, 353, 354, 368, 378, 381, 383, 384, 387, 407, 413, 415, 424, 427, 431, 436, 437, 445, 449, 455, 457, 470, 492, 502, 511, 512, 518, 527, 529, 558, 568, 576, 577, 590, 593, 597, 598, 599, 608, 609, 626, 639, 642, 647, 648, 650, 652, 661, 666, 674, 679, 682, 684, 686, 696, 707, 711, 712, 714, 718, 719, 721, 722, 725, 735, 740, 767, 791, 792, 836, 853, 854, 875, 878, 879, 881, 883, 893, 894, 908, 912, 921, 924, 950, 962, 965, 966, 967, 969, 970, 971, 974, 976, 978, 990, 992, 994, 997, 1003, 1006, 1009, 1020, 1027, 1032, 1035, 1036, 1037, 1038, 1039, 1042, 1047, 1050, 1051, 1052, 1055, 1061, 1077, 1079, 1082, 1093, 1109, 1122, 1123, 1124, 1126, 1133, 1142, 1150, 1156, 1158, 1162, 1163, 1164, 1168, 1170, 1177, 1179, 1192, 1210, 1213, 1220, 1228, 1230, 1236, 1239, 1240, 1241, 1243, 1255, 1256, 1258, 1260, 1263, 1265, 1267, 1270, 1271, 1280, 1302, 1304, 1307, 1308, 1309, 1310, 1313, 1314, 1315, 1320, 1324, 1335, 1350, 1351, 1356, 1358, 1359, 1361, 1393, 1412, 1414, 1416, 1417, 1419, 1430, 1435, 1436, 1445, 1452, 1458, 1459, 1489, 1491, 1502, 1504, 1505, 1507, 1510, 1512, 1515, 1516, 1521, 1523, 1525, 1528, 1531, 1545, 1554, 1566, 1570, 1583, 1587, 1592, 1604, 1632, 1639, 1659, 1660, 1662, 1665, 1668, 1670, 1673, 1676, 1698, 1710, 1715, 1720, 1725, 1729, 1730, 1748, 1752, 1758, 1759, 1760, 1769, 1772, 1780, 1781, 1785, 1798, 1801, 1803, 1815, 1816, 1817, 1818, 1820, 1845, 1859, 1861, 1862, 1864, 1866, 1867, 1868, 1871, 1872, 1879, 1892, 1898, 1905, 1917, 1947, 1954, 1973, 1986, 1989, 1994, 1996, 2020, 2024, 2025, 2030, 2037, 2039, 2042, 2046, 2057, 2058, 2059, 2066, 2076, 2077, 2081, 2087, 2090, 2093, 2097, 2103, 2106, 2131, 2133, 2136, 2149, 2156, 2157, 2173, 2180, 2187, 2197, 2199, 2201, 2206, 2222, 2231, 2232, 2234, 2235, 2236, 2237, 2238, 2242, 2244, 2247, 2252, 2259, 2261, 2267, 2275, 2282, 2288, 2299, 2305, 2311, 2312, 2313, 2315, 2317, 2318, 2321, 2322, 2324, 2328, 2334, 2338, 2339, 2341, 2356, 2364, 2369, 2377, 2380, 2383, 2385, 2387, 2391, 2394, 2396, 2397, 2406, 2408, 2411, 2421, 2432, 2443, 2455, 2460, 2463, 2467, 2475, 2477, 2478, 2484, 2495, 2497, 2503, 2507, 2510, 2519, 2529, 2531, 2532, 2533, 2535, 2538, 2545, 2548, 2554, 2556, 2557, 2561, 2566, 2580, 2613, 2617, 2618, 2623, 2626, 2630, 2635, 2639, 2641, 2659, 2660, 2664, 2670, 2680, 2690, 2696, 2700, 2701, 2713, 2720, 2726, 2738, 2740, 2742, 2761, 2778, 2791, 2804, 2810, 2813, 2815, 2817, 2821, 2825, 2826, 2835, 2837, 2840, 2841, 2843, 2847, 2849, 2850, 2868, 2871, 2883, 2887, 2888, 2896, 2901, 2907, 2920, 2921, 2929, 2933, 2944, 2949, 2953, 2957, 2958, 2977, 2990, 2998, 3004, 3029, 3036, 3045, 3049, 3052, 3060, 3063, 3065, 3075, 3081, 3085, 3093, 3096, 3097, 3108, 3109, 3111, 3112, 3131, 3145, 3148, 3151, 3154, 3180, 3181, 3186, 3198, 3220, 3239, 3247, 3251, 3256, 3259, 3284, 3294, 3305, 3307, 3314, 3328, 3337, 3342, 3349, 3350, 3351, 3352, 3357, 3368, 3373, 3379, 3380, 3384, 3389, 3398, 3399, 3405, 3417, 3427, 3430, 3452, 3495, 3511, 3523, 3525, 3540, 3566, 3580, 3583, 3596, 3618, 3626, 3631, 3635, 3639, 3645, 3655, 3663, 3680, 3687, 3689, 3692, 3703, 3706, 3721, 3732, 3733, 3742, 3744, 3750, 3753, 3757, 3773, 3781, 3786, 3796, 3806, 3818, 3846, 3861, 3871, 3873, 3880, 3883, 3889, 3914, 3920, 3924, 3932, 3938, 3941, 3946, 3948, 3949, 3950, 3979, 3985, 3989, 4015, 4028, 4045, 4057, 4065, 4069, 4086, 4096, 4112, 4129, 4140, 4166, 4172, 4181, 4197, 4201, 4203, 4218, 4271, 4283, 4297, 4305, 4313, 4320, 4325, 4332, 4334, 4380, 4381, 4382, 4383, 4392, 4403, 4406, 4417, 4426, 4429, 4433, 4449, 4471, 4474, 4512, 4533, 4568, 4573, 4583, 4611, 4616, 4617, 4618, 4622, 4627, 4629, 4632, 4642, 4653, 4657, 4658, 4659, 4660, 4669, 4673, 4689, 4690, 4696, 4700, 4710, 4711, 4723, 4728, 4729, 4740, 4767, 4784, 4791, 4825, 4826, 4841, 4843, 4845, 4854, 4863, 4867, 4871, 4878, 4881, 4885, 4887, 4890, 4902, 4932, 4973, 4981, 4991, 4993, 5033, 5036, 5039, 5049, 5055, 5056, 5067, 5078, 5085, 5094, 5101, 5104, 5108, 5111, 5132, 5150, 5152, 5161, 5196, 5202, 5210, 5215, 5220, 5252, 5254, 5259, 5287, 5291, 5321, 5325, 5326, 5331, 5339, 5343, 5376, 5380, 5395, 5398, 5415, 5419, 5421, 5422, 5425, 5439, 5443, 5450, 5465, 5486, 5488, 5518, 5532, 5544, 5578, 5579, 5591, 5594, 5595, 5598, 5604, 5627, 5634, 5637, 5643, 5651, 5652, 5653, 5656, 5658, 5663, 5664, 5665, 5676, 5693, 5696, 5705, 5708, 5710, 5719, 5720, 5721, 5729, 5730, 5731, 5733, 5734, 5740, 5753, 5754, 5756, 5758, 5760, 5768, 5769, 5773, 5774, 5778, 5797, 5801, 5803, 5808, 5819, 5821, 5828, 5842, 5844, 5850, 5852, 5853, 5858, 5859, 5871, 5896, 5920, 5938, 5950, 5963, 5968, 5973, 5981, 5982, 5988, 5992, 5993, 5995, 5998, 5999, 6001, 6017, 6018, 6021, 6035, 6046, 6054, 6055, 6097, 6107, 6115, 6118, 6125, 6134, 6142, 6154, 6180, 6187, 6192, 6194, 6198, 6199, 6205, 6214, 6222, 6228, 6229, 6232, 6240, 6241, 6249, 6264, 6265, 6269, 6275, 6280, 6300, 6303, 6304, 6310, 6318, 6321, 6325, 6327, 6335, 6336, 6344, 6345, 6346, 6352, 6365, 6368, 6406, 6410, 6417, 6437, 6440, 6442, 6468, 6473, 6487, 6490, 6500, 6523, 6580, 6585, 6586, 6587, 6588, 6591, 6593, 6594, 6598, 6599, 6605, 6618, 6619, 6621, 6625, 6629, 6632, 6639, 6641, 6661, 6662, 6663, 6665, 6685, 6691, 6692, 6694, 6699, 6710, 6729, 6730, 6734, 6737, 6740, 6741, 6743, 6746, 6753, 6774, 6782, 6785, 6804, 6805, 6825, 6828, 6833, 6845, 6846, 6847, 6848, 6849, 6862, 6863, 6870, 6872, 6873, 6879, 6885, 6886, 6893, 6907, 6918, 6921, 6951, 6955, 6957, 6961, 6980, 6988, 6991, 7013, 7015, 7026, 7027, 7032, 7039, 7052, 7059, 7071, 7082, 7093, 7113, 7116, 7118, 7122, 7127, 7131, 7174, 7183, 7187, 7189, 7207, 7216, 7220, 7224, 7255, 7257, 7259, 7278, 7281, 7302, 7317, 7319, 7324, 7335, 7345, 7355, 7356, 7374, 7375, 7379, 7383, 7385, 7387, 7396, 7410, 7415, 7419, 7422, 7424, 7425, 7426, 7435, 7445, 7449, 7469, 7477, 7479, 7490, 7518, 7523, 7526, 7528, 7534, 7549, 7555, 7569, 7575, 7603, 7604, 7610, 7618, 7642, 7647, 7656, 7657, 7665, 7683, 7685, 7697, 7699, 7702, 7704, 7710, 7711, 7712, 7715, 7723, 7735, 7751, 7785, 7791, 7797, 7803, 7814, 7818, 7824, 7825, 7836, 7843, 7855, 7865, 7870, 7887, 7888, 7897, 7900, 7924, 7928, 7930, 7932, 7940, 7942, 7945, 7948, 7951, 7960, 7967, 7981, 7984, 7987, 7992, 8016, 8021, 8024, 8027, 8046, 8057, 8060, 8081, 8127, 8139, 8140, 8150, 8162, 8179, 8187, 8197, 8198, 8204, 8212, 8216, 8228, 8238, 8258, 8265, 8272, 8279, 8293, 8297, 8298, 8303, 8308, 8315, 8317, 8331, 8360, 8366, 8380, 8385, 8391, 8398, 8408, 8434, 8452, 8467, 8469, 8485, 8487, 8493, 8531, 8544, 8553, 8572, 8602, 8604, 8625, 8653, 8715, 8716, 8754, 8761, 8799, 8800, 8820, 8840, 8874, 8880, 8885, 8896, 8903, 8904, 8907, 8911, 8925, 8926, 8933, 8950, 8951, 8952, 8965, 8972, 8973, 8983, 8989, 8996, 9000, 9001, 9003, 9009, 9018, 9025, 9027, 9028, 9044, 9058, 9065, 9069, 9070, 9073, 9083, 9089, 9101, 9118, 9120, 9121, 9125, 9130, 9142, 9151, 9153, 9159, 9165, 9175, 9184, 9198, 9220, 9240, 9241, 9244, 9253, 9261, 9264, 9265, 9268, 9282, 9284, 9285, 9326, 9332, 9381, 9384, 9389, 9396, 9398, 9408, 9416, 9485, 9497, 9501, 9503, 9504, 9515, 9523, 9531, 9534, 9542, 9546, 9548, 9561, 9571, 9575, 9577, 9578, 9587, 9605, 9611, 9622, 9661, 9663, 9684, 9700, 9704, 9712, 9716, 9717, 9738, 9740, 9746, 9749, 9764, 9765, 9767, 9782, 9803, 9813, 9834, 9869, 9870, 9872, 9887, 9903, 9911, 9919, 9951, 9973, 9982, 10039, 10067, 10069, 10082, 10084, 10103, 10116, 10131, 10175, 10186, 10210, 10240, 10341, 10401, 10445, 10450, 10467, 10474, 10477, 10491, 10495, 10543, 10548, 10550, 10613, 10662, 10663, 10889, 10892, 10950, 10951, 10963, 10974, 11015, 11042, 11044, 11047, 11065, 11087, 11104, 11122, 11123, 11176, 11194, 11215, 11221, 11233, 11240, 11243, 11287, 11382, 11409, 11422, 11439, 11457, 11477, 11487, 11549, 11563, 11571, 11629, 11643, 11652, 11666, 11676, 11730, 11737, 11746, 11765, 11782, 11813, 11840, 11875, 11912, 11920, 11950, 11954, 11972, 11983, 11996, 12012, 12042, 12071, 12109, 12121, 12124, 12126, 12140, 12141, 12194, 12209, 12215, 12218, 12220, 12223, 12233, 12247, 12268, 12298, 12317, 12337, 12348, 12378, 12422, 12425, 12444, 12459, 12463, 12468, 12479, 12480, 12481, 12520, 12545, 12569, 12613, 12645, 12651, 12658, 12671, 12693, 12694, 12732, 12733, 12736, 12739, 12741, 12753, 12756, 12784, 12788, 12800, 12808, 12819, 12822, 12829, 12830, 12833, 12839, 12842, 12844, 12849, 12890, 12896, 12906, 12932, 12936, 12947, 12959, 12973, 12979, 12982, 13005, 13014, 13018, 13039, 13048, 13056, 13084, 13138, 13139, 13177, 13219, 13401, 13433, 13535, 13540, 13552, 13580, 13640, 13654, 13675, 13677, 13686, 13689, 13690, 13699, 13702, 13717, 13725, 13730, 13768, 13770, 13812, 13819, 13826, 13932, 13933, 13948, 13968, 14011, 14013, 14015, 14033, 14059, 14081, 14088, 14090, 14099, 14125, 14137, 14174, 14226, 14228, 14230, 14235, 14251, 14253, 14258, 14265, 14269, 14294, 14312, 14322, 14325, 14346, 14351, 14379, 14388, 14399, 14401, 14404, 14413, 14431, 14440, 14489, 14490, 14535, 14537, 14563, 14573, 14579, 14595, 14602, 14608, 14610, 14612, 14615, 14616, 14619, 14628, 14738, 14763, 14770, 14781, 14782, 14783, 14792, 14798, 14836, 14852, 14866, 14896, 14897, 14901, 14907, 14921, 14924, 14937, 14947, 14963, 14980, 14981, 14986, 14988, 15039, 15159, 15349, 15364, 15428, 15443, 15493, 15511, 15704, 15723, 15727, 15738, 15741, 15791, 15792, 15800, 15856, 15948, 15995, 16055, 16090, 16103, 16108, 16130, 16138, 16156, 16166, 16171, 16199, 16202, 16207, 16279, 16291, 16333, 16340, 16341, 16353, 16366, 16428, 16449, 16454, 16466, 16485, 16573, 16574, 16622, 16625, 16654, 16738, 16754, 16761, 17071, 17096, 17121, 17128, 17129, 17137, 17213, 17226, 17231, 17276, 17308, 17394, 17397, 17398, 17422, 17435, 17438, 17440, 17441, 17443, 17445, 17458, 17467, 17487, 17597, 17605, 17608, 17616, 17672, 17795, 17796, 17797, 17798, 17805, 17806, 17808, 17811, 17812, 17813, 17816, 17817, 17820, 17823, 17835, 17867, 17872, 17873, 17876, 17907, 17913, 17939, 17941, 17942, 17947, 17948, 17960, 17980, 17981, 17982, 18002, 18003, 18006, 18019, 18037, 18038, 18039, 18047, 18070, 18079, 18099, 18101, 18113, 18133, 18141, 18146, 18166, 18208, 18215, 18241, 18272, 18294, 18311, 18315, 18346, 18408, 18419, 18467, 18516, 18540, 18557, 18575, 18626, 18627, 18655, 18661, 18748, 18785, 18798, 18852, 18867, 18936, 18945, 18959, 18992, 19010, 19153, 19159, 19174, 19183, 19189, 19208, 19224, 19310, 19363, 19369, 19372, 19374, 19379, 19413, 19424, 19440, 19462, 19497, 19589, 19707, 19714, 19721, 19735, 19756, 19777, 19780, 19795, 19820, 19876, 19903, 19908, 19916, 19920, 19922, 19923, 20030, 20070, 20078, 20157, 20188, 20201, 20226, 20278, 20279, 20323, 20355, 20363, 20364, 20376, 20381, 20384, 20412, 20418, 20424, 20425, 20433, 20450, 20491, 20492, 20494, 20505, 20527, 20562, 20587, 20594, 20679, 20700, 20749, 20818, 20947, 20966, 20967, 20982, 21038, 21043, 21072, 21121, 21238, 21329, 21397, 21398, 21408, 21414, 21420, 21422, 21533, 21577, 21585, 21588, 21591, 21595, 21596, 21620, 21622, 21644, 21666, 21688, 21698, 21699, 21701, 21702, 21705, 21726, 21772, 21800, 21837, 21896, 21919, 21958, 22071, 22100, 22230, 22541, 22545, 22612, 22656, 22778, 22822, 22827, 22832, 22843, 22882, 23008, 23034, 23077, 23142, 23226, 23248, 23346, 23355, 23356, 23366, 23372, 23452, 23498, 23659, 23671, 23689, 23725, 23729, 23774, 23780, 23835, 23842, 23875, 23877, 23892, 23897, 23933, 23995, 23999, 24085, 24095, 24121, 24289, 24291, 24336, 24400, 24404, 24509, 24512, 24513, 24515, 24563, 24564, 24567, 24568, 24595, 24605, 24610, 24618, 24629, 24636, 24637, 24638, 24656, 24696, 24712, 24753, 24931, 24956, 24959, 24969, 24978, 24998, 25005, 25007, 25022, 25026, 25029, 25042, 25044, 25069, 25238, 25244, 25254, 25255, 25256, 25268, 25305, 25355, 25405, 25611, 25612, 25759, 25810, 25817, 25862, 25876, 25878, 25930, 25974, 26025, 26077, 26144, 26256, 26312, 26477, 26539, 26566, 26582, 26643, 26644, 26646, 26884, 26935, 27024, 27197, 27199, 27217, 27255, 27274, 27303, 27321, 27338, 27339, 27564, 27648, 27683, 27774, 27799, 27847, 27895, 27914, 27947, 27991, 28029, 28144, 28173, 28236, 28335, 28338, 28461, 28482, 28575, 28621, 28635, 28729, 28783, 28878, 28880, 28928, 29018, 29062, 29118, 29130, 29161, 29179, 29217, 29223, 29248, 29290, 29318, 29319, 29329, 29388, 29437, 29539, 29541, 29554, 29596, 29644, 29779, 29791, 30005, 30006, 30395, 30418, 30455, 30457, 30521, 30548, 30549, 30644, 30690, 30713, 30767, 30908, 30945, 30999, 31004, 31005, 31016, 31017, 31131, 31155, 31258, 31302, 31421, 31473, 31525, 31572, 31626, 31628, 31633, 31660, 31662, 31734, 31828, 31830, 31840, 31850, 31905, 31939, 31940, 31951, 32015, 32059, 32061, 32220, 32371, 32396, 32402, 32439, 32526, 32688, 32747, 32827, 32875, 32876, 32878, 33073, 33158, 33328, 33330, 33398, 33465, 33474, 33595, 33617, 33682, 33789, 33796, 33877, 33941, 34086, 34147, 34182, 34287, 34312, 34313, 34394, 34458, 34565, 34807, 34886, 35119, 35530, 35531, 35532, 35599, 35692, 35828, 35903, 35933, 36102, 36106, 36301, 36302, 36573, 36895, 36918, 37206, 37207, 37245, 37258, 37471, 38002, 38004, 38005, 38006, 38194, 38217, 38255, 38295, 38491, 38492, 38617, 38897, 39026, 39075, 39088, 39122, 39124, 39149, 39200, 39242, 39245, 39316, 39340, 39519, 39842, 39843, 39892, 39962, 39985, 40257, 40423, 40793, 40982, 41369, 41711, 41782, 41843, 42087, 42127, 42129, 42324, 42783, 42944, 43242, 43700, 43715, 43818, 43838, 44613, 44841, 44876, 44924, 44925, 44949, 44951, 45507, 45758, 45805, 46226, 47541, 49545, 49553, 49785, 49786, 49787, 
rel: 1 k: 4 rho: 127.108 maxRV: 2, 3, 7, 9, 13, 15, 18, 20, 23, 29, 30, 34, 36, 44, 46, 47, 50, 61, 75, 80, 91, 92, 101, 104, 105, 135, 137, 143, 146, 147, 153, 155, 157, 159, 170, 174, 175, 189, 190, 191, 195, 199, 200, 207, 209, 210, 211, 212, 218, 229, 231, 246, 252, 253, 259, 262, 263, 280, 283, 300, 317, 320, 324, 344, 348, 378, 383, 384, 413, 415, 424, 427, 431, 457, 518, 527, 568, 590, 598, 626, 639, 642, 648, 650, 661, 666, 679, 686, 712, 718, 719, 721, 722, 836, 853, 854, 878, 883, 950, 962, 965, 966, 967, 969, 970, 971, 974, 976, 978, 990, 1003, 1006, 1009, 1027, 1035, 1037, 1038, 1039, 1047, 1050, 1055, 1061, 1079, 1082, 1093, 1109, 1142, 1156, 1158, 1164, 1168, 1170, 1177, 1179, 1192, 1213, 1220, 1228, 1241, 1280, 1302, 1304, 1307, 1308, 1309, 1310, 1314, 1315, 1320, 1324, 1350, 1361, 1445, 1452, 1459, 1502, 1507, 1510, 1515, 1516, 1523, 1525, 1528, 1531, 1570, 1587, 1592, 1604, 1632, 1660, 1668, 1698, 1720, 1758, 1766, 1772, 1780, 1785, 1815, 1817, 1861, 1864, 1868, 1872, 1892, 1898, 1917, 1973, 1989, 1994, 1996, 2020, 2057, 2059, 2076, 2077, 2097, 2106, 2131, 2133, 2136, 2149, 2175, 2180, 2197, 2206, 2222, 2234, 2236, 2238, 2244, 2261, 2267, 2305, 2312, 2315, 2322, 2339, 2356, 2364, 2377, 2380, 2385, 2394, 2408, 2421, 2432, 2443, 2455, 2477, 2495, 2507, 2535, 2538, 2548, 2557, 2601, 2618, 2664, 2670, 2701, 2726, 2740, 2742, 2778, 2810, 2811, 2812, 2813, 2817, 2835, 2840, 2843, 2847, 2849, 2850, 2868, 2881, 2883, 2896, 2905, 2906, 2908, 2949, 2957, 2958, 2977, 2990, 2998, 3036, 3049, 3052, 3060, 3065, 3069, 3085, 3109, 3148, 3151, 3154, 3181, 3186, 3237, 3373, 3379, 3399, 3417, 3452, 3479, 3525, 3540, 3583, 3596, 3618, 3645, 3663, 3721, 3742, 3757, 3796, 3883, 3924, 3938, 3948, 3989, 4045, 4111, 4200, 4392, 4417, 4429, 4533, 4568, 4573, 4622, 4627, 4629, 4642, 4657, 4689, 4723, 4729, 4841, 4843, 4854, 4871, 4886, 4890, 4902, 4932, 4981, 4991, 5033, 5039, 5055, 5067, 5078, 5111, 5161, 5196, 5259, 5331, 5415, 5419, 5450, 5486, 5488, 5532, 5594, 5618, 5651, 5652, 5656, 5696, 5708, 5730, 5731, 5734, 5808, 5828, 5850, 5920, 5938, 5968, 5998, 6001, 6017, 6046, 6142, 6205, 6214, 6222, 6229, 6234, 6241, 6300, 6304, 6318, 6325, 6344, 6352, 6365, 6500, 6523, 6585, 6586, 6587, 6588, 6591, 6593, 6594, 6598, 6605, 6618, 6619, 6621, 6625, 6629, 6632, 6636, 6639, 6641, 6661, 6663, 6665, 6685, 6694, 6729, 6730, 6734, 6737, 6743, 6746, 6753, 6825, 6833, 6846, 6849, 6862, 6870, 6872, 6873, 6879, 6885, 6886, 6921, 6933, 6951, 6980, 7013, 7015, 7027, 7039, 7052, 7059, 7071, 7113, 7114, 7116, 7131, 7187, 7189, 7207, 7216, 7220, 7224, 7255, 7319, 7345, 7355, 7375, 7379, 7387, 7415, 7419, 7477, 7513, 7518, 7526, 7528, 7569, 7618, 7704, 7735, 7814, 7888, 7897, 7900, 7981, 8024, 8258, 8272, 8279, 8298, 8308, 8317, 8331, 8385, 8398, 8467, 8469, 8485, 8572, 8602, 8653, 8754, 8907, 8926, 8950, 9000, 9003, 9018, 9027, 9101, 9130, 9153, 9193, 9220, 9241, 9265, 9268, 9548, 9575, 9577, 9578, 9740, 9782, 9804, 9813, 9869, 9870, 9888, 9895, 10039, 10069, 10210, 10889, 10950, 10951, 11194, 11409, 11643, 11666, 11737, 11972, 12064, 12140, 12142, 12194, 12223, 12569, 12733, 12739, 12741, 12800, 12819, 12822, 12947, 12959, 12973, 12979, 12982, 13056, 13138, 13219, 13401, 13675, 13677, 13686, 13689, 13690, 13702, 13717, 13725, 13826, 13932, 13936, 13952, 13968, 14011, 14081, 14228, 14230, 14235, 14351, 14388, 14399, 14431, 14440, 14602, 14738, 14763, 14907, 15407, 16090, 16130, 16250, 16279, 16353, 16454, 16466, 17306, 17308, 17397, 17422, 17435, 17440, 17443, 17445, 17795, 17797, 17805, 17808, 17811, 17812, 17813, 17816, 17817, 17820, 17867, 17872, 17907, 17913, 17939, 17941, 17948, 17960, 18003, 18079, 18101, 18215, 18294, 18346, 19007, 19372, 19379, 19381, 19413, 19417, 19424, 19432, 19462, 19465, 19472, 20226, 20323, 20412, 20491, 20527, 21329, 21585, 21588, 21591, 21595, 21596, 21620, 22882, 23021, 23888, 23933, 23949, 23955, 24291, 25759, 26025, 29324, 29326, 29329, 30767, 31940, 32061, 32876, 33682, 34811, 36101, 36102, 36104, 36573, 39149, 39519, 
rel: 1 k: 5 rho: 50.1436 maxRV: 2, 3, 7, 13, 15, 18, 20, 29, 30, 36, 44, 47, 50, 61, 75, 80, 101, 104, 143, 146, 147, 153, 155, 157, 159, 170, 174, 189, 191, 195, 200, 207, 209, 210, 212, 218, 229, 231, 246, 253, 262, 263, 281, 283, 317, 324, 344, 348, 424, 527, 626, 639, 648, 661, 679, 686, 718, 719, 722, 836, 853, 878, 962, 969, 974, 978, 1003, 1006, 1027, 1035, 1037, 1038, 1039, 1047, 1050, 1055, 1061, 1077, 1082, 1093, 1142, 1156, 1158, 1163, 1164, 1168, 1177, 1179, 1213, 1220, 1280, 1304, 1308, 1309, 1310, 1314, 1324, 1445, 1446, 1452, 1453, 1502, 1531, 1587, 1632, 1772, 1785, 1815, 1864, 1868, 1872, 1892, 1973, 2016, 2020, 2057, 2059, 2077, 2106, 2133, 2149, 2175, 2244, 2267, 2339, 2380, 2408, 2432, 2443, 2455, 2495, 2548, 2601, 2701, 2810, 2811, 2812, 2814, 2815, 2817, 2821, 2825, 2829, 2835, 2840, 2847, 2849, 2850, 2868, 2881, 2883, 2892, 2894, 2896, 2904, 2905, 2908, 2917, 2919, 2929, 2948, 2949, 2953, 2958, 2990, 3036, 3060, 3065, 3109, 3154, 3181, 3186, 3222, 3419, 3583, 3596, 3757, 3796, 3883, 3938, 4045, 4533, 4902, 5033, 5055, 5404, 5594, 6300, 6325, 6585, 6586, 6587, 6588, 6590, 6591, 6593, 6594, 6598, 6609, 6618, 6619, 6625, 6629, 6632, 6636, 6639, 6661, 6663, 6665, 6685, 6694, 6729, 6734, 6737, 6746, 6753, 6782, 6825, 6833, 6843, 6849, 6870, 6872, 6873, 6907, 6913, 6921, 6929, 6933, 6951, 7015, 7039, 7071, 7114, 7115, 7155, 7216, 7220, 7255, 7319, 7355, 7387, 7415, 7419, 7526, 7602, 7603, 7814, 8130, 8170, 8241, 8247, 8467, 8480, 8493, 8924, 8926, 9018, 9182, 9241, 9577, 9707, 9740, 9869, 9870, 10344, 10355, 10356, 10357, 10358, 10360, 10375, 10376, 10380, 10398, 10401, 10404, 10408, 10410, 10414, 10420, 10422, 10430, 10442, 10457, 10607, 10610, 10612, 10619, 10620, 10621, 10623, 10632, 10635, 10637, 10640, 10642, 10644, 10652, 10653, 10655, 10662, 10663, 10682, 10684, 10685, 10687, 10710, 10712, 10713, 10725, 10732, 10741, 10744, 10748, 10755, 10768, 10773, 10775, 10778, 10805, 10809, 10810, 10963, 10964, 10974, 11020, 11310, 11666, 12668, 12800, 12982, 13219, 14351, 14431, 15856, 16130, 16361, 17308, 17907, 18003, 18215, 21585, 21588, 21591, 21595, 21596, 21620, 22255, 26042, 32061, 
rel: 1 k: 6 rho: 32.7769 maxRV: 3, 7, 20, 30, 36, 75, 80, 143, 146, 147, 153, 155, 157, 159, 170, 174, 189, 191, 195, 207, 209, 212, 229, 231, 246, 253, 262, 263, 281, 283, 317, 344, 348, 424, 449, 626, 648, 652, 661, 679, 718, 719, 836, 853, 962, 974, 1003, 1077, 1082, 1093, 1156, 1164, 1168, 1179, 1213, 1308, 1324, 1445, 1446, 1452, 1502, 1864, 1868, 1973, 2020, 2059, 2106, 2133, 2149, 2244, 2380, 2811, 2812, 2814, 2815, 2817, 2821, 2825, 2829, 2835, 2840, 2847, 2849, 2850, 2881, 2883, 2892, 2894, 2896, 2904, 2905, 2908, 2917, 2919, 2929, 2948, 2953, 2958, 2990, 2993, 3036, 3060, 3065, 3154, 3181, 3186, 3222, 3596, 3757, 3796, 4045, 4546, 4902, 5594, 6325, 6585, 6587, 6590, 6591, 6594, 6598, 6609, 6618, 6619, 6625, 6629, 6632, 6636, 6639, 6663, 6665, 6685, 6729, 6734, 6746, 6782, 6833, 6843, 6849, 6872, 6907, 6913, 6921, 6929, 6933, 7015, 7039, 7155, 7216, 7220, 7602, 7814, 8130, 8467, 8480, 8924, 8926, 9241, 9577, 9740, 9869, 10344, 10355, 10356, 10357, 10375, 10376, 10380, 10398, 10404, 10410, 10414, 10457, 10610, 10612, 10620, 10621, 10627, 10632, 10635, 10637, 10640, 10642, 10644, 10652, 10653, 10655, 10662, 10663, 10668, 10682, 10684, 10685, 10687, 10710, 10712, 10725, 10732, 10741, 10748, 10755, 10768, 10773, 10775, 10778, 10805, 10809, 10810, 10963, 10974, 13219, 15856, 21591, 21595, 21620, 
rel: 1 k: 7 rho: 25.4252 maxRV: 3, 7, 36, 143, 146, 147, 155, 159, 170, 174, 207, 209, 212, 229, 231, 246, 253, 262, 263, 281, 283, 317, 344, 348, 626, 652, 661, 679, 718, 719, 853, 1077, 1082, 1093, 1445, 1446, 1502, 1864, 1868, 1973, 2020, 2059, 2133, 2244, 2811, 2812, 2815, 2817, 2821, 2825, 2829, 2835, 2847, 2850, 2881, 2883, 2892, 2894, 2896, 2904, 2905, 2908, 2917, 2919, 2929, 2948, 2953, 2958, 2990, 3060, 3065, 3109, 3154, 3181, 3186, 3222, 3796, 6585, 6587, 6591, 6594, 6598, 6609, 6618, 6663, 6665, 6685, 6729, 6734, 6746, 6782, 6849, 6872, 6907, 6913, 6921, 6929, 6933, 7155, 7216, 7220, 7602, 7603, 8130, 8467, 8480, 9577, 10344, 10355, 10356, 10357, 10373, 10375, 10376, 10380, 10398, 10410, 10414, 10610, 10612, 10620, 10621, 10632, 10635, 10637, 10640, 10642, 10644, 10652, 10653, 10655, 10662, 10663, 10682, 10684, 10685, 10687, 10710, 10712, 10725, 10732, 10741, 10748, 10755, 10768, 10778, 10805, 10809, 10810, 10963, 
rel: 1 k: 8 rho: 28.414 maxRV: 262, 281, 1077, 2811, 2812, 2815, 2821, 2825, 2829, 2850, 2881, 2892, 2894, 2896, 2904, 2908, 2917, 2919, 2929, 2948, 2953, 3222, 6609, 6782, 6907, 6913, 6921, 6929, 6933, 7155, 8130, 8467, 9577, 10344, 10355, 10356, 10357, 10375, 10376, 10380, 10398, 10410, 10414, 10610, 10612, 10620, 10621, 10632, 10635, 10637, 10640, 10642, 10644, 10652, 10655, 10662, 10663, 10682, 10684, 10685, 10687, 10710, 10712, 10720, 10725, 10741, 10748, 10768, 10778, 10805, 10809, 
rel: 1 k: 9 rho: 26.8131 maxRV: 262, 281, 1077, 2811, 2812, 2815, 2821, 2825, 2829, 2850, 2881, 2892, 2894, 2896, 2904, 2908, 2917, 2919, 2929, 2948, 2953, 6609, 6636, 6782, 6907, 6913, 6921, 6929, 6933, 7155, 8130, 8467, 9577, 10344, 10355, 10356, 10357, 10373, 10375, 10376, 10380, 10398, 10410, 10414, 10610, 10612, 10620, 10621, 10627, 10632, 10635, 10637, 10640, 10642, 10644, 10652, 10655, 10662, 10663, 10682, 10684, 10685, 10687, 10710, 10712, 10725, 10741, 10748, 10768, 10778, 10805, 
rel: 1 k: 10 rho: 24.4497 maxRV: 262, 281, 1077, 2811, 2812, 2815, 2821, 2825, 2829, 2850, 2881, 2892, 2896, 2904, 2908, 2917, 2919, 2929, 2948, 2953, 6609, 6782, 6907, 6913, 6921, 6933, 7155, 8130, 8467, 10344, 10355, 10356, 10357, 10373, 10375, 10376, 10380, 10398, 10410, 10414, 10610, 10612, 10620, 10621, 10627, 10632, 10635, 10637, 10640, 10642, 10644, 10652, 10655, 10662, 10663, 10682, 10684, 10685, 10710, 10712, 10720, 10725, 10748, 10768, 10778, 10805, 
rel: 1 k: 11 rho: 21.8532 maxRV: 281, 1077, 2811, 2812, 2815, 2821, 2825, 2829, 2850, 2881, 2892, 2896, 2904, 2919, 2929, 2948, 2953, 6609, 6907, 6913, 6921, 6933, 7155, 8467, 10344, 10356, 10357, 10373, 10375, 10376, 10380, 10398, 10410, 10414, 10606, 10610, 10612, 10620, 10621, 10627, 10632, 10635, 10637, 10640, 10642, 10644, 10652, 10655, 10662, 10663, 10682, 10684, 10685, 10710, 10712, 10725, 10748, 10768, 10778, 
rel: 1 k: 12 rho: 19.7402 maxRV: 262, 281, 1077, 2811, 2812, 2815, 2821, 2825, 2829, 2850, 2881, 2892, 2896, 2904, 2919, 2929, 2948, 2953, 6609, 6907, 6913, 6921, 6933, 8467, 10344, 10373, 10375, 10376, 10380, 10398, 10410, 10414, 10610, 10612, 10620, 10621, 10632, 10635, 10637, 10640, 10642, 10644, 10652, 10655, 10662, 10663, 10682, 10684, 10685, 10710, 10712, 10725, 10768, 
rel: 1 k: 13 rho: 18.3661 maxRV: 262, 281, 1077, 2811, 2812, 2815, 2821, 2825, 2829, 2850, 2881, 2892, 2896, 2904, 2919, 2929, 2948, 2953, 6609, 6907, 6913, 6921, 6933, 8467, 10344, 10373, 10375, 10376, 10380, 10398, 10410, 10414, 10610, 10612, 10620, 10621, 10632, 10635, 10637, 10640, 10642, 10652, 10655, 10662, 10663, 10684, 10710, 10712, 10725, 10768, 
rel: 1 k: 14 rho: 15.5914 maxRV: 262, 2811, 2812, 2815, 2821, 2825, 2829, 2850, 2881, 2892, 2896, 2904, 2919, 2929, 2948, 6609, 6907, 6913, 6921, 6933, 8467, 10344, 10373, 10375, 10380, 10398, 10610, 10612, 10620, 10621, 10627, 10632, 10635, 10637, 10640, 10642, 10652, 10655, 10662, 10663, 10710, 10712, 10725, 10768, 
rel: 1 k: 15 rho: 10.397 maxRV: 2811, 2815, 2892, 2904, 2919, 6609, 6913, 10344, 10373, 10398, 10610, 10612, 10620, 10621, 10632, 10635, 10637, 10640, 10642, 10652, 10655, 10662, 10663, 10710, 10712, 10725, 
rel: 1 k: 16 rho: 9.92173 maxRV: 2815, 2892, 2904, 2919, 6609, 6913, 10344, 10373, 10398, 10610, 10612, 10620, 10621, 10627, 10632, 10635, 10637, 10640, 10642, 10652, 10655, 10662, 10663, 10710, 10712, 
rel: 1 k: 17 rho: 9.61705 maxRV: 2811, 2815, 2892, 2904, 2919, 6609, 6913, 10344, 10373, 10398, 10610, 10612, 10620, 10621, 10627, 10632, 10635, 10637, 10640, 10642, 10652, 10655, 10662, 10663, 10710, 10712, 
rel: 1 k: 18 rho: 7.99556 maxRV: 2815, 2892, 2904, 2919, 6609, 6913, 10344, 10373, 10398, 10610, 10612, 10620, 10621, 10627, 10632, 10635, 10637, 10642, 10652, 10663, 10710, 
rel: 1 k: 19 rho: 6.77742 maxRV: 2811, 2815, 2892, 2904, 2919, 6609, 10344, 10373, 10398, 10610, 10612, 10620, 10621, 10627, 10632, 10635, 10637, 10642, 10652, 10663, 
rel: 1 k: 3 rho: 376.591 maxRV: 2, 3, 7, 9, 13, 15, 18, 20, 23, 29, 30, 34, 36, 43, 44, 46, 47, 50, 61, 64, 70, 75, 80, 84, 88, 91, 92, 95, 97, 101, 104, 105, 120, 135, 136, 137, 139, 142, 143, 146, 147, 153, 155, 157, 159, 162, 170, 174, 175, 176, 181, 189, 190, 191, 192, 195, 199, 200, 207, 209, 210, 211, 212, 218, 225, 229, 231, 246, 248, 252, 253, 256, 259, 260, 262, 263, 267, 278, 280, 281, 283, 298, 300, 304, 306, 307, 309, 315, 317, 320, 321, 324, 325, 343, 344, 347, 348, 349, 353, 354, 368, 378, 381, 383, 384, 387, 407, 413, 415, 424, 427, 431, 436, 437, 445, 449, 455, 457, 470, 492, 511, 512, 518, 527, 529, 558, 568, 576, 577, 590, 593, 597, 598, 599, 608, 609, 626, 639, 641, 642, 647, 648, 650, 652, 661, 666, 674, 679, 682, 684, 686, 696, 707, 711, 712, 714, 718, 719, 721, 722, 725, 735, 740, 767, 791, 792, 836, 853, 854, 875, 878, 879, 880, 881, 883, 893, 894, 908, 912, 921, 924, 950, 962, 965, 966, 967, 969, 970, 971, 974, 976, 978, 990, 992, 994, 997, 1003, 1006, 1009, 1020, 1027, 1032, 1035, 1036, 1037, 1038, 1039, 1042, 1047, 1050, 1051, 1052, 1055, 1061, 1077, 1079, 1082, 1093, 1109, 1122, 1123, 1124, 1126, 1133, 1142, 1150, 1156, 1158, 1162, 1163, 1164, 1168, 1170, 1177, 1179, 1192, 1210, 1213, 1220, 1228, 1230, 1236, 1239, 1240, 1241, 1243, 1255, 1256, 1258, 1260, 1263, 1265, 1267, 1270, 1271, 1280, 1302, 1304, 1307, 1308, 1309, 1310, 1313, 1314, 1315, 1320, 1324, 1335, 1350, 1351, 1356, 1358, 1359, 1361, 1393, 1412, 1414, 1416, 1417, 1419, 1430, 1435, 1436, 1445, 1446, 1452, 1458, 1459, 1489, 1491, 1502, 1504, 1505, 1507, 1510, 1512, 1515, 1516, 1521, 1523, 1525, 1528, 1531, 1545, 1554, 1566, 1570, 1583, 1587, 1592, 1604, 1632, 1639, 1659, 1660, 1662, 1665, 1668, 1670, 1673, 1676, 1698, 1710, 1715, 1720, 1729, 1730, 1732, 1748, 1752, 1758, 1759, 1760, 1769, 1772, 1780, 1781, 1785, 1798, 1801, 1803, 1815, 1816, 1817, 1818, 1820, 1845, 1859, 1861, 1862, 1864, 1866, 1867, 1868, 1871, 1872, 1879, 1892, 1898, 1900, 1905, 1917, 1947, 1954, 1961, 1973, 1986, 1989, 1994, 1996, 2009, 2016, 2020, 2024, 2025, 2030, 2037, 2039, 2042, 2046, 2057, 2058, 2059, 2066, 2076, 2077, 2081, 2087, 2090, 2093, 2096, 2097, 2103, 2106, 2131, 2133, 2136, 2149, 2152, 2156, 2157, 2173, 2175, 2180, 2187, 2197, 2199, 2201, 2206, 2222, 2231, 2232, 2234, 2235, 2236, 2237, 2238, 2242, 2244, 2247, 2252, 2259, 2261, 2267, 2275, 2282, 2288, 2299, 2305, 2308, 2311, 2312, 2313, 2315, 2317, 2318, 2321, 2322, 2324, 2328, 2334, 2338, 2339, 2341, 2356, 2364, 2369, 2377, 2380, 2383, 2385, 2387, 2391, 2394, 2396, 2397, 2406, 2408, 2411, 2421, 2428, 2432, 2443, 2455, 2460, 2463, 2467, 2475, 2477, 2478, 2484, 2495, 2497, 2503, 2507, 2510, 2519, 2529, 2531, 2532, 2533, 2535, 2538, 2545, 2548, 2554, 2556, 2557, 2561, 2566, 2580, 2601, 2608, 2613, 2617, 2618, 2623, 2626, 2630, 2635, 2639, 2641, 2659, 2660, 2664, 2670, 2680, 2690, 2696, 2700, 2701, 2713, 2720, 2724, 2726, 2738, 2740, 2742, 2761, 2778, 2791, 2810, 2811, 2812, 2813, 2814, 2815, 2817, 2821, 2825, 2826, 2829, 2835, 2837, 2840, 2841, 2843, 2847, 2849, 2850, 2868, 2871, 2881, 2883, 2887, 2888, 2892, 2894, 2896, 2903, 2904, 2905, 2906, 2907, 2908, 2917, 2919, 2920, 2921, 2929, 2933, 2944, 2948, 2949, 2953, 2957, 2958, 2977, 2990, 2998, 3004, 3029, 3036, 3045, 3049, 3052, 3060, 3063, 3065, 3069, 3072, 3081, 3085, 3093, 3096, 3097, 3108, 3109, 3111, 3112, 3131, 3139, 3145, 3148, 3151, 3154, 3180, 3181, 3186, 3222, 3239, 3247, 3256, 3259, 3284, 3294, 3305, 3314, 3328, 3337, 3342, 3349, 3350, 3352, 3357, 3368, 3373, 3379, 3380, 3384, 3385, 3398, 3399, 3405, 3417, 3419, 3427, 3430, 3442, 3479, 3495, 3511, 3525, 3527, 3540, 3566, 3580, 3583, 3596, 3618, 3626, 3631, 3635, 3645, 3655, 3663, 3680, 3687, 3689, 3692, 3703, 3706, 3721, 3732, 3733, 3742, 3744, 3750, 3753, 3757, 3773, 3781, 3786, 3796, 3806, 3818, 3846, 3861, 3871, 3873, 3880, 3883, 3889, 3905, 3914, 3920, 3924, 3932, 3938, 3941, 3946, 3948, 3949, 3950, 3979, 3985, 3989, 4015, 4028, 4045, 4057, 4065, 4069, 4086, 4096, 4112, 4129, 4140, 4166, 4172, 4181, 4190, 4197, 4201, 4203, 4218, 4271, 4283, 4297, 4305, 4313, 4320, 4325, 4332, 4334, 4380, 4381, 4382, 4383, 4392, 4403, 4406, 4417, 4426, 4429, 4433, 4449, 4471, 4474, 4512, 4533, 4568, 4573, 4583, 4611, 4616, 4617, 4618, 4622, 4627, 4629, 4632, 4642, 4653, 4657, 4658, 4659, 4660, 4669, 4673, 4689, 4690, 4696, 4700, 4710, 4711, 4723, 4728, 4729, 4740, 4767, 4784, 4791, 4825, 4826, 4841, 4843, 4845, 4854, 4863, 4867, 4871, 4878, 4881, 4885, 4887, 4890, 4902, 4932, 4973, 4981, 4986, 4991, 4993, 5033, 5036, 5039, 5049, 5055, 5056, 5067, 5078, 5085, 5094, 5101, 5104, 5108, 5111, 5132, 5150, 5152, 5161, 5196, 5202, 5210, 5215, 5220, 5252, 5254, 5259, 5321, 5325, 5326, 5331, 5339, 5343, 5355, 5376, 5380, 5395, 5398, 5404, 5415, 5419, 5421, 5422, 5425, 5439, 5442, 5443, 5450, 5465, 5486, 5488, 5518, 5532, 5555, 5578, 5579, 5591, 5594, 5595, 5598, 5618, 5627, 5634, 5637, 5643, 5651, 5652, 5653, 5656, 5658, 5664, 5665, 5676, 5693, 5696, 5705, 5708, 5710, 5719, 5720, 5729, 5730, 5731, 5733, 5734, 5737, 5740, 5754, 5756, 5760, 5768, 5769, 5773, 5774, 5778, 5797, 5801, 5803, 5808, 5809, 5819, 5821, 5828, 5842, 5844, 5850, 5852, 5853, 5858, 5859, 5871, 5896, 5920, 5938, 5950, 5963, 5968, 5973, 5981, 5982, 5988, 5992, 5993, 5995, 5998, 5999, 6001, 6011, 6017, 6018, 6021, 6035, 6046, 6054, 6055, 6097, 6104, 6107, 6115, 6118, 6125, 6134, 6142, 6154, 6180, 6187, 6192, 6194, 6198, 6199, 6205, 6214, 6222, 6226, 6228, 6229, 6232, 6240, 6241, 6244, 6249, 6263, 6264, 6265, 6269, 6280, 6300, 6303, 6304, 6310, 6318, 6321, 6325, 6327, 6335, 6336, 6344, 6345, 6346, 6352, 6365, 6368, 6406, 6410, 6417, 6437, 6440, 6442, 6468, 6473, 6487, 6490, 6500, 6523, 6580, 6585, 6586, 6587, 6588, 6590, 6591, 6593, 6594, 6598, 6599, 6605, 6609, 6618, 6619, 6621, 6625, 6629, 6631, 6632, 6636, 6639, 6641, 6647, 6650, 6661, 6662, 6663, 6665, 6685, 6691, 6692, 6694, 6699, 6710, 6729, 6730, 6734, 6737, 6740, 6741, 6743, 6746, 6753, 6774, 6782, 6785, 6804, 6805, 6825, 6828, 6833, 6843, 6845, 6846, 6847, 6848, 6849, 6862, 6863, 6870, 6872, 6873, 6879, 6885, 6886, 6893, 6897, 6907, 6913, 6918, 6921, 6929, 6933, 6951, 6955, 6957, 6961, 6980, 6988, 7013, 7015, 7026, 7027, 7032, 7039, 7052, 7059, 7071, 7087, 7093, 7113, 7114, 7115, 7116, 7118, 7122, 7127, 7131, 7148, 7155, 7174, 7183, 7187, 7189, 7195, 7196, 7199, 7202, 7203, 7207, 7216, 7220, 7224, 7255, 7257, 7259, 7278, 7281, 7302, 7317, 7319, 7324, 7335, 7345, 7355, 7356, 7359, 7374, 7375, 7379, 7383, 7385, 7387, 7396, 7410, 7415, 7419, 7422, 7424, 7426, 7435, 7445, 7449, 7469, 7477, 7479, 7490, 7513, 7518, 7523, 7526, 7528, 7534, 7549, 7555, 7569, 7575, 7582, 7602, 7603, 7604, 7610, 7618, 7642, 7647, 7656, 7657, 7665, 7673, 7683, 7685, 7699, 7702, 7703, 7704, 7710, 7711, 7712, 7715, 7723, 7735, 7738, 7751, 7785, 7791, 7795, 7797, 7798, 7803, 7814, 7818, 7824, 7836, 7843, 7855, 7865, 7870, 7887, 7888, 7897, 7900, 7924, 7928, 7930, 7932, 7940, 7942, 7948, 7951, 7960, 7967, 7981, 7984, 7987, 7992, 8016, 8021, 8024, 8027, 8046, 8057, 8060, 8081, 8127, 8130, 8131, 8134, 8139, 8140, 8143, 8150, 8170, 8179, 8187, 8194, 8197, 8198, 8204, 8212, 8216, 8228, 8238, 8241, 8247, 8258, 8265, 8272, 8279, 8293, 8297, 8298, 8303, 8308, 8315, 8317, 8331, 8360, 8366, 8380, 8385, 8391, 8398, 8408, 8434, 8452, 8467, 8469, 8485, 8487, 8493, 8494, 8503, 8531, 8544, 8553, 8572, 8590, 8593, 8602, 8604, 8625, 8653, 8715, 8716, 8754, 8761, 8799, 8800, 8820, 8840, 8874, 8880, 8885, 8895, 8896, 8903, 8904, 8907, 8911, 8915, 8924, 8925, 8926, 8933, 8950, 8951, 8952, 8954, 8965, 8971, 8972, 8973, 8983, 8989, 8996, 9000, 9003, 9009, 9017, 9018, 9025, 9027, 9028, 9044, 9058, 9069, 9070, 9073, 9083, 9089, 9101, 9118, 9120, 9121, 9125, 9130, 9142, 9151, 9153, 9165, 9175, 9184, 9198, 9220, 9225, 9240, 9241, 9244, 9253, 9261, 9264, 9265, 9268, 9282, 9284, 9285, 9326, 9332, 9381, 9384, 9389, 9396, 9398, 9416, 9485, 9497, 9501, 9503, 9504, 9515, 9523, 9531, 9532, 9534, 9542, 9546, 9548, 9561, 9568, 9575, 9577, 9578, 9580, 9587, 9604, 9605, 9611, 9622, 9661, 9663, 9684, 9700, 9704, 9707, 9712, 9716, 9717, 9738, 9740, 9746, 9749, 9764, 9765, 9767, 9782, 9803, 9813, 9834, 9869, 9870, 9872, 9876, 9887, 9903, 9911, 9919, 9951, 9973, 9982, 10039, 10067, 10069, 10082, 10084, 10103, 10116, 10131, 10175, 10186, 10210, 10240, 10341, 10344, 10355, 10356, 10357, 10360, 10375, 10376, 10380, 10398, 10401, 10404, 10408, 10410, 10411, 10414, 10415, 10420, 10422, 10430, 10442, 10445, 10450, 10457, 10464, 10467, 10469, 10477, 10491, 10495, 10543, 10548, 10550, 10557, 10607, 10610, 10612, 10613, 10619, 10620, 10621, 10623, 10632, 10635, 10637, 10640, 10642, 10644, 10652, 10653, 10655, 10662, 10663, 10671, 10682, 10684, 10685, 10687, 10710, 10712, 10713, 10718, 10732, 10744, 10767, 10768, 10775, 10809, 10826, 10841, 10851, 10880, 10889, 10892, 10950, 10951, 10962, 10963, 10964, 10974, 10975, 10982, 11007, 11009, 11015, 11029, 11042, 11044, 11047, 11065, 11087, 11104, 11122, 11123, 11176, 11194, 11215, 11221, 11233, 11240, 11243, 11268, 11346, 11382, 11409, 11422, 11439, 11457, 11477, 11487, 11549, 11563, 11571, 11629, 11643, 11652, 11666, 11674, 11675, 11676, 11680, 11730, 11737, 11738, 11746, 11765, 11783, 11813, 11840, 11873, 11875, 11912, 11920, 11928, 11933, 11954, 11972, 11983, 11996, 12012, 12025, 12042, 12060, 12071, 12109, 12121, 12124, 12126, 12140, 12141, 12194, 12209, 12215, 12218, 12220, 12223, 12233, 12247, 12268, 12298, 12317, 12330, 12337, 12348, 12378, 12422, 12425, 12444, 12459, 12463, 12468, 12479, 12480, 12481, 12520, 12545, 12569, 12594, 12613, 12645, 12651, 12658, 12668, 12671, 12693, 12694, 12733, 12739, 12741, 12753, 12756, 12784, 12788, 12800, 12808, 12819, 12822, 12829, 12830, 12833, 12839, 12842, 12844, 12849, 12890, 12906, 12932, 12936, 12947, 12969, 12973, 12979, 12982, 13005, 13014, 13018, 13048, 13056, 13084, 13117, 13138, 13139, 13177, 13219, 13332, 13356, 13359, 13401, 13416, 13433, 13436, 13540, 13552, 13580, 13596, 13633, 13640, 13654, 13675, 13677, 13686, 13689, 13690, 13699, 13702, 13717, 13725, 13729, 13730, 13768, 13795, 13812, 13819, 13826, 13907, 13911, 13916, 13917, 13925, 13929, 13930, 13932, 13933, 13944, 13948, 13949, 13956, 13958, 13964, 13968, 14011, 14013, 14033, 14059, 14081, 14088, 14090, 14099, 14101, 14125, 14137, 14174, 14226, 14228, 14230, 14235, 14251, 14253, 14258, 14265, 14269, 14294, 14312, 14322, 14325, 14346, 14351, 14379, 14388, 14399, 14401, 14413, 14426, 14431, 14440, 14489, 14490, 14540, 14563, 14573, 14579, 14595, 14608, 14610, 14612, 14616, 14619, 14628, 14738, 14763, 14770, 14781, 14782, 14783, 14792, 14798, 14812, 14815, 14836, 14852, 14866, 14896, 14897, 14901, 14907, 14921, 14924, 14937, 14947, 14963, 14980, 14981, 14986, 14988, 15039, 15159, 15200, 15224, 15298, 15302, 15340, 15349, 15363, 15394, 15407, 15412, 15428, 15449, 15453, 15493, 15511, 15546, 15668, 15791, 15792, 15800, 15823, 15839, 15856, 15995, 16055, 16090, 16103, 16108, 16130, 16138, 16142, 16156, 16166, 16171, 16199, 16202, 16207, 16237, 16244, 16250, 16291, 16333, 16341, 16353, 16361, 16366, 16428, 16449, 16454, 16466, 16485, 16573, 16574, 16622, 16625, 16654, 16738, 16754, 16761, 17052, 17071, 17096, 17121, 17128, 17129, 17137, 17213, 17226, 17231, 17276, 17308, 17394, 17397, 17398, 17422, 17435, 17438, 17440, 17443, 17445, 17458, 17467, 17487, 17597, 17605, 17616, 17625, 17672, 17795, 17796, 17797, 17798, 17805, 17806, 17808, 17811, 17812, 17813, 17816, 17817, 17820, 17823, 17835, 17867, 17872, 17873, 17876, 17907, 17913, 17939, 17941, 17942, 17947, 17948, 17960, 17980, 17981, 17982, 17999, 18002, 18003, 18006, 18019, 18037, 18038, 18039, 18047, 18079, 18099, 18101, 18113, 18133, 18141, 18146, 18166, 18208, 18215, 18241, 18272, 18294, 18311, 18315, 18346, 18408, 18417, 18419, 18467, 18516, 18540, 18557, 18569, 18575, 18626, 18627, 18655, 18748, 18760, 18785, 18798, 18852, 18867, 18936, 18945, 18959, 18992, 19010, 19153, 19159, 19174, 19183, 19189, 19208, 19224, 19310, 19363, 19369, 19372, 19374, 19379, 19413, 19424, 19440, 19462, 19497, 19504, 19512, 19589, 19707, 19714, 19721, 19735, 19756, 19777, 19780, 19820, 19903, 19908, 19916, 19920, 19922, 19923, 19951, 20030, 20129, 20157, 20226, 20278, 20321, 20323, 20355, 20363, 20364, 20376, 20381, 20384, 20412, 20418, 20424, 20425, 20433, 20450, 20491, 20492, 20494, 20505, 20527, 20562, 20587, 20594, 20679, 20700, 20749, 20818, 20947, 20967, 20982, 21032, 21038, 21043, 21072, 21121, 21194, 21238, 21329, 21397, 21398, 21408, 21414, 21420, 21422, 21533, 21570, 21577, 21585, 21588, 21591, 21595, 21596, 21620, 21622, 21644, 21666, 21688, 21698, 21699, 21701, 21702, 21705, 21726, 21837, 21919, 21948, 21958, 22071, 22100, 22230, 22255, 22259, 22541, 22545, 22612, 22778, 22822, 22827, 22832, 22843, 22882, 23021, 23077, 23114, 23142, 23226, 23248, 23346, 23355, 23356, 23366, 23372, 23458, 23498, 23613, 23659, 23671, 23689, 23725, 23729, 23774, 23780, 23828, 23835, 23842, 23875, 23877, 23882, 23888, 23889, 23892, 23893, 23897, 23904, 23910, 23923, 23927, 23928, 23933, 23937, 23945, 23949, 23950, 23951, 23954, 23955, 23959, 23995, 23999, 24085, 24121, 24289, 24291, 24336, 24400, 24404, 24509, 24512, 24513, 24515, 24563, 24564, 24567, 24568, 24595, 24605, 24610, 24611, 24618, 24629, 24636, 24637, 24638, 24656, 24712, 24753, 24956, 24959, 24964, 24969, 24978, 25029, 25069, 25254, 25255, 25256, 25268, 25305, 25355, 25405, 25611, 25612, 25759, 25762, 25810, 25817, 25862, 25876, 25878, 25930, 26025, 26059, 26082, 26144, 26256, 26312, 26358, 26582, 26643, 26644, 26646, 26722, 26884, 27024, 27255, 27303, 27321, 27333, 27564, 27589, 27631, 27648, 27683, 27709, 27710, 27799, 27847, 27895, 27914, 27947, 27982, 27991, 28029, 28144, 28165, 28168, 28176, 28236, 28335, 28482, 28621, 28699, 28714, 28729, 28750, 28859, 28860, 28902, 28905, 28909, 28910, 28915, 28917, 28919, 28959, 29003, 29018, 29118, 29130, 29179, 29217, 29223, 29248, 29290, 29318, 29319, 29329, 29388, 29437, 29613, 29644, 29791, 30003, 30005, 30006, 30367, 30372, 30385, 30395, 30418, 30455, 30457, 30521, 30652, 30690, 30712, 30767, 30908, 30945, 30999, 31004, 31005, 31016, 31017, 31131, 31155, 31258, 31302, 31525, 31572, 31626, 31628, 31633, 31660, 31662, 31734, 31840, 31850, 31905, 31951, 32015, 32038, 32059, 32061, 32183, 32187, 32220, 32222, 32371, 32396, 32402, 32439, 32514, 32526, 32688, 32827, 32875, 32876, 32878, 33073, 33158, 33398, 33465, 33474, 33595, 33598, 33617, 33682, 33749, 33796, 33877, 33941, 34086, 34147, 34182, 34287, 34312, 34313, 34394, 34565, 34807, 34886, 35530, 35531, 35532, 35599, 35735, 35828, 35903, 36301, 36302, 36573, 36895, 36918, 37206, 37207, 37258, 37471, 37535, 38002, 38004, 38005, 38006, 38194, 38897, 39075, 39088, 39122, 39124, 39200, 39316, 39519, 39842, 39843, 39892, 39962, 39985, 40257, 40423, 40695, 41369, 41711, 41843, 42087, 42405, 42408, 42491, 42805, 42828, 42873, 42944, 43242, 43821, 43841, 44146, 44613, 44841, 44876, 44880, 44924, 44925, 45507, 46226, 47541, 49545, 49785, 49786, 49787, 
rel: 1 k: 4 rho: 115.371 maxRV: 2, 3, 7, 9, 13, 15, 18, 20, 23, 29, 30, 34, 36, 44, 46, 47, 50, 61, 75, 80, 91, 92, 101, 104, 105, 135, 137, 143, 146, 147, 153, 155, 157, 159, 170, 174, 175, 189, 190, 191, 195, 199, 200, 207, 209, 210, 211, 212, 218, 229, 231, 246, 248, 252, 253, 259, 262, 263, 267, 280, 281, 283, 300, 317, 320, 324, 344, 348, 378, 383, 384, 413, 415, 424, 427, 431, 449, 457, 518, 527, 568, 590, 598, 626, 639, 642, 648, 650, 652, 661, 666, 679, 686, 712, 718, 719, 721, 722, 836, 853, 854, 878, 883, 950, 962, 965, 966, 967, 969, 970, 971, 974, 976, 978, 990, 1003, 1006, 1009, 1027, 1035, 1037, 1038, 1039, 1047, 1050, 1055, 1061, 1077, 1079, 1082, 1093, 1109, 1142, 1156, 1158, 1164, 1168, 1170, 1177, 1179, 1192, 1213, 1220, 1228, 1241, 1280, 1302, 1304, 1307, 1308, 1309, 1310, 1314, 1315, 1320, 1324, 1350, 1361, 1445, 1446, 1452, 1459, 1502, 1507, 1510, 1515, 1516, 1523, 1525, 1528, 1531, 1570, 1587, 1592, 1604, 1632, 1660, 1668, 1692, 1698, 1720, 1758, 1766, 1772, 1780, 1785, 1815, 1817, 1861, 1864, 1868, 1872, 1892, 1898, 1917, 1961, 1973, 1989, 1994, 1996, 2009, 2016, 2020, 2057, 2059, 2076, 2077, 2097, 2106, 2131, 2133, 2136, 2149, 2175, 2197, 2206, 2222, 2234, 2236, 2238, 2244, 2261, 2267, 2305, 2312, 2315, 2322, 2339, 2356, 2364, 2377, 2380, 2385, 2394, 2408, 2421, 2432, 2443, 2455, 2477, 2495, 2507, 2535, 2538, 2548, 2557, 2601, 2618, 2664, 2670, 2701, 2726, 2740, 2742, 2778, 2810, 2811, 2812, 2813, 2814, 2815, 2817, 2821, 2825, 2826, 2829, 2835, 2840, 2843, 2847, 2849, 2850, 2868, 2881, 2883, 2892, 2894, 2896, 2904, 2905, 2906, 2908, 2917, 2919, 2920, 2929, 2948, 2949, 2953, 2957, 2958, 2977, 2990, 2993, 2998, 3036, 3049, 3052, 3060, 3065, 3072, 3085, 3093, 3109, 3131, 3148, 3151, 3154, 3181, 3186, 3222, 3373, 3379, 3399, 3417, 3419, 3525, 3527, 3540, 3583, 3596, 3618, 3645, 3663, 3721, 3742, 3757, 3796, 3883, 3924, 3938, 3948, 3989, 4045, 4392, 4417, 4429, 4533, 4546, 4568, 4573, 4622, 4627, 4629, 4642, 4657, 4689, 4723, 4729, 4843, 4854, 4871, 4886, 4890, 4902, 4932, 4981, 4991, 5033, 5039, 5055, 5067, 5078, 5111, 5161, 5196, 5259, 5331, 5415, 5419, 5450, 5486, 5488, 5532, 5555, 5594, 5651, 5652, 5656, 5696, 5708, 5730, 5731, 5734, 5808, 5828, 5850, 5920, 5938, 5968, 5998, 6001, 6017, 6046, 6142, 6205, 6214, 6222, 6229, 6241, 6300, 6304, 6318, 6325, 6344, 6352, 6365, 6500, 6523, 6585, 6586, 6587, 6588, 6590, 6591, 6593, 6594, 6598, 6605, 6609, 6618, 6619, 6621, 6623, 6625, 6629, 6631, 6632, 6636, 6639, 6641, 6647, 6650, 6661, 6663, 6665, 6685, 6690, 6694, 6729, 6730, 6734, 6735, 6737, 6743, 6746, 6753, 6782, 6825, 6833, 6846, 6849, 6862, 6863, 6870, 6872, 6873, 6879, 6885, 6886, 6907, 6913, 6921, 6929, 6933, 6951, 6980, 7013, 7015, 7027, 7037, 7039, 7052, 7059, 7071, 7113, 7114, 7115, 7116, 7122, 7131, 7155, 7187, 7189, 7195, 7207, 7216, 7220, 7224, 7255, 7319, 7345, 7355, 7375, 7379, 7387, 7415, 7419, 7477, 7513, 7518, 7526, 7528, 7569, 7602, 7603, 7618, 7704, 7735, 7814, 7888, 7897, 7900, 7981, 8024, 8130, 8131, 8134, 8170, 8241, 8247, 8258, 8272, 8279, 8298, 8308, 8317, 8331, 8385, 8398, 8467, 8469, 8480, 8493, 8572, 8602, 8653, 8754, 8907, 8924, 8926, 8950, 8983, 9000, 9003, 9018, 9027, 9101, 9130, 9153, 9220, 9225, 9241, 9265, 9268, 9548, 9575, 9577, 9578, 9707, 9727, 9740, 9782, 9804, 9813, 9869, 9870, 10039, 10069, 10210, 10344, 10355, 10356, 10357, 10360, 10375, 10376, 10380, 10398, 10401, 10404, 10408, 10410, 10414, 10420, 10422, 10430, 10442, 10457, 10557, 10607, 10610, 10612, 10619, 10620, 10621, 10623, 10632, 10635, 10637, 10640, 10642, 10644, 10652, 10653, 10655, 10662, 10663, 10668, 10671, 10685, 10687, 10710, 10712, 10713, 10718, 10725, 10732, 10744, 10768, 10775, 10778, 10809, 10851, 10880, 10889, 10950, 10951, 10959, 10962, 10963, 10964, 10974, 10975, 11009, 11194, 11268, 11310, 11409, 11635, 11643, 11666, 11674, 11737, 11738, 11972, 12140, 12142, 12194, 12223, 12569, 12668, 12733, 12739, 12741, 12800, 12819, 12822, 12947, 12959, 12969, 12973, 12979, 12982, 13138, 13219, 13675, 13677, 13686, 13689, 13690, 13702, 13717, 13725, 13729, 13795, 13911, 13916, 13917, 13925, 13929, 13930, 13932, 13936, 13952, 13956, 13964, 13968, 14011, 14081, 14228, 14230, 14235, 14351, 14388, 14431, 14440, 14602, 14738, 14763, 14907, 15200, 15228, 15407, 15449, 15856, 16090, 16130, 16250, 16353, 16361, 16454, 16466, 17308, 17397, 17422, 17435, 17440, 17443, 17445, 17795, 17797, 17805, 17808, 17811, 17812, 17813, 17816, 17817, 17820, 17867, 17872, 17907, 17913, 17939, 17941, 17948, 17960, 18003, 18079, 18101, 18215, 18294, 18346, 18575, 19007, 19372, 19379, 19413, 19417, 19424, 19462, 19465, 20226, 20412, 20491, 20527, 21329, 21585, 21588, 21591, 21595, 21596, 21620, 21851, 22255, 22259, 22882, 23021, 24291, 25759, 26025, 26042, 26496, 28699, 29324, 29326, 29329, 30767, 32061, 32876, 33682, 34811, 36573, 39519, 
rel: 1 k: 5 rho: 48.4906 maxRV: 2, 3, 7, 13, 15, 18, 20, 29, 30, 36, 44, 47, 50, 61, 75, 80, 101, 104, 143, 146, 147, 153, 155, 157, 159, 170, 174, 189, 191, 195, 200, 207, 209, 210, 212, 218, 229, 231, 246, 253, 256, 262, 263, 281, 283, 317, 324, 344, 348, 424, 527, 626, 639, 648, 652, 661, 679, 686, 718, 719, 722, 836, 853, 878, 962, 969, 974, 978, 1003, 1006, 1027, 1035, 1037, 1038, 1039, 1047, 1050, 1055, 1061, 1077, 1082, 1093, 1142, 1156, 1158, 1163, 1164, 1168, 1177, 1179, 1213, 1220, 1280, 1304, 1308, 1309, 1310, 1314, 1324, 1445, 1446, 1452, 1502, 1531, 1587, 1632, 1692, 1772, 1785, 1815, 1864, 1868, 1872, 1892, 1961, 1973, 2009, 2016, 2020, 2057, 2059, 2077, 2106, 2133, 2149, 2175, 2244, 2267, 2339, 2380, 2408, 2432, 2443, 2455, 2495, 2548, 2601, 2701, 2810, 2811, 2812, 2814, 2815, 2817, 2821, 2825, 2829, 2835, 2840, 2847, 2849, 2850, 2868, 2881, 2883, 2892, 2894, 2896, 2904, 2905, 2906, 2908, 2917, 2919, 2920, 2929, 2942, 2948, 2949, 2953, 2958, 2990, 2993, 3036, 3060, 3065, 3072, 3093, 3109, 3154, 3181, 3186, 3222, 3419, 3583, 3596, 3757, 3796, 3883, 3938, 4045, 4533, 4902, 5033, 5055, 5404, 5594, 6300, 6325, 6585, 6586, 6587, 6588, 6590, 6591, 6593, 6594, 6598, 6605, 6609, 6618, 6619, 6623, 6625, 6629, 6632, 6636, 6639, 6647, 6650, 6661, 6663, 6665, 6685, 6690, 6694, 6729, 6734, 6735, 6737, 6746, 6753, 6782, 6825, 6833, 6843, 6849, 6870, 6872, 6873, 6907, 6913, 6921, 6929, 6933, 6951, 7015, 7039, 7071, 7114, 7115, 7155, 7216, 7220, 7255, 7319, 7355, 7387, 7415, 7419, 7526, 7602, 7603, 7814, 8130, 8131, 8170, 8241, 8247, 8467, 8480, 8493, 8924, 8926, 9018, 9241, 9577, 9740, 9869, 9870, 10344, 10355, 10356, 10357, 10358, 10360, 10375, 10376, 10380, 10398, 10401, 10404, 10408, 10410, 10414, 10420, 10422, 10430, 10442, 10457, 10607, 10610, 10612, 10619, 10620, 10621, 10623, 10632, 10635, 10637, 10640, 10642, 10644, 10652, 10653, 10655, 10662, 10663, 10668, 10682, 10684, 10685, 10687, 10710, 10712, 10713, 10725, 10732, 10741, 10744, 10748, 10755, 10768, 10773, 10775, 10778, 10805, 10809, 10810, 10849, 10880, 10959, 10963, 10964, 10974, 11020, 11310, 11666, 12668, 12800, 12982, 13219, 14351, 14431, 15856, 16130, 16361, 17308, 17907, 18003, 18215, 21585, 21588, 21591, 21595, 21596, 21620, 22255, 26042, 32061, 
rel: 1 k: 6 rho: 30.0962 maxRV: 3, 7, 20, 30, 36, 75, 80, 143, 146, 147, 153, 155, 157, 159, 170, 174, 189, 191, 195, 207, 209, 210, 212, 218, 229, 231, 246, 253, 262, 263, 281, 283, 317, 344, 348, 424, 449, 626, 648, 652, 661, 679, 718, 719, 836, 853, 962, 974, 1003, 1077, 1082, 1093, 1156, 1164, 1168, 1179, 1213, 1308, 1324, 1445, 1446, 1452, 1502, 1692, 1864, 1868, 1961, 1973, 2020, 2059, 2106, 2133, 2244, 2380, 2811, 2812, 2814, 2815, 2817, 2821, 2825, 2829, 2835, 2840, 2847, 2849, 2850, 2881, 2883, 2892, 2894, 2896, 2904, 2905, 2906, 2908, 2917, 2919, 2920, 2929, 2948, 2953, 2958, 2990, 2993, 3036, 3060, 3065, 3109, 3154, 3181, 3186, 3222, 3596, 3796, 4045, 4546, 5594, 6325, 6585, 6587, 6590, 6591, 6593, 6594, 6598, 6605, 6609, 6618, 6619, 6623, 6625, 6629, 6636, 6639, 6647, 6663, 6665, 6685, 6690, 6694, 6729, 6734, 6746, 6753, 6782, 6833, 6843, 6849, 6872, 6907, 6913, 6921, 6929, 6933, 7015, 7039, 7115, 7155, 7216, 7220, 7602, 7603, 7814, 8130, 8247, 8467, 8480, 8924, 9241, 9577, 9869, 10344, 10355, 10356, 10357, 10375, 10376, 10380, 10398, 10404, 10410, 10414, 10457, 10610, 10612, 10613, 10620, 10621, 10627, 10632, 10635, 10637, 10640, 10642, 10644, 10652, 10653, 10655, 10662, 10663, 10668, 10682, 10684, 10685, 10687, 10710, 10712, 10725, 10732, 10741, 10748, 10755, 10768, 10773, 10775, 10778, 10805, 10809, 10810, 10849, 10880, 10963, 10974, 11020, 15228, 15856, 
rel: 1 k: 7 rho: 26.1423 maxRV: 3, 7, 36, 143, 146, 147, 155, 159, 170, 174, 207, 209, 212, 229, 231, 246, 253, 262, 263, 281, 283, 317, 348, 626, 652, 679, 718, 719, 853, 1077, 1082, 1093, 1445, 1446, 1502, 1692, 1864, 1868, 1973, 2020, 2059, 2133, 2244, 2811, 2812, 2815, 2817, 2821, 2825, 2829, 2835, 2840, 2850, 2881, 2883, 2892, 2894, 2896, 2904, 2908, 2917, 2919, 2920, 2929, 2948, 2953, 2958, 2990, 3060, 3065, 3154, 3181, 3186, 3222, 3796, 6585, 6587, 6591, 6594, 6598, 6605, 6609, 6618, 6647, 6663, 6665, 6685, 6729, 6734, 6746, 6782, 6849, 6872, 6907, 6913, 6921, 6929, 6933, 7155, 7216, 7220, 8130, 8467, 8480, 9577, 10344, 10355, 10356, 10357, 10373, 10375, 10376, 10380, 10398, 10410, 10414, 10610, 10612, 10620, 10621, 10632, 10635, 10637, 10640, 10642, 10644, 10652, 10653, 10655, 10662, 10663, 10682, 10684, 10685, 10687, 10710, 10712, 10725, 10732, 10741, 10748, 10755, 10768, 10778, 10805, 10809, 10810, 10963, 
rel: 1 k: 8 rho: 28.8199 maxRV: 262, 281, 1077, 2811, 2812, 2815, 2821, 2825, 2829, 2850, 2881, 2892, 2894, 2896, 2904, 2908, 2917, 2919, 2929, 2948, 2953, 3222, 6609, 6782, 6907, 6913, 6929, 6933, 7155, 8130, 8467, 9577, 10344, 10355, 10356, 10357, 10375, 10376, 10380, 10398, 10410, 10414, 10610, 10612, 10620, 10621, 10627, 10632, 10635, 10637, 10640, 10642, 10644, 10652, 10655, 10662, 10663, 10682, 10684, 10685, 10687, 10710, 10712, 10725, 10741, 10748, 10768, 10778, 10805, 10809, 
rel: 1 k: 9 rho: 25.0341 maxRV: 262, 281, 1077, 2811, 2812, 2815, 2821, 2825, 2829, 2850, 2881, 2892, 2894, 2896, 2904, 2908, 2917, 2919, 2929, 2948, 2953, 6609, 6636, 6782, 6907, 6913, 6921, 6929, 6933, 7155, 8130, 8467, 9577, 10198, 10344, 10355, 10356, 10357, 10373, 10375, 10376, 10380, 10398, 10410, 10414, 10606, 10610, 10612, 10620, 10621, 10627, 10632, 10635, 10637, 10640, 10642, 10644, 10652, 10655, 10662, 10663, 10666, 10681, 10682, 10684, 10685, 10687, 10707, 10710, 10712, 10720, 10725, 10734, 10741, 10747, 10748, 10765, 10768, 10778, 10805, 
rel: 1 k: 10 rho: 24.1892 maxRV: 262, 281, 1077, 2811, 2812, 2815, 2821, 2825, 2829, 2850, 2881, 2892, 2896, 2904, 2908, 2917, 2919, 2929, 2948, 2953, 6609, 6636, 6782, 6907, 6913, 6921, 6933, 7155, 8130, 8467, 10344, 10355, 10356, 10357, 10373, 10375, 10376, 10380, 10398, 10410, 10414, 10610, 10612, 10620, 10621, 10627, 10632, 10635, 10637, 10640, 10642, 10644, 10652, 10655, 10662, 10663, 10682, 10684, 10685, 10710, 10712, 10720, 10725, 10748, 10768, 10778, 10805, 
rel: 1 k: 11 rho: 21.3498 maxRV: 262, 281, 1077, 2811, 2812, 2815, 2821, 2825, 2829, 2850, 2881, 2892, 2896, 2904, 2919, 2929, 2948, 2953, 6609, 6636, 6907, 6913, 6921, 6933, 7155, 8467, 10344, 10356, 10357, 10373, 10375, 10376, 10380, 10398, 10410, 10414, 10606, 10610, 10612, 10620, 10621, 10627, 10632, 10635, 10637, 10640, 10642, 10644, 10652, 10655, 10662, 10663, 10682, 10684, 10685, 10710, 10712, 10725, 10748, 10768, 10778, 
rel: 1 k: 12 rho: 19.4672 maxRV: 262, 281, 1077, 2811, 2812, 2815, 2821, 2825, 2829, 2850, 2881, 2892, 2896, 2904, 2919, 2929, 2948, 2953, 6609, 6636, 6907, 6913, 6921, 6933, 8467, 10344, 10373, 10375, 10376, 10380, 10398, 10410, 10414, 10610, 10612, 10620, 10621, 10632, 10635, 10637, 10640, 10642, 10644, 10652, 10655, 10662, 10663, 10682, 10684, 10685, 10710, 10712, 10725, 10768, 
rel: 1 k: 13 rho: 18.1041 maxRV: 262, 281, 1077, 2811, 2812, 2815, 2821, 2825, 2829, 2850, 2881, 2892, 2896, 2904, 2919, 2929, 2948, 2953, 6609, 6636, 6907, 6913, 6921, 6933, 8467, 10344, 10373, 10375, 10376, 10380, 10398, 10410, 10414, 10610, 10612, 10620, 10621, 10632, 10635, 10637, 10640, 10642, 10652, 10655, 10662, 10663, 10684, 10710, 10712, 10725, 10768, 
rel: 1 k: 14 rho: 14.6205 maxRV: 262, 2811, 2812, 2815, 2821, 2825, 2829, 2850, 2881, 2892, 2896, 2904, 2919, 2929, 2948, 2953, 6609, 6907, 6913, 6921, 6933, 8467, 10344, 10373, 10375, 10380, 10398, 10606, 10610, 10612, 10620, 10621, 10627, 10632, 10635, 10637, 10640, 10642, 10652, 10655, 10662, 10663, 10707, 10710, 10712, 10720, 10725, 10734, 10765, 10768, 
rel: 1 k: 15 rho: 10.397 maxRV: 2811, 2815, 2892, 2904, 2919, 6609, 6913, 10344, 10373, 10398, 10610, 10612, 10620, 10621, 10632, 10635, 10637, 10640, 10642, 10652, 10655, 10662, 10663, 10710, 10712, 10725, 
rel: 1 k: 16 rho: 9.92173 maxRV: 2815, 2892, 2904, 2919, 6609, 6913, 10344, 10373, 10398, 10610, 10612, 10620, 10621, 10627, 10632, 10635, 10637, 10640, 10642, 10652, 10655, 10662, 10663, 10710, 10712, 
rel: 1 k: 17 rho: 9.61705 maxRV: 2811, 2815, 2892, 2904, 2919, 6609, 6913, 10344, 10373, 10398, 10610, 10612, 10620, 10621, 10627, 10632, 10635, 10637, 10640, 10642, 10652, 10655, 10662, 10663, 10710, 10712, 
rel: 1 k: 18 rho: 7.99556 maxRV: 2815, 2892, 2904, 2919, 6609, 6913, 10344, 10373, 10398, 10610, 10612, 10620, 10621, 10627, 10632, 10635, 10637, 10642, 10652, 10663, 10710, 
rel: 1 k: 19 rho: 6.77742 maxRV: 2811, 2815, 2892, 2904, 2919, 6609, 10344, 10373, 10398, 10610, 10612, 10620, 10621, 10627, 10632, 10635, 10637, 10642, 10652, 10663, 
query: 91
Construct Successful.
query: 92
Construct Successful.
query: 93
Construct Successful.
rel: 1 k: 11 rho: 5.93454 maxRV: 0, 1, 2, 3, 4, 5, 7, 8, 9, 10, 11, 12, 13, 14, 15, 16, 17, 18, 
rel: 1 k: 10 rho: 11.8956 maxRV: 0, 2, 3, 4, 5, 7, 8, 9, 10, 11, 12, 13, 14, 15, 16, 17, 18, 19, 20, 22, 23, 24, 25, 26, 27, 28, 29, 30, 32, 34, 37, 38, 
rel: 1 k: 9 rho: 12.9023 maxRV: 0, 2, 3, 4, 5, 7, 8, 9, 10, 11, 12, 13, 14, 15, 16, 17, 18, 19, 20, 21, 22, 23, 24, 25, 26, 27, 28, 29, 30, 32, 34, 37, 38, 39, 41, 42, 
rel: 1 k: 8 rho: 14.9597 maxRV: 0, 2, 3, 4, 5, 7, 8, 9, 10, 11, 12, 13, 14, 15, 16, 17, 18, 19, 20, 22, 23, 24, 25, 26, 27, 28, 29, 30, 34, 37, 38, 39, 41, 42, 43, 45, 54, 55, 56, 
rel: 1 k: 7 rho: 16.551 maxRV: 0, 2, 3, 4, 5, 7, 8, 9, 10, 11, 12, 13, 14, 15, 16, 17, 18, 19, 20, 22, 23, 24, 25, 26, 27, 28, 29, 30, 31, 32, 33, 34, 37, 38, 39, 41, 42, 43, 45, 54, 55, 56, 57, 58, 59, 60, 61, 
rel: 1 k: 6 rho: 18.7747 maxRV: 0, 2, 3, 4, 5, 8, 9, 10, 11, 12, 13, 14, 15, 16, 17, 18, 19, 20, 21, 22, 23, 24, 25, 26, 27, 28, 29, 30, 31, 32, 33, 34, 35, 37, 38, 39, 41, 42, 45, 54, 55, 56, 57, 58, 59, 60, 61, 73, 74, 75, 76, 77, 
rel: 1 k: 5 rho: 20.9583 maxRV: 0, 2, 3, 4, 5, 7, 8, 9, 10, 11, 12, 13, 14, 15, 16, 17, 18, 19, 20, 22, 23, 24, 25, 26, 27, 28, 29, 30, 31, 32, 33, 34, 37, 38, 39, 41, 42, 45, 54, 55, 56, 57, 58, 59, 60, 61, 73, 74, 75, 76, 77, 93, 94, 97, 132, 
rel: 1 k: 4 rho: 25.95 maxRV: 0, 2, 3, 4, 5, 7, 8, 9, 11, 12, 13, 14, 15, 16, 17, 18, 19, 20, 22, 23, 24, 25, 26, 27, 28, 29, 30, 31, 32, 33, 34, 35, 37, 38, 39, 41, 42, 45, 47, 49, 50, 51, 52, 53, 54, 55, 56, 57, 58, 59, 60, 61, 62, 71, 72, 73, 74, 75, 76, 77, 78, 80, 93, 94, 97, 98, 99, 100, 101, 102, 125, 126, 132, 133, 134, 136, 137, 139, 165, 166, 167, 168, 174, 175, 176, 178, 201, 202, 210, 211, 212, 213, 214, 215, 216, 218, 219, 220, 221, 222, 223, 224, 225, 226, 228, 229, 230, 257, 258, 259, 260, 266, 276, 278, 279, 280, 283, 284, 285, 286, 288, 289, 290, 291, 297, 298, 322, 323, 345, 346, 
rel: 1 k: 3 rho: 94.0698 maxRV: 3, 13, 22, 26, 28, 31, 32, 35, 40, 45, 46, 47, 48, 49, 50, 51, 52, 53, 62, 71, 72, 73, 78, 79, 80, 88, 90, 92, 96, 98, 99, 100, 101, 102, 103, 104, 105, 106, 107, 108, 109, 110, 111, 112, 113, 114, 125, 126, 127, 128, 129, 130, 133, 134, 136, 137, 139, 165, 166, 167, 168, 175, 180, 181, 182, 184, 185, 186, 187, 188, 189, 190, 192, 193, 194, 195, 196, 203, 204, 210, 212, 214, 219, 223, 224, 225, 226, 231, 232, 233, 234, 235, 236, 237, 238, 239, 240, 241, 242, 243, 246, 247, 249, 257, 258, 259, 260, 261, 262, 263, 264, 265, 266, 269, 270, 273, 274, 275, 276, 277, 278, 279, 280, 281, 282, 283, 284, 285, 286, 287, 288, 289, 290, 291, 292, 293, 294, 295, 296, 310, 311, 313, 315, 316, 317, 318, 319, 320, 321, 322, 323, 324, 325, 326, 327, 328, 329, 330, 331, 332, 333, 337, 338, 339, 340, 341, 342, 343, 344, 345, 360, 361, 362, 363, 364, 365, 366, 367, 368, 369, 371, 380, 381, 382, 383, 384, 385, 389, 390, 391, 406, 407, 408, 409, 410, 411, 412, 415, 416, 417, 418, 422, 423, 424, 425, 426, 427, 428, 429, 441, 442, 443, 444, 445, 447, 453, 454, 455, 456, 457, 458, 459, 460, 461, 462, 463, 464, 465, 466, 467, 468, 469, 470, 471, 473, 474, 475, 476, 477, 478, 479, 480, 481, 482, 483, 484, 485, 486, 489, 490, 491, 492, 493, 494, 498, 515, 524, 525, 529, 530, 531, 532, 533, 535, 536, 537, 538, 539, 540, 541, 542, 543, 544, 545, 546, 547, 548, 549, 550, 551, 552, 553, 554, 555, 556, 557, 558, 561, 562, 564, 565, 566, 567, 568, 569, 570, 571, 572, 573, 574, 575, 576, 577, 578, 579, 580, 581, 582, 584, 585, 586, 587, 588, 589, 590, 591, 592, 593, 594, 595, 596, 597, 598, 599, 603, 604, 605, 606, 607, 609, 610, 611, 612, 613, 614, 615, 616, 617, 618, 623, 624, 625, 626, 628, 629, 630, 631, 632, 633, 645, 646, 653, 654, 655, 656, 657, 658, 659, 660, 661, 662, 663, 669, 670, 674, 675, 676, 677, 678, 679, 680, 681, 682, 683, 684, 685, 686, 688, 689, 692, 693, 694, 695, 696, 697, 698, 699, 703, 704, 706, 710, 711, 712, 713, 714, 715, 716, 717, 721, 722, 723, 724, 725, 726, 727, 728, 729, 730, 732, 734, 737, 738, 739, 740, 741, 742, 743, 744, 745, 746, 747, 748, 749, 750, 751, 752, 753, 754, 755, 757, 758, 759, 760, 761, 762, 763, 764, 765, 766, 767, 768, 772, 773, 774, 775, 777, 779, 817, 818, 819, 820, 821, 822, 823, 824, 825, 834, 836, 837, 838, 839, 840, 841, 842, 843, 844, 845, 846, 847, 848, 849, 850, 854, 855, 856, 857, 858, 863, 864, 865, 866, 867, 868, 869, 871, 884, 885, 886, 887, 888, 889, 890, 897, 898, 899, 901, 902, 903, 904, 905, 906, 910, 911, 912, 913, 914, 915, 916, 929, 930, 931, 932, 933, 934, 935, 936, 937, 938, 939, 940, 941, 942, 948, 949, 950, 951, 952, 953, 954, 955, 956, 957, 969, 974, 976, 982, 989, 990, 991, 992, 995, 996, 1002, 1003, 1004, 1005, 1006, 1008, 1013, 1014, 1015, 1016, 1018, 1019, 1020, 1021, 1024, 1025, 1026, 1027, 1032, 1033, 1034, 1035, 1039, 1040, 1041, 1042, 1043, 1044, 1049, 1050, 1051, 1052, 1053, 1055, 1062, 1064, 1066, 1067, 1068, 1069, 1071, 1072, 1079, 1083, 1084, 1085, 1086, 1089, 1091, 1092, 1093, 1094, 1095, 1102, 1112, 1113, 1117, 1118, 1119, 1123, 1124, 
rel: 1 k: 3 rho: 94.5834 maxRV: 20, 62, 80, 118, 146, 147, 153, 157, 170, 174, 176, 183, 195, 202, 209, 210, 214, 229, 253, 262, 263, 280, 283, 304, 315, 319, 332, 341, 349, 353, 354, 387, 404, 413, 415, 427, 433, 436, 457, 489, 505, 568, 598, 626, 650, 666, 686, 719, 736, 749, 833, 853, 969, 970, 981, 989, 1035, 1048, 1049, 1059, 1076, 1080, 1082, 1156, 1160, 1168, 1171, 1177, 1179, 1220, 1228, 1239, 1248, 1309, 1310, 1335, 1358, 1362, 1366, 1429, 1452, 1498, 1505, 1510, 1511, 1524, 1536, 1540, 1542, 1546, 1578, 1662, 1702, 1721, 1730, 1742, 1762, 1780, 1798, 1817, 1820, 1879, 1917, 1921, 1964, 1968, 1984, 1996, 1998, 2011, 2020, 2026, 2029, 2036, 2041, 2057, 2093, 2096, 2136, 2168, 2180, 2199, 2207, 2227, 2232, 2236, 2242, 2250, 2273, 2284, 2313, 2322, 2339, 2368, 2374, 2386, 2387, 2394, 2455, 2507, 2553, 2619, 2642, 2684, 2701, 2745, 2767, 2810, 2812, 2815, 2820, 2829, 2841, 2868, 2896, 2907, 2922, 2941, 2970, 3032, 3063, 3065, 3085, 3096, 3111, 3112, 3113, 3158, 3186, 3193, 3256, 3284, 3295, 3342, 3350, 3379, 3417, 3515, 3517, 3527, 3531, 3540, 3563, 3583, 3635, 3662, 3682, 3713, 3733, 3801, 3825, 3826, 3882, 3908, 3941, 4045, 4412, 4443, 4471, 4495, 4546, 4659, 4683, 4695, 4696, 4711, 4722, 4770, 4802, 4871, 4887, 4932, 4973, 4996, 5025, 5026, 5028, 5033, 5045, 5053, 5055, 5058, 5161, 5259, 5326, 5393, 5418, 5419, 5421, 5424, 5425, 5443, 5486, 5532, 5595, 5604, 5635, 5641, 5656, 5668, 5679, 5693, 5698, 5708, 5731, 5738, 5744, 5756, 5763, 5798, 5799, 5844, 5858, 5868, 5920, 5932, 5955, 5964, 5967, 5981, 5992, 6001, 6017, 6055, 6104, 6118, 6127, 6136, 6168, 6192, 6199, 6205, 6214, 6217, 6265, 6318, 6325, 6328, 6346, 6442, 6500, 6584, 6585, 6588, 6596, 6599, 6618, 6641, 6737, 6743, 6747, 6758, 6776, 6815, 6833, 6843, 6847, 6862, 6864, 6872, 6879, 6885, 6948, 6955, 6991, 7052, 7174, 7216, 7306, 7312, 7317, 7353, 7362, 7385, 7392, 7410, 7419, 7426, 7442, 7443, 7449, 7459, 7467, 7470, 7513, 7523, 7546, 7548, 7569, 7579, 7618, 7636, 7703, 7814, 7822, 7852, 7981, 7984, 8020, 8070, 8169, 8194, 8197, 8216, 8272, 8283, 8380, 8434, 8467, 8520, 8542, 8653, 8820, 8868, 8895, 8911, 8916, 8967, 8971, 8983, 9044, 9134, 9142, 9151, 9153, 9154, 9197, 9209, 9253, 9322, 9332, 9394, 9402, 9419, 9577, 9593, 9659, 9663, 9707, 9736, 9744, 9749, 9762, 9764, 9765, 9876, 9878, 10069, 10084, 10131, 10431, 10467, 10599, 10635, 10649, 10662, 10964, 11044, 11104, 11243, 11310, 11322, 11393, 11434, 11563, 11817, 11913, 11996, 12200, 12261, 12268, 12303, 12331, 12333, 12343, 12384, 12404, 12424, 12467, 12468, 12477, 12479, 12569, 12571, 12586, 12668, 12732, 12736, 12784, 12819, 12844, 12979, 13023, 13026, 13048, 13084, 13138, 13210, 13329, 13453, 13503, 13689, 13691, 13698, 13702, 13717, 13762, 13826, 13916, 13947, 13968, 13971, 14024, 14036, 14081, 14099, 14101, 14113, 14345, 14348, 14388, 14465, 14546, 14549, 14615, 14649, 14758, 14798, 14817, 14866, 14907, 15019, 15021, 15051, 15307, 15321, 15429, 15435, 15453, 15471, 15493, 15628, 15659, 15856, 16108, 16341, 16345, 16353, 16573, 16654, 17213, 17231, 17300, 17324, 17355, 17805, 17812, 17813, 17876, 17910, 17915, 17939, 18101, 18222, 18324, 18366, 18474, 18692, 18959, 19224, 19413, 19675, 19678, 19787, 20412, 20424, 20496, 20497, 20527, 20650, 21398, 21772, 21896, 22295, 22307, 22843, 22858, 22860, 23153, 23346, 23452, 23755, 23764, 23774, 23780, 23875, 23929, 23937, 23959, 24033, 24186, 24351, 24425, 25063, 25231, 25759, 25828, 25951, 26425, 26507, 27324, 27338, 27895, 27982, 28431, 29130, 29320, 29685, 29687, 29691, 29732, 29735, 30385, 30580, 30689, 30747, 30775, 30945, 31386, 31626, 31629, 31761, 31904, 32220, 32875, 33036, 33229, 33337, 33682, 33763, 34211, 34394, 34398, 34811, 35823, 35828, 36573, 37803, 38908, 39026, 39075, 40237, 41859, 42125, 42127, 42631, 44497, 44502, 46242, 
rel: 1 k: 4 rho: 25.95 maxRV: 146, 147, 157, 170, 209, 214, 229, 253, 262, 283, 341, 626, 638, 719, 833, 1071, 1076, 1082, 2020, 2041, 2168, 2810, 2812, 2814, 2815, 2820, 2821, 2825, 2829, 2892, 2896, 2904, 2913, 2922, 2970, 2975, 3032, 3065, 3080, 3158, 3186, 3419, 3882, 4045, 6325, 6584, 6585, 6758, 6843, 6864, 6872, 6903, 6907, 6914, 7216, 7306, 7419, 7443, 7523, 7546, 7651, 7814, 8467, 8469, 8898, 8902, 9577, 9749, 9764, 10339, 10345, 10355, 10359, 10360, 10368, 10370, 10375, 10383, 10400, 10414, 10423, 10430, 10435, 10436, 10457, 10458, 10554, 10607, 10611, 10616, 10621, 10622, 10635, 10637, 10640, 10649, 10652, 10659, 10662, 10682, 10685, 10699, 10717, 10728, 10744, 10748, 10762, 10773, 10802, 10805, 10964, 11009, 11042, 12979, 13503, 15296, 15307, 15407, 15628, 15815, 15855, 16573, 18366, 20424, 21825, 23153, 23774, 23780, 25999, 26042, 
rel: 1 k: 5 rho: 20.9583 maxRV: 262, 1076, 2811, 2812, 2814, 2815, 2821, 2825, 2829, 2892, 2896, 2904, 2913, 2975, 3080, 6903, 6907, 6914, 8467, 8898, 9577, 10339, 10345, 10355, 10359, 10368, 10370, 10375, 10383, 10400, 10414, 10423, 10435, 10436, 10458, 10611, 10616, 10621, 10622, 10635, 10637, 10640, 10652, 10659, 10662, 10682, 10685, 10699, 10717, 10728, 10748, 10762, 10802, 10805, 15296, 
rel: 1 k: 6 rho: 18.7747 maxRV: 262, 638, 1076, 2811, 2812, 2815, 2821, 2825, 2829, 2892, 2896, 2904, 2913, 2975, 3080, 6636, 6903, 6907, 6914, 8467, 8898, 9577, 10339, 10345, 10355, 10359, 10368, 10370, 10375, 10383, 10400, 10414, 10423, 10435, 10436, 10611, 10616, 10621, 10622, 10635, 10637, 10640, 10652, 10662, 10682, 10685, 10699, 10717, 10728, 10748, 10762, 10802, 
rel: 1 k: 7 rho: 16.551 maxRV: 262, 1076, 2811, 2812, 2815, 2821, 2825, 2829, 2892, 2896, 2904, 2913, 2975, 3080, 6903, 6907, 6914, 8467, 8898, 10339, 10345, 10355, 10359, 10370, 10375, 10383, 10400, 10414, 10435, 10611, 10616, 10621, 10635, 10637, 10640, 10652, 10659, 10662, 10666, 10682, 10685, 10699, 10717, 10728, 10748, 10762, 10802, 
rel: 1 k: 8 rho: 14.9597 maxRV: 2811, 2812, 2815, 2821, 2825, 2829, 2892, 2896, 2904, 2913, 2975, 6903, 6907, 6914, 8467, 8898, 10339, 10345, 10359, 10370, 10375, 10414, 10616, 10621, 10635, 10637, 10640, 10652, 10659, 10662, 10666, 10682, 10685, 10699, 10717, 10728, 10748, 10762, 10802, 
rel: 1 k: 9 rho: 12.9023 maxRV: 262, 2811, 2812, 2815, 2821, 2825, 2829, 2892, 2896, 2904, 2913, 2975, 6636, 6903, 6907, 6914, 8467, 8898, 10339, 10345, 10359, 10370, 10375, 10414, 10621, 10635, 10637, 10640, 10652, 10659, 10662, 10682, 10685, 10699, 10717, 10762, 
rel: 1 k: 10 rho: 11.8956 maxRV: 262, 2811, 2812, 2815, 2821, 2825, 2829, 2892, 2896, 2904, 2913, 2975, 6903, 6907, 6914, 8467, 8898, 10345, 10359, 10370, 10375, 10621, 10635, 10637, 10640, 10652, 10659, 10662, 10682, 10699, 10717, 10762, 
rel: 1 k: 11 rho: 5.93454 maxRV: 2811, 2815, 2892, 2904, 6914, 10345, 10359, 10370, 10621, 10635, 10637, 10652, 10659, 10682, 10699, 10707, 10717, 10762, 
rel: 1 k: 3 rho: 95.1449 maxRV: 20, 62, 80, 118, 146, 147, 153, 157, 170, 174, 176, 183, 195, 202, 209, 210, 214, 229, 253, 263, 280, 283, 304, 315, 319, 341, 349, 353, 354, 387, 413, 415, 433, 457, 489, 568, 598, 626, 650, 666, 686, 719, 736, 749, 833, 853, 969, 970, 981, 989, 1035, 1048, 1049, 1059, 1076, 1082, 1156, 1160, 1168, 1171, 1177, 1179, 1220, 1228, 1239, 1248, 1309, 1310, 1335, 1358, 1362, 1366, 1429, 1452, 1498, 1505, 1510, 1511, 1540, 1542, 1578, 1662, 1702, 1721, 1730, 1742, 1762, 1780, 1798, 1817, 1820, 1879, 1917, 1921, 1964, 1968, 1984, 1996, 1998, 2011, 2020, 2026, 2036, 2041, 2057, 2093, 2096, 2136, 2168, 2199, 2207, 2227, 2232, 2236, 2242, 2250, 2273, 2313, 2322, 2339, 2368, 2386, 2394, 2455, 2507, 2553, 2619, 2642, 2684, 2701, 2745, 2767, 2810, 2820, 2821, 2825, 2829, 2841, 2868, 2892, 2896, 2904, 2913, 2922, 2941, 2952, 2970, 2975, 3032, 3063, 3065, 3085, 3096, 3111, 3112, 3113, 3158, 3179, 3186, 3256, 3284, 3295, 3342, 3350, 3379, 3515, 3517, 3527, 3531, 3540, 3563, 3635, 3662, 3682, 3733, 3801, 3825, 3826, 3882, 3908, 3941, 4045, 4412, 4471, 4495, 4683, 4696, 4711, 4770, 4802, 4871, 4887, 4973, 5025, 5026, 5028, 5033, 5045, 5055, 5058, 5161, 5259, 5393, 5419, 5424, 5436, 5443, 5486, 5538, 5595, 5635, 5641, 5656, 5679, 5693, 5698, 5708, 5731, 5737, 5738, 5744, 5756, 5763, 5798, 5799, 5844, 5858, 5868, 5920, 5932, 5955, 5967, 5981, 5992, 6001, 6017, 6055, 6118, 6127, 6136, 6168, 6192, 6199, 6205, 6214, 6318, 6325, 6328, 6346, 6442, 6584, 6585, 6588, 6596, 6599, 6618, 6641, 6737, 6743, 6747, 6758, 6776, 6815, 6833, 6843, 6847, 6862, 6864, 6872, 6879, 6885, 6903, 6907, 6948, 6955, 6991, 7052, 7122, 7174, 7216, 7306, 7312, 7353, 7362, 7385, 7410, 7419, 7426, 7443, 7449, 7467, 7470, 7523, 7546, 7548, 7579, 7636, 7814, 7822, 7852, 7981, 7984, 8169, 8197, 8216, 8272, 8283, 8380, 8434, 8467, 8520, 8542, 8653, 8820, 8898, 8911, 8967, 9044, 9134, 9142, 9151, 9153, 9154, 9209, 9253, 9322, 9332, 9394, 9402, 9419, 9473, 9577, 9707, 9736, 9744, 9749, 9762, 9764, 9765, 10069, 10084, 10131, 10208, 10339, 10375, 10400, 10414, 10557, 10685, 11044, 11104, 11243, 11310, 11322, 11393, 11434, 11563, 11996, 12261, 12303, 12331, 12333, 12343, 12384, 12404, 12424, 12467, 12468, 12571, 12668, 12732, 12736, 12784, 12844, 12979, 13023, 13026, 13084, 13138, 13689, 13691, 13702, 13762, 13916, 13925, 14024, 14099, 14113, 14348, 14465, 14549, 14798, 14817, 14866, 14907, 15019, 15021, 15051, 15659, 16246, 16341, 16345, 16353, 16573, 16654, 17213, 17231, 17300, 17324, 17355, 17805, 17812, 17813, 17876, 17910, 17915, 17939, 18101, 18324, 18530, 18692, 18959, 19224, 19675, 19678, 20424, 20527, 21398, 21825, 22295, 22307, 22843, 22858, 22860, 23153, 23346, 23755, 23764, 23774, 23780, 23875, 24033, 24186, 24351, 25063, 25759, 25951, 26425, 27324, 27895, 29130, 29685, 29687, 29691, 29732, 29735, 30689, 30747, 30945, 31386, 31904, 32875, 33337, 33682, 35828, 
rel: 1 k: 4 rho: 29.7528 maxRV: 262, 638, 1071, 1076, 2811, 2812, 2814, 2815, 2821, 2825, 2829, 2892, 2896, 2904, 2913, 2975, 3080, 3419, 5404, 6596, 6636, 6903, 6907, 6914, 7651, 8467, 8469, 8898, 8902, 9577, 9593, 10339, 10345, 10355, 10359, 10360, 10368, 10370, 10375, 10383, 10400, 10414, 10423, 10430, 10435, 10436, 10457, 10458, 10554, 10607, 10611, 10616, 10621, 10622, 10635, 10637, 10640, 10649, 10652, 10662, 10682, 10685, 10699, 10717, 10728, 10744, 10748, 10762, 10773, 10802, 10805, 10959, 10964, 11009, 11042, 13503, 13798, 15296, 15307, 15407, 15628, 15815, 15855, 18366, 21825, 25999, 26042, 
rel: 1 k: 5 rho: 20.9583 maxRV: 262, 1076, 2811, 2812, 2814, 2815, 2821, 2825, 2829, 2892, 2896, 2904, 2913, 2975, 3080, 6903, 6907, 6914, 8467, 8898, 9577, 10339, 10345, 10355, 10359, 10368, 10370, 10375, 10383, 10400, 10414, 10423, 10435, 10436, 10458, 10611, 10616, 10621, 10622, 10635, 10637, 10640, 10652, 10659, 10662, 10682, 10685, 10699, 10717, 10728, 10748, 10762, 10802, 10805, 15296, 
rel: 1 k: 6 rho: 18.7747 maxRV: 262, 638, 1076, 2811, 2812, 2815, 2821, 2825, 2829, 2892, 2896, 2904, 2913, 2975, 3080, 6636, 6903, 6907, 6914, 8467, 8898, 9577, 10339, 10345, 10355, 10359, 10368, 10370, 10375, 10383, 10400, 10414, 10423, 10435, 10436, 10611, 10616, 10621, 10622, 10635, 10637, 10640, 10652, 10662, 10682, 10685, 10699, 10717, 10728, 10748, 10762, 10802, 
rel: 1 k: 7 rho: 16.551 maxRV: 262, 1076, 2811, 2812, 2815, 2821, 2825, 2829, 2892, 2896, 2904, 2913, 2975, 3080, 6903, 6907, 6914, 8467, 8898, 10339, 10345, 10355, 10359, 10370, 10375, 10383, 10400, 10414, 10435, 10611, 10616, 10621, 10635, 10637, 10640, 10652, 10659, 10662, 10666, 10682, 10685, 10699, 10717, 10728, 10748, 10762, 10802, 
rel: 1 k: 8 rho: 14.9597 maxRV: 2811, 2812, 2815, 2821, 2825, 2829, 2892, 2896, 2904, 2913, 2975, 6903, 6907, 6914, 8467, 8898, 10339, 10345, 10359, 10370, 10375, 10414, 10616, 10621, 10635, 10637, 10640, 10652, 10659, 10662, 10666, 10682, 10685, 10699, 10717, 10728, 10748, 10762, 10802, 
rel: 1 k: 9 rho: 12.9023 maxRV: 262, 2811, 2812, 2815, 2821, 2825, 2829, 2892, 2896, 2904, 2913, 2975, 6636, 6903, 6907, 6914, 8467, 8898, 10339, 10345, 10359, 10370, 10375, 10414, 10621, 10635, 10637, 10640, 10652, 10659, 10662, 10682, 10685, 10699, 10717, 10762, 
rel: 1 k: 10 rho: 11.6563 maxRV: 262, 2811, 2812, 2815, 2821, 2825, 2829, 2892, 2896, 2904, 2913, 2975, 3080, 6903, 6907, 6914, 8467, 8898, 10345, 10359, 10370, 10375, 10621, 10635, 10637, 10640, 10652, 10659, 10662, 10682, 10699, 10717, 10762, 
rel: 1 k: 11 rho: 5.93454 maxRV: 2811, 2815, 2892, 2904, 6914, 10345, 10359, 10370, 10621, 10635, 10637, 10652, 10659, 10682, 10699, 10707, 10717, 10762, 
query: 94
Construct Successful.
query: 95
Construct Successful.
query: 96
Construct Successful.
query: 97
Construct Successful.
query: 98
Construct Successful.
query: 99
Construct Successful.
Average basic: 124.4 milliseconds
Average improve: 136.76 milliseconds
Average best: 105.22 milliseconds
Average basic+qw: 126.31 milliseconds
Average improve+qw: 138.67 milliseconds
Average best+qw: 107.13 milliseconds
Average basic+qw+sim: 539.71 milliseconds
Average improve+qw+sim: 552.07 milliseconds
Average best+qw+sim: 520.53 milliseconds
